 2 22321 NaN
 3 55 NaN
 0 22322 NaN
 1 5 272
 5 7 NaN
 3 4 328
 8 22323 NaN
 4 10 NaN
 6 22307 NaN
 11 NaN NaN
 7 11 329
 9 10 274
 13 178 NaN
 12 273 NaN
 15 22291 22442
 14 175 NaN
 22442 NaN NaN
 18 19 22309
 17 275 NaN
 17 22324 NaN
 22 278 NaN
 22 58 NaN
 20 21 330
 24 25 22311
 23 279 NaN
 23 22326 NaN
 28 282 NaN
 28 64 NaN
 26 27 332
 30 31 22283
 29 97 NaN
 29 22452 NaN
 34 100 NaN
 34 355 NaN
 32 33 399
 36 78 NaN
 35 39 401
 38 22285 22460
 37 75 NaN
 36 359 NaN
 41 42 22305
 40 105 NaN
 40 22456 NaN
 45 108 NaN
 45 391 NaN
 43 44 403
 47 112 NaN
 46 50 405
 49 22289 22463
 48 109 NaN
 47 367 NaN
 53 22358 NaN
 54 NaN NaN
 51 22320 NaN
 52 56 269
 1 56 NaN
 54 55 271
 59 22325 NaN
 21 60 NaN
 57 22407 NaN
 58 62 331
 62 114 NaN
 60 61 370
 65 22327 NaN
 27 66 NaN
 63 22360 NaN
 64 68 333
 68 92 NaN
 66 67 372
 70 71 22299
 69 125 NaN
 69 22450 NaN
 74 128 NaN
 74 351 NaN
 72 73 397
 38 76 22315
 75 129 NaN
 78 132 NaN
 35 77 411
 80 81 22301
 79 133 NaN
 79 22461 NaN
 84 136 NaN
 84 383 NaN
 82 83 413
 86 87 22303
 85 101 NaN
 85 22454 NaN
 90 104 NaN
 90 387 NaN
 88 89 415
 93 22361 NaN
 67 94 NaN
 91 22409 NaN
 92 96 373
 96 120 NaN
 94 95 394
 30 98 22313
 97 179 NaN
 100 182 NaN
 32 99 425
 86 22335 NaN
 103 NaN NaN
 102 104 190
 88 103 427
 41 106 22317
 105 191 NaN
 108 194 NaN
 43 107 429
 49 110 22319
 109 137 NaN
 112 140 NaN
 46 111 431
 115 22408 NaN
 61 116 NaN
 113 22425 NaN
 114 118 371
 118 176 NaN
 116 117 407
 121 22410 NaN
 95 122 NaN
 119 22443 NaN
 120 124 395
 124 276 NaN
 122 123 409
 70 22329 NaN
 127 NaN NaN
 126 128 311
 72 127 447
 76 22331 NaN
 131 NaN NaN
 130 132 319
 77 131 437
 80 22333 NaN
 135 NaN NaN
 134 136 186
 82 135 439
 110 22373 NaN
 139 NaN NaN
 138 140 327
 111 139 441
 22343 NaN NaN
 144 NaN NaN
 145 NaN NaN
 142 146 150
 143 146 NaN
 144 145 467
 22345 NaN NaN
 149 NaN NaN
 148 150 154
 144 149 468
 22347 NaN NaN
 153 NaN NaN
 152 154 158
 149 153 470
 22349 NaN NaN
 157 NaN NaN
 156 158 162
 153 157 472
 22351 NaN NaN
 161 NaN NaN
 160 162 166
 157 161 474
 22353 NaN NaN
 165 NaN NaN
 164 166 170
 161 165 476
 22355 NaN NaN
 169 NaN NaN
 168 170 174
 165 169 478
 22357 NaN NaN
 173 NaN NaN
 172 174 270
 169 173 480
 15 22426 NaN
 117 177 NaN
 176 178 408
 12 177 419
 98 22366 NaN
 181 NaN NaN
 180 182 315
 99 181 450
 22422 NaN NaN
 185 358 NaN
 184 186 361
 135 185 452
 22369 NaN NaN
 189 NaN NaN
 188 190 365
 103 189 454
 106 22371 NaN
 193 NaN NaN
 192 194 323
 107 193 456
 197 22338 NaN
 198 NaN NaN
 195 22375 NaN
 196 200 205
 201 366 NaN
 198 201 459
 199 200 369
 22340 NaN NaN
 204 NaN NaN
 203 205 209
 198 204 458
 22377 NaN NaN
 208 NaN NaN
 207 209 213
 204 208 461
 22379 NaN NaN
 212 NaN NaN
 211 213 217
 208 212 463
 22381 NaN NaN
 216 NaN NaN
 215 217 221
 212 216 498
 22383 NaN NaN
 220 NaN NaN
 219 221 225
 216 220 500
 22385 NaN NaN
 224 NaN NaN
 223 225 229
 220 224 502
 22387 NaN NaN
 228 NaN NaN
 227 229 233
 224 228 504
 22389 NaN NaN
 232 NaN NaN
 231 233 237
 228 232 506
 22391 NaN NaN
 236 NaN NaN
 235 237 241
 232 236 508
 22393 NaN NaN
 240 NaN NaN
 239 241 245
 236 240 510
 22395 NaN NaN
 244 NaN NaN
 243 245 249
 240 244 512
 22397 NaN NaN
 248 NaN NaN
 247 249 253
 244 248 514
 22399 NaN NaN
 252 NaN NaN
 251 253 257
 248 252 516
 22401 NaN NaN
 256 NaN NaN
 255 257 261
 252 256 518
 22403 NaN NaN
 260 NaN NaN
 259 261 265
 256 260 520
 22405 NaN NaN
 264 NaN NaN
 263 265 267
 260 264 522
 22406 NaN NaN
 264 465 NaN
 22359 NaN NaN
 54 270 417
 173 269 482
 56 272 418
 3 271 433
 13 274 420
 11 273 436
 18 22444 NaN
 123 277 NaN
 276 278 410
 20 277 421
 24 22428 NaN
 281 287 NaN
 280 282 396
 26 281 423
 285 22430 NaN
 286 374 NaN
 283 22427 NaN
 284 288 377
 280 289 NaN
 286 289 551
 287 288 396
 22413 NaN NaN
 293 NaN NaN
 294 NaN NaN
 291 295 341
 292 295 298
 293 294 528
 22414 NaN NaN
 299 NaN NaN
 294 299 527
 297 298 303
 22363 NaN NaN
 302 NaN NaN
 301 303 345
 299 302 530
 22416 NaN NaN
 307 346 NaN
 308 NaN NaN
 305 309 349
 306 309 311
 307 308 532
 22365 NaN NaN
 127 308 488
 22418 NaN NaN
 314 350 NaN
 313 315 353
 181 314 491
 22420 NaN NaN
 318 354 NaN
 317 319 357
 131 318 492
 22439 NaN NaN
 322 386 NaN
 321 323 389
 193 322 494
 22424 NaN NaN
 326 390 NaN
 325 327 393
 139 326 496
 5 329 434
 10 328 435
 22 331 422
 60 330 443
 28 333 424
 66 332 445
 335 337 NaN
 334 336 NaN
 335 339 341
 334 338 378
 337 339 379
 336 338 555
 22433 NaN NaN
 293 336 557
 22458 NaN NaN
 344 380 NaN
 343 345 381
 302 344 560
 305 347 NaN
 346 348 380
 347 349 381
 307 348 564
 313 351 NaN
 73 350 352
 351 353 398
 314 352 567
 317 355 NaN
 33 354 356
 355 357 400
 318 356 534
 184 359 NaN
 39 358 360
 359 361 402
 185 360 536
 22437 NaN NaN
 364 382 NaN
 363 365 385
 189 364 538
 199 367 NaN
 50 366 368
 367 369 406
 201 368 540
 62 371 444
 116 370 484
 68 373 446
 94 372 486
 284 375 NaN
 374 376 378
 375 377 379
 286 376 550
 337 375 NaN
 338 376 553
 343 347 NaN
 344 348 562
 363 383 NaN
 83 382 384
 383 385 414
 364 384 569
 321 387 NaN
 89 386 388
 387 389 416
 322 388 571
 325 391 NaN
 44 390 392
 391 393 404
 326 392 573
 96 395 487
 122 394 525
 281 289 547
 74 398 448
 352 397 586
 34 400 426
 356 399 588
 36 402 412
 360 401 590
 45 404 430
 392 403 592
 47 406 432
 368 405 594
 118 408 485
 177 407 543
 124 410 526
 277 409 545
 78 412 438
 401 411 601
 84 414 440
 384 413 603
 90 416 428
 388 415 605
 269 418 542
 271 417 575
 178 420 544
 273 419 580
 278 422 546
 330 421 581
 282 424 548
 332 423 583
 100 426 451
 399 425 611
 104 428 455
 415 427 623
 108 430 457
 403 429 613
 112 432 442
 405 431 607
 272 434 576
 328 433 577
 329 436 578
 274 435 579
 132 438 493
 411 437 619
 136 440 453
 413 439 621
 140 442 497
 431 441 625
 331 444 582
 370 443 596
 333 446 584
 372 445 598
 128 449 489
 397 449 600
 447 448 727
 182 451 490
 425 450 629
 186 453 537
 439 452 647
 190 455 539
 427 454 631
 194 457 495
 429 456 633
 205 460 462
 200 460 541
 458 459 652
 209 462 464
 458 461 651
 213 464 499
 461 463 654
 267 524 NaN
 467 658 NaN
 146 466 469
 150 469 471
 467 468 659
 154 471 473
 468 470 661
 158 473 475
 470 472 663
 162 475 477
 472 474 665
 166 477 479
 474 476 667
 170 479 481
 476 478 669
 174 481 483
 478 480 671
 270 483 542
 480 482 673
 371 485 597
 407 484 615
 373 487 599
 394 486 609
 311 489 533
 447 488 725
 450 491 679
 315 490 568
 319 493 535
 437 492 645
 323 495 572
 456 494 687
 327 497 574
 441 496 649
 217 499 501
 463 498 656
 221 501 503
 498 500 691
 225 503 505
 500 502 693
 229 505 507
 502 504 695
 233 507 509
 504 506 697
 237 509 511
 506 508 699
 241 511 513
 508 510 701
 245 513 515
 510 512 703
 249 515 517
 512 514 705
 253 517 519
 514 516 707
 257 519 521
 516 518 709
 261 521 523
 518 520 711
 265 523 524
 520 522 713
 465 522 715
 395 526 610
 409 525 617
 298 529 531
 295 529 559
 527 528 754
 303 531 561
 527 530 756
 309 533 566
 488 532 722
 357 535 589
 492 534 681
 361 537 591
 452 536 683
 365 539 570
 454 538 685
 369 541 595
 459 540 689
 417 482 627
 408 544 616
 419 543 639
 410 546 618
 421 545 641
 396 549 585
 423 549 643
 547 548 742
 377 552 554
 288 552 585
 550 551 744
 379 554 556
 550 553 746
 339 556 558
 553 555 748
 341 558 559
 555 557 750
 528 557 752
 345 561 563
 530 560 758
 381 563 565
 560 562 760
 349 565 566
 562 564 762
 532 564 723
 353 568 587
 491 567 730
 385 570 604
 538 569 773
 389 572 606
 494 571 731
 393 574 593
 496 573 733
 418 576 628
 433 575 635
 434 578 636
 435 577 637
 436 580 638
 420 579 640
 422 582 642
 443 581 675
 424 584 644
 445 583 677
 547 551 741
 398 587 600
 567 586 767
 400 589 612
 534 588 769
 402 591 602
 536 590 771
 404 593 614
 573 592 775
 406 595 608
 540 594 735
 444 597 676
 484 596 718
 446 599 678
 486 598 720
 448 586 765
 412 602 620
 590 601 783
 414 604 622
 569 603 785
 416 606 624
 571 605 787
 432 608 626
 594 607 789
 487 610 721
 525 609 739
 426 612 630
 588 611 795
 430 614 634
 592 613 797
 485 616 719
 543 615 777
 526 618 740
 545 617 779
 438 620 646
 601 619 805
 440 622 648
 603 621 807
 428 624 632
 605 623 809
 442 626 650
 607 625 811
 542 628 737
 575 627 791
 451 630 680
 611 629 817
 455 632 686
 623 631 819
 457 634 688
 613 633 821
 576 636 792
 577 635 793
 578 638 794
 579 637 799
 544 640 778
 580 639 800
 546 642 780
 581 641 801
 548 644 781
 583 643 803
 493 646 682
 619 645 827
 453 648 684
 621 647 829
 497 650 734
 625 649 831
 462 653 655
 460 653 690
 651 652 847
 464 655 657
 651 654 850
 499 657 692
 654 656 852
 466 660 NaN
 469 660 662
 658 659 858
 471 662 664
 659 661 859
 473 664 666
 661 663 861
 475 666 668
 663 665 863
 477 668 670
 665 667 865
 479 670 672
 667 669 867
 481 672 674
 669 671 869
 483 674 738
 671 673 871
 582 676 802
 596 675 813
 584 678 804
 598 677 816
 490 680 729
 629 679 837
 535 682 770
 645 681 839
 537 684 772
 647 683 841
 539 686 774
 631 685 843
 495 688 732
 633 687 845
 541 690 736
 652 689 848
 501 692 694
 656 691 854
 503 694 696
 691 693 881
 505 696 698
 693 695 883
 507 698 700
 695 697 885
 509 700 702
 697 699 887
 511 702 704
 699 701 889
 513 704 706
 701 703 891
 515 706 708
 703 705 893
 517 708 710
 705 707 895
 519 710 712
 707 709 897
 521 712 714
 709 711 899
 523 714 716
 711 713 901
 524 716 717
 713 715 903
 715 856 NaN
 597 719 814
 615 718 823
 599 721 815
 609 720 825
 533 724 726
 566 724 764
 722 723 917
 489 726 728
 722 725 916
 449 728 766
 725 727 919
 679 730 921
 568 729 768
 572 732 788
 687 731 877
 574 734 776
 649 733 879
 595 736 790
 689 735 933
 627 738 833
 673 737 872
 610 740 826
 617 739 835
 585 743 745
 549 743 781
 741 742 940
 552 745 747
 741 744 939
 554 747 749
 744 746 942
 556 749 751
 746 748 944
 558 751 753
 748 750 946
 559 753 755
 750 752 948
 529 755 757
 752 754 950
 531 757 759
 754 756 952
 561 759 761
 756 758 954
 563 761 763
 758 760 956
 565 763 764
 760 762 958
 723 762 960
 600 766 782
 727 765 963
 587 768 782
 730 767 922
 589 770 796
 681 769 925
 591 772 784
 683 771 927
 570 774 786
 685 773 929
 593 776 798
 733 775 931
 616 778 824
 639 777 909
 618 780 836
 641 779 875
 643 742 914
 765 767 965
 602 784 806
 771 783 981
 604 786 808
 773 785 970
 606 788 810
 731 787 972
 608 790 812
 735 789 974
 628 792 834
 635 791 873
 636 794 874
 637 793 907
 612 796 818
 769 795 968
 614 798 822
 775 797 983
 638 800 908
 640 799 910
 642 802 876
 675 801 912
 644 804 915
 677 803 937
 620 806 828
 783 805 993
 622 808 830
 785 807 995
 624 810 820
 787 809 997
 626 812 832
 789 811 999
 676 814 913
 718 813 976
 720 816 935
 678 815 938
 630 818 838
 795 817 991
 632 820 844
 809 819 1003
 634 822 846
 797 821 1005
 719 824 977
 777 823 987
 721 826 936
 739 825 978
 646 828 840
 805 827 1015
 648 830 842
 807 829 1017
 650 832 880
 811 831 1019
 737 834 986
 791 833 1001
 740 836 979
 779 835 989
 680 838 924
 817 837 1038
 682 840 926
 827 839 1041
 684 842 928
 829 841 1025
 686 844 930
 819 843 1027
 688 846 878
 821 845 1029
 653 849 851
 690 849 934
 847 848 1047
 655 851 853
 847 850 1031
 657 853 855
 850 852 1032
 692 855 882
 852 854 1049
 717 905 NaN
 858 1051 NaN
 660 857 860
 662 860 862
 858 859 1052
 664 862 864
 859 861 1054
 666 864 866
 861 863 1056
 668 866 868
 863 865 1058
 670 868 870
 865 867 1060
 672 870 906
 867 869 1062
 674 872 906
 738 871 985
 792 874 1002
 793 873 1007
 780 876 990
 801 875 1011
 732 878 973
 845 877 1043
 734 880 932
 831 879 1045
 694 882 884
 854 881 1084
 696 884 886
 881 883 1086
 698 886 888
 883 885 1088
 700 888 890
 885 887 1090
 702 890 892
 887 889 1092
 704 892 894
 889 891 1094
 706 894 896
 891 893 1096
 708 896 898
 893 895 1098
 710 898 900
 895 897 1100
 712 900 902
 897 899 1102
 714 902 904
 899 901 1104
 716 904 905
 901 903 1106
 856 903 1108
 869 871 1064
 794 908 1008
 799 907 1009
 778 911 988
 800 911 1010
 909 910 1068
 802 913 1012
 813 912 1021
 781 915 980
 803 914 1013
 726 918 920
 724 918 962
 916 917 1117
 728 920 964
 916 919 1118
 729 923 924
 768 923 967
 921 922 1121
 837 921 1072
 770 926 969
 839 925 1074
 772 928 982
 841 927 1076
 774 930 971
 843 929 1078
 776 932 984
 879 931 1080
 736 934 975
 848 933 1082
 815 936 1024
 825 935 1036
 804 938 1014
 816 937 1023
 745 941 943
 743 941 980
 939 940 1135
 747 943 945
 939 942 1137
 749 945 947
 942 944 1139
 751 947 949
 944 946 1141
 753 949 951
 946 948 1143
 755 951 953
 948 950 1145
 757 953 955
 950 952 1147
 759 955 957
 952 954 1149
 761 957 959
 954 956 1151
 763 959 961
 956 958 1153
 764 961 962
 958 960 1155
 917 960 1157
 766 964 966
 919 963 1160
 782 966 967
 963 965 1162
 922 965 1164
 796 969 992
 925 968 1122
 786 971 996
 929 970 1124
 788 973 998
 877 972 1126
 790 975 1000
 933 974 1128
 814 977 1022
 823 976 1034
 826 979 1037
 835 978 1070
 914 940 1132
 784 982 994
 927 981 1167
 798 984 1006
 931 983 1169
 872 986 1066
 833 985 1111
 824 988 1035
 909 987 1069
 836 990 1071
 875 989 1115
 818 992 1039
 968 991 1175
 806 994 1016
 981 993 1177
 808 996 1018
 970 995 1179
 810 998 1004
 972 997 1181
 812 1000 1020
 974 999 1183
 834 1002 1112
 873 1001 1113
 820 1004 1028
 997 1003 1192
 822 1006 1030
 983 1005 1194
 874 1008 1114
 907 1007 1130
 908 1010 1131
 910 1009 1185
 876 1012 1116
 912 1011 1171
 915 1014 1133
 937 1013 1173
 828 1016 1042
 993 1015 1202
 830 1018 1026
 995 1017 1204
 832 1020 1046
 999 1019 1206
 913 1022 1172
 976 1021 1187
 938 1024 1174
 935 1023 1190
 842 1026 1077
 1017 1025 1212
 844 1028 1079
 1003 1027 1214
 846 1030 1044
 1005 1029 1216
 851 1033 1048
 853 1033 1050
 1031 1032 1218
 977 1035 1188
 987 1034 1199
 936 1037 1189
 978 1036 1200
 838 1040 1073
 991 1040 1191
 1038 1039 1311
 840 1042 1075
 1015 1041 1224
 878 1044 1127
 1029 1043 1226
 880 1046 1081
 1019 1045 1228
 849 1048 1083
 1031 1047 1230
 855 1050 1085
 1032 1049 1219
 857 1053 NaN
 860 1053 1055
 1051 1052 1248
 862 1055 1057
 1052 1054 1249
 864 1057 1059
 1054 1056 1251
 866 1059 1061
 1056 1058 1253
 868 1061 1063
 1058 1060 1255
 870 1063 1065
 1060 1062 1257
 906 1065 1067
 1062 1064 1259
 985 1067 1196
 1064 1066 1261
 911 1069 1186
 988 1068 1198
 979 1071 1201
 989 1070 1210
 924 1073 1120
 1038 1072 1310
 926 1075 1123
 1041 1074 1236
 928 1077 1168
 1025 1076 1238
 930 1079 1125
 1027 1078 1240
 932 1081 1170
 1045 1080 1242
 934 1083 1129
 1047 1082 1244
 882 1085 1087
 1049 1084 1274
 884 1087 1089
 1084 1086 1273
 886 1089 1091
 1086 1088 1276
 888 1091 1093
 1088 1090 1278
 890 1093 1095
 1090 1092 1280
 892 1095 1097
 1092 1094 1282
 894 1097 1099
 1094 1096 1284
 896 1099 1101
 1096 1098 1286
 898 1101 1103
 1098 1100 1288
 900 1103 1105
 1100 1102 1290
 902 1105 1107
 1102 1104 1292
 904 1107 1109
 1104 1106 1294
 905 1109 1110
 1106 1108 1296
 1108 1246 NaN
 986 1112 1197
 1001 1111 1208
 1002 1114 1209
 1007 1113 1220
 990 1116 1211
 1011 1115 1222
 918 1119 1159
 920 1119 1161
 1117 1118 1352
 1072 1121 1306
 923 1120 1166
 969 1123 1176
 1074 1122 1313
 971 1125 1180
 1078 1124 1269
 973 1127 1182
 1043 1126 1271
 975 1129 1184
 1082 1128 1319
 1008 1131 1221
 1009 1130 1232
 980 1134 1136
 1013 1134 1234
 1132 1133 1326
 941 1136 1138
 1132 1135 1325
 943 1138 1140
 1135 1137 1328
 945 1140 1142
 1137 1139 1330
 947 1142 1144
 1139 1141 1332
 949 1144 1146
 1141 1143 1334
 951 1146 1148
 1143 1145 1336
 953 1148 1150
 1145 1147 1338
 955 1150 1152
 1147 1149 1340
 957 1152 1154
 1149 1151 1342
 959 1154 1156
 1151 1153 1344
 961 1156 1158
 1153 1155 1346
 962 1158 1159
 1155 1157 1348
 1117 1157 1350
 964 1161 1163
 1118 1160 1354
 966 1163 1165
 1160 1162 1356
 967 1165 1166
 1162 1164 1358
 1121 1164 1307
 982 1168 1178
 1076 1167 1315
 984 1170 1195
 1080 1169 1317
 1012 1172 1223
 1021 1171 1263
 1014 1174 1235
 1023 1173 1268
 992 1176 1191
 1122 1175 1363
 994 1178 1203
 1167 1177 1365
 996 1180 1205
 1124 1179 1367
 998 1182 1193
 1126 1181 1369
 1000 1184 1207
 1128 1183 1371
 1010 1186 1233
 1068 1185 1300
 1022 1188 1264
 1034 1187 1303
 1036 1190 1265
 1024 1189 1267
 1039 1175 1361
 1004 1193 1215
 1181 1192 1379
 1006 1195 1217
 1169 1194 1381
 1066 1197 1299
 1111 1196 1323
 1069 1199 1301
 1035 1198 1302
 1037 1201 1266
 1070 1200 1305
 1016 1203 1225
 1177 1202 1385
 1018 1205 1213
 1179 1204 1387
 1020 1207 1229
 1183 1206 1389
 1112 1209 1324
 1113 1208 1373
 1071 1211 1304
 1115 1210 1375
 1026 1213 1239
 1204 1212 1399
 1028 1215 1241
 1192 1214 1401
 1030 1217 1227
 1194 1216 1403
 1033 1219 1231
 1050 1218 1321
 1114 1221 1374
 1130 1220 1383
 1116 1223 1376
 1171 1222 1393
 1042 1225 1237
 1202 1224 1413
 1044 1227 1272
 1216 1226 1415
 1046 1229 1243
 1206 1228 1417
 1048 1231 1245
 1218 1230 1419
 1131 1233 1384
 1185 1232 1391
 1133 1235 1377
 1173 1234 1398
 1075 1237 1314
 1224 1236 1423
 1077 1239 1316
 1212 1238 1425
 1079 1241 1270
 1214 1240 1427
 1081 1243 1318
 1228 1242 1429
 1083 1245 1320
 1230 1244 1439
 1110 1298 NaN
 1248 1446 NaN
 1053 1247 1250
 1055 1250 1252
 1248 1249 1447
 1057 1252 1254
 1249 1251 1449
 1059 1254 1256
 1251 1253 1451
 1061 1256 1258
 1253 1255 1453
 1063 1258 1260
 1255 1257 1455
 1065 1260 1262
 1257 1259 1457
 1067 1262 1299
 1259 1261 1459
 1172 1264 1394
 1187 1263 1408
 1189 1266 1396
 1200 1265 1412
 1190 1268 1395
 1174 1267 1397
 1125 1270 1368
 1240 1269 1435
 1127 1272 1370
 1226 1271 1437
 1087 1275 1277
 1085 1275 1322
 1273 1274 1472
 1089 1277 1279
 1273 1276 1471
 1091 1279 1281
 1276 1278 1442
 1093 1281 1283
 1278 1280 1441
 1095 1283 1285
 1280 1282 1444
 1097 1285 1287
 1282 1284 1475
 1099 1287 1289
 1284 1286 1477
 1101 1289 1291
 1286 1288 1479
 1103 1291 1293
 1288 1290 1481
 1105 1293 1295
 1290 1292 1483
 1107 1295 1297
 1292 1294 1485
 1109 1297 1298
 1294 1296 1487
 1246 1296 1489
 1196 1261 1421
 1186 1301 1392
 1198 1300 1405
 1199 1303 1406
 1188 1302 1407
 1210 1305 1409
 1201 1304 1411
 1120 1308 1309
 1166 1308 1360
 1306 1307 1499
 1306 1310 1502
 1073 1309 1312
 1040 1312 1362
 1310 1311 1505
 1123 1314 1364
 1236 1313 1463
 1168 1316 1366
 1238 1315 1465
 1170 1318 1382
 1242 1317 1467
 1129 1320 1372
 1244 1319 1469
 1219 1322 1420
 1274 1321 1514
 1197 1324 1422
 1208 1323 1431
 1136 1327 1329
 1134 1327 1377
 1325 1326 1528
 1138 1329 1331
 1325 1328 1530
 1140 1331 1333
 1328 1330 1532
 1142 1333 1335
 1330 1332 1534
 1144 1335 1337
 1332 1334 1536
 1146 1337 1339
 1334 1336 1538
 1148 1339 1341
 1336 1338 1540
 1150 1341 1343
 1338 1340 1542
 1152 1343 1345
 1340 1342 1544
 1154 1345 1347
 1342 1344 1546
 1156 1347 1349
 1344 1346 1548
 1158 1349 1351
 1346 1348 1550
 1159 1351 1353
 1348 1350 1552
 1119 1353 1355
 1350 1352 1554
 1161 1355 1357
 1352 1354 1556
 1163 1357 1359
 1354 1356 1558
 1165 1359 1360
 1356 1358 1560
 1307 1358 1500
 1191 1362 1378
 1311 1361 1563
 1176 1364 1378
 1313 1363 1567
 1178 1366 1386
 1315 1365 1506
 1180 1368 1388
 1269 1367 1508
 1182 1370 1380
 1271 1369 1510
 1184 1372 1390
 1319 1371 1512
 1209 1374 1432
 1220 1373 1433
 1211 1376 1410
 1222 1375 1461
 1234 1326 1496
 1361 1363 1565
 1193 1380 1402
 1369 1379 1570
 1195 1382 1404
 1317 1381 1572
 1221 1384 1434
 1232 1383 1492
 1203 1386 1414
 1365 1385 1578
 1205 1388 1400
 1367 1387 1580
 1207 1390 1418
 1371 1389 1582
 1233 1392 1493
 1300 1391 1518
 1223 1394 1462
 1263 1393 1523
 1267 1396 1495
 1265 1395 1527
 1268 1398 1494
 1235 1397 1497
 1213 1400 1426
 1387 1399 1586
 1215 1402 1428
 1379 1401 1588
 1217 1404 1416
 1381 1403 1590
 1301 1406 1519
 1302 1405 1520
 1303 1408 1521
 1264 1407 1522
 1304 1410 1524
 1375 1409 1576
 1305 1412 1525
 1266 1411 1526
 1225 1414 1424
 1385 1413 1596
 1227 1416 1438
 1403 1415 1598
 1229 1418 1430
 1389 1417 1600
 1231 1420 1440
 1321 1419 1592
 1299 1422 1517
 1323 1421 1574
 1237 1424 1464
 1413 1423 1606
 1239 1426 1466
 1399 1425 1608
 1241 1428 1436
 1401 1427 1610
 1243 1430 1468
 1417 1429 1612
 1324 1432 1575
 1373 1431 1584
 1374 1434 1585
 1383 1433 1594
 1270 1436 1509
 1427 1435 1628
 1272 1438 1511
 1415 1437 1630
 1245 1440 1470
 1419 1439 1614
 1281 1443 1445
 1279 1443 1474
 1441 1442 1644
 1283 1445 1476
 1441 1444 1647
 1247 1448 NaN
 1250 1448 1450
 1446 1447 1653
 1252 1450 1452
 1447 1449 1654
 1254 1452 1454
 1449 1451 1656
 1256 1454 1456
 1451 1453 1658
 1258 1456 1458
 1453 1455 1660
 1260 1458 1460
 1455 1457 1661
 1262 1460 1516
 1457 1459 1632
 1376 1462 1577
 1393 1461 1621
 1314 1464 1569
 1423 1463 1636
 1316 1466 1507
 1425 1465 1638
 1318 1468 1573
 1429 1467 1640
 1320 1470 1513
 1439 1469 1642
 1277 1473 1474
 1275 1473 1515
 1471 1472 1671
 1442 1471 1645
 1285 1476 1478
 1444 1475 1649
 1287 1478 1480
 1475 1477 1673
 1289 1480 1482
 1477 1479 1675
 1291 1482 1484
 1479 1481 1677
 1293 1484 1486
 1481 1483 1679
 1295 1486 1488
 1483 1485 1681
 1297 1488 1490
 1485 1487 1683
 1298 1490 1491
 1487 1489 1685
 1489 1651 NaN
 1384 1493 1595
 1391 1492 1602
 1397 1495 1605
 1395 1494 1627
 1377 1498 1529
 1398 1498 1604
 1496 1497 1712
 1308 1501 1503
 1360 1501 1562
 1499 1500 1694
 1309 1503 1504
 1499 1502 1693
 1502 1505 1696
 1312 1504 1564
 1366 1507 1579
 1465 1506 1665
 1368 1509 1581
 1435 1508 1667
 1370 1511 1571
 1437 1510 1669
 1372 1513 1583
 1469 1512 1706
 1322 1515 1593
 1472 1514 1708
 1459 1517 1633
 1421 1516 1634
 1392 1519 1603
 1405 1518 1616
 1406 1521 1617
 1407 1520 1618
 1408 1523 1619
 1394 1522 1620
 1409 1525 1623
 1411 1524 1624
 1412 1527 1625
 1396 1526 1626
 1327 1529 1531
 1496 1528 1714
 1329 1531 1533
 1528 1530 1716
 1331 1533 1535
 1530 1532 1718
 1333 1535 1537
 1532 1534 1720
 1335 1537 1539
 1534 1536 1722
 1337 1539 1541
 1536 1538 1724
 1339 1541 1543
 1538 1540 1726
 1341 1543 1545
 1540 1542 1728
 1343 1545 1547
 1542 1544 1730
 1345 1547 1549
 1544 1546 1732
 1347 1549 1551
 1546 1548 1734
 1349 1551 1553
 1548 1550 1736
 1351 1553 1555
 1550 1552 1738
 1353 1555 1557
 1552 1554 1740
 1355 1557 1559
 1554 1556 1742
 1357 1559 1561
 1556 1558 1744
 1359 1561 1562
 1558 1560 1746
 1500 1560 1748
 1362 1564 1566
 1505 1563 1698
 1378 1566 1568
 1563 1565 1751
 1364 1568 1569
 1565 1567 1753
 1463 1567 1700
 1380 1571 1589
 1510 1570 1702
 1382 1573 1591
 1467 1572 1704
 1422 1575 1635
 1431 1574 1663
 1410 1577 1622
 1461 1576 1770
 1386 1579 1597
 1506 1578 1756
 1388 1581 1587
 1508 1580 1758
 1390 1583 1601
 1512 1582 1760
 1432 1585 1664
 1433 1584 1691
 1400 1587 1609
 1580 1586 1780
 1402 1589 1611
 1570 1588 1782
 1404 1591 1599
 1572 1590 1784
 1420 1593 1615
 1514 1592 1762
 1434 1595 1692
 1492 1594 1710
 1414 1597 1607
 1578 1596 1788
 1416 1599 1631
 1590 1598 1790
 1418 1601 1613
 1582 1600 1792
 1493 1603 1711
 1518 1602 1764
 1497 1605 1713
 1494 1604 1779
 1424 1607 1637
 1596 1606 1796
 1426 1609 1639
 1586 1608 1798
 1428 1611 1629
 1588 1610 1800
 1430 1613 1641
 1600 1612 1802
 1440 1615 1643
 1592 1614 1804
 1519 1617 1765
 1520 1616 1766
 1521 1619 1767
 1522 1618 1768
 1523 1621 1769
 1462 1620 1771
 1576 1623 1773
 1524 1622 1774
 1525 1625 1775
 1526 1624 1776
 1527 1627 1777
 1495 1626 1778
 1436 1629 1668
 1610 1628 1816
 1438 1631 1670
 1598 1630 1808
 1460 1633 1690
 1516 1632 1786
 1517 1635 1787
 1574 1634 1794
 1464 1637 1701
 1606 1636 1812
 1466 1639 1666
 1608 1638 1814
 1468 1641 1705
 1612 1640 1818
 1470 1643 1707
 1614 1642 1820
 1443 1646 1648
 1474 1646 1672
 1644 1645 1840
 1445 1648 1650
 1644 1647 1843
 1476 1650 1674
 1647 1649 1845
 1491 1687 NaN
 1653 1847 NaN
 1448 1652 1655
 1450 1655 1657
 1653 1654 1848
 1452 1657 1659
 1654 1656 1850
 1454 1659 1688
 1656 1658 1852
 1456 1662 1688
 1458 1662 1689
 1660 1661 1822
 1575 1664 1795
 1584 1663 1806
 1507 1666 1757
 1638 1665 1834
 1509 1668 1759
 1628 1667 1836
 1511 1670 1703
 1630 1669 1838
 1473 1672 1709
 1645 1671 1841
 1478 1674 1676
 1649 1673 1875
 1480 1676 1678
 1673 1675 1877
 1482 1678 1680
 1675 1677 1879
 1484 1680 1682
 1677 1679 1881
 1486 1682 1684
 1679 1681 1883
 1488 1684 1686
 1681 1683 1885
 1490 1686 1687
 1683 1685 1887
 1651 1685 1889
 1658 1660 1853
 1661 1690 1823
 1632 1689 1855
 1585 1692 1807
 1594 1691 1810
 1503 1695 1697
 1501 1695 1750
 1693 1694 1896
 1504 1697 1699
 1693 1696 1899
 1564 1699 1752
 1696 1698 1902
 1569 1701 1755
 1636 1700 1865
 1571 1703 1783
 1669 1702 1867
 1573 1705 1785
 1640 1704 1869
 1513 1707 1761
 1642 1706 1871
 1515 1709 1763
 1671 1708 1873
 1595 1711 1811
 1602 1710 1824
 1498 1713 1715
 1604 1712 1863
 1529 1715 1717
 1712 1714 1914
 1531 1717 1719
 1714 1716 1916
 1533 1719 1721
 1716 1718 1918
 1535 1721 1723
 1718 1720 1920
 1537 1723 1725
 1720 1722 1922
 1539 1725 1727
 1722 1724 1924
 1541 1727 1729
 1724 1726 1926
 1543 1729 1731
 1726 1728 1928
 1545 1731 1733
 1728 1730 1930
 1547 1733 1735
 1730 1732 1932
 1549 1735 1737
 1732 1734 1934
 1551 1737 1739
 1734 1736 1936
 1553 1739 1741
 1736 1738 1938
 1555 1741 1743
 1738 1740 1940
 1557 1743 1745
 1740 1742 1942
 1559 1745 1747
 1742 1744 1944
 1561 1747 1749
 1744 1746 1946
 1562 1749 1750
 1746 1748 1948
 1694 1748 1897
 1566 1752 1754
 1698 1751 1951
 1568 1754 1755
 1751 1753 1953
 1700 1753 1903
 1579 1757 1789
 1665 1756 1906
 1581 1759 1781
 1667 1758 1908
 1583 1761 1793
 1706 1760 1910
 1593 1763 1805
 1708 1762 1960
 1603 1765 1825
 1616 1764 1826
 1617 1767 1827
 1618 1766 1859
 1619 1769 1860
 1620 1768 1861
 1577 1772 1773
 1621 1772 1862
 1770 1771 1964
 1622 1770 1828
 1623 1775 1829
 1624 1774 1830
 1625 1777 1831
 1626 1776 1832
 1627 1779 1833
 1605 1778 1864
 1587 1781 1799
 1758 1780 1968
 1589 1783 1801
 1702 1782 1956
 1591 1785 1791
 1704 1784 1958
 1633 1787 1856
 1634 1786 1857
 1597 1789 1797
 1756 1788 1966
 1599 1791 1809
 1784 1790 1970
 1601 1793 1803
 1760 1792 1972
 1635 1795 1858
 1663 1794 1894
 1607 1797 1813
 1788 1796 1978
 1609 1799 1815
 1780 1798 1980
 1611 1801 1817
 1782 1800 1982
 1613 1803 1819
 1792 1802 2000
 1615 1805 1821
 1762 1804 1984
 1664 1807 1895
 1691 1806 1912
 1631 1809 1839
 1790 1808 1998
 1692 1811 1913
 1710 1810 1962
 1637 1813 1866
 1796 1812 2006
 1639 1815 1835
 1798 1814 2008
 1629 1817 1837
 1800 1816 2010
 1641 1819 1870
 1802 1818 2012
 1643 1821 1872
 1804 1820 2014
 1662 1823 1893
 1689 1822 1986
 1711 1825 1963
 1764 1824 1974
 1765 1827 1975
 1766 1826 1990
 1773 1829 1965
 1774 1828 1976
 1775 1831 1977
 1776 1830 1994
 1777 1833 1995
 1778 1832 1996
 1666 1835 1907
 1814 1834 2020
 1668 1837 1909
 1816 1836 2022
 1670 1839 1868
 1808 1838 2024
 1646 1842 1844
 1672 1842 1874
 1840 1841 2034
 1648 1844 1846
 1840 1843 2037
 1650 1846 1876
 1843 1845 2039
 1652 1849 NaN
 1655 1849 1851
 1847 1848 2043
 1657 1851 1892
 1848 1850 2044
 1659 1854 1892
 1688 1854 1893
 1852 1853 2047
 1690 1856 1987
 1786 1855 1988
 1787 1858 1989
 1794 1857 2002
 1767 1860 1991
 1768 1859 1992
 1769 1862 1993
 1771 1861 2004
 1713 1864 1915
 1779 1863 1997
 1701 1866 1904
 1812 1865 2018
 1703 1868 1957
 1838 1867 2030
 1705 1870 1959
 1818 1869 2032
 1707 1872 1911
 1820 1871 2026
 1709 1874 1961
 1841 1873 2035
 1674 1876 1878
 1845 1875 2063
 1676 1878 1880
 1875 1877 2065
 1678 1880 1882
 1877 1879 2067
 1680 1882 1884
 1879 1881 2069
 1682 1884 1886
 1881 1883 2071
 1684 1886 1888
 1883 1885 2073
 1686 1888 1890
 1885 1887 2075
 1687 1890 1891
 1887 1889 2077
 1889 2041 NaN
 1850 1852 2046
 1822 1853 2049
 1795 1895 2003
 1806 1894 2016
 1695 1898 1900
 1750 1898 1950
 1896 1897 2095
 1697 1900 1901
 1896 1899 2094
 1899 1902 2097
 1699 1901 1952
 1755 1905 1955
 1865 1905 2055
 1903 1904 2154
 1757 1907 1967
 1834 1906 2057
 1759 1909 1969
 1836 1908 2059
 1761 1911 1973
 1871 1910 2061
 1807 1913 2017
 1810 1912 2028
 1715 1915 1917
 1863 1914 2091
 1717 1917 1919
 1914 1916 2113
 1719 1919 1921
 1916 1918 2115
 1721 1921 1923
 1918 1920 2117
 1723 1923 1925
 1920 1922 2119
 1725 1925 1927
 1922 1924 2121
 1727 1927 1929
 1924 1926 2123
 1729 1929 1931
 1926 1928 2125
 1731 1931 1933
 1928 1930 2127
 1733 1933 1935
 1930 1932 2129
 1735 1935 1937
 1932 1934 2131
 1737 1937 1939
 1934 1936 2133
 1739 1939 1941
 1936 1938 2135
 1741 1941 1943
 1938 1940 2137
 1743 1943 1945
 1940 1942 2139
 1745 1945 1947
 1942 1944 2141
 1747 1947 1949
 1944 1946 2143
 1749 1949 1950
 1946 1948 2145
 1897 1948 2147
 1752 1952 1954
 1902 1951 2099
 1754 1954 1955
 1951 1953 2150
 1903 1953 2152
 1783 1957 1983
 1867 1956 2101
 1785 1959 1971
 1869 1958 2103
 1763 1961 1985
 1873 1960 2105
 1811 1963 2029
 1824 1962 2051
 1772 1965 2005
 1828 1964 2053
 1789 1967 1979
 1906 1966 2157
 1781 1969 1981
 1908 1968 2159
 1791 1971 1999
 1958 1970 2161
 1793 1973 2001
 1910 1972 2163
 1825 1975 2052
 1826 1974 2083
 1829 1977 2054
 1830 1976 2087
 1797 1979 2007
 1966 1978 2167
 1799 1981 2009
 1968 1980 2169
 1801 1983 2011
 1956 1982 2171
 1805 1985 2015
 1960 1984 2173
 1823 1987 2050
 1855 1986 2081
 1856 1989 2082
 1857 1988 2109
 1827 1991 2084
 1859 1990 2085
 1860 1993 2086
 1861 1992 2111
 1831 1995 2088
 1832 1994 2089
 1833 1997 2090
 1864 1996 2092
 1809 1999 2025
 1970 1998 2179
 1803 2001 2013
 1972 2000 2181
 1858 2003 2110
 1894 2002 2165
 1862 2005 2112
 1964 2004 2177
 1813 2007 2019
 1978 2006 2187
 1815 2009 2021
 1980 2008 2189
 1817 2011 2023
 1982 2010 2191
 1819 2013 2033
 2000 2012 2193
 1821 2015 2027
 1984 2014 2195
 1895 2017 2166
 1912 2016 2175
 1866 2019 2056
 2006 2018 2219
 1835 2021 2058
 2008 2020 2221
 1837 2023 2060
 2010 2022 2207
 1839 2025 2031
 1998 2024 2209
 1872 2027 2062
 2014 2026 2211
 1913 2029 2176
 1962 2028 2183
 1868 2031 2102
 2024 2030 2223
 1870 2033 2104
 2012 2032 2225
 1842 2036 2038
 1874 2036 2106
 2034 2035 2240
 1844 2038 2040
 2034 2037 2239
 1846 2040 2064
 2037 2039 2241
 1891 2079 NaN
 2043 2273 NaN
 1849 2042 2045
 1851 2045 2080
 2043 2044 2245
 1892 2048 2080
 1854 2048 2107
 2046 2047 2247
 1893 2050 2108
 1986 2049 2197
 1963 2052 2184
 1974 2051 2199
 1965 2054 2178
 1976 2053 2185
 1904 2056 2156
 2018 2055 2231
 1907 2058 2158
 2020 2057 2233
 1909 2060 2160
 2022 2059 2235
 1911 2062 2164
 2026 2061 2237
 1876 2064 2066
 2039 2063 2243
 1878 2066 2068
 2063 2065 2257
 1880 2068 2070
 2065 2067 2259
 1882 2070 2072
 2067 2069 2261
 1884 2072 2074
 2069 2071 2263
 1886 2074 2076
 2071 2073 2265
 1888 2076 2078
 2073 2075 2267
 1890 2078 2079
 2075 2077 2269
 2041 2077 2271
 2044 2046 2246
 1987 2082 2198
 1988 2081 2213
 1975 2084 2200
 1990 2083 2201
 1991 2086 2202
 1992 2085 2217
 1977 2088 2186
 1994 2087 2203
 1995 2090 2204
 1996 2089 2205
 1915 2093 2114
 1997 2093 2206
 2091 2092 2282
 1900 2096 2098
 1898 2096 2149
 2094 2095 2285
 1901 2098 2100
 2094 2097 2284
 1952 2100 2151
 2097 2099 2345
 1957 2102 2172
 2030 2101 2251
 1959 2104 2162
 2032 2103 2253
 1961 2106 2174
 2035 2105 2255
 2047 2108 2248
 2049 2107 2275
 1989 2110 2214
 2002 2109 2215
 1993 2112 2218
 2004 2111 2229
 1917 2114 2116
 2091 2113 2281
 1919 2116 2118
 2113 2115 2307
 1921 2118 2120
 2115 2117 2309
 1923 2120 2122
 2117 2119 2311
 1925 2122 2124
 2119 2121 2313
 1927 2124 2126
 2121 2123 2315
 1929 2126 2128
 2123 2125 2317
 1931 2128 2130
 2125 2127 2319
 1933 2130 2132
 2127 2129 2321
 1935 2132 2134
 2129 2131 2323
 1937 2134 2136
 2131 2133 2325
 1939 2136 2138
 2133 2135 2327
 1941 2138 2140
 2135 2137 2329
 1943 2140 2142
 2137 2139 2331
 1945 2142 2144
 2139 2141 2333
 1947 2144 2146
 2141 2143 2335
 1949 2146 2148
 2143 2145 2337
 1950 2148 2149
 2145 2147 2339
 2095 2147 2341
 1954 2151 2153
 2099 2150 2346
 1955 2153 2155
 2150 2152 2348
 1905 2155 2156
 2152 2154 2350
 2055 2154 2287
 1967 2158 2168
 2057 2157 2289
 1969 2160 2170
 2059 2159 2291
 1971 2162 2180
 2103 2161 2293
 1973 2164 2182
 2061 2163 2295
 2003 2166 2216
 2016 2165 2227
 1979 2168 2188
 2157 2167 2353
 1981 2170 2190
 2159 2169 2355
 1983 2172 2192
 2101 2171 2357
 1985 2174 2196
 2105 2173 2359
 2017 2176 2228
 2028 2175 2249
 2005 2178 2230
 2053 2177 2279
 1999 2180 2210
 2161 2179 2369
 2001 2182 2194
 2163 2181 2371
 2029 2184 2250
 2051 2183 2277
 2054 2186 2280
 2087 2185 2303
 2007 2188 2220
 2167 2187 2377
 2009 2190 2222
 2169 2189 2379
 2011 2192 2208
 2171 2191 2381
 2013 2194 2226
 2181 2193 2383
 2015 2196 2212
 2173 2195 2385
 2050 2198 2276
 2081 2197 2299
 2052 2200 2278
 2083 2199 2301
 2084 2202 2302
 2085 2201 2365
 2088 2204 2304
 2089 2203 2305
 2090 2206 2306
 2092 2205 2367
 2023 2208 2236
 2191 2207 2391
 2025 2210 2224
 2179 2209 2393
 2027 2212 2238
 2195 2211 2395
 2082 2214 2300
 2109 2213 2363
 2110 2216 2364
 2165 2215 2373
 2086 2218 2366
 2111 2217 2375
 2019 2220 2232
 2187 2219 2401
 2021 2222 2234
 2189 2221 2403
 2031 2224 2252
 2209 2223 2421
 2033 2226 2254
 2193 2225 2405
 2166 2228 2374
 2175 2227 2387
 2112 2230 2376
 2177 2229 2389
 2056 2232 2288
 2219 2231 2415
 2058 2234 2290
 2221 2233 2417
 2060 2236 2292
 2207 2235 2419
 2062 2238 2296
 2211 2237 2423
 2038 2240 2242
 2036 2239 2256
 2040 2242 2244
 2239 2241 2437
 2064 2244 2258
 2241 2243 2440
 2045 2246 2298
 2080 2245 2361
 2048 2248 2362
 2107 2247 2397
 2176 2250 2388
 2183 2249 2399
 2102 2252 2358
 2223 2251 2433
 2104 2254 2294
 2225 2253 2435
 2106 2256 2360
 2240 2255 2438
 2066 2258 2260
 2243 2257 2458
 2068 2260 2262
 2257 2259 2460
 2070 2262 2264
 2259 2261 2462
 2072 2264 2266
 2261 2263 2464
 2074 2266 2268
 2263 2265 2466
 2076 2268 2270
 2265 2267 2468
 2078 2270 2272
 2267 2269 2470
 2079 2272 2274
 2269 2271 2472
 2042 2297 NaN
 2271 2442 NaN
 2108 2276 2398
 2197 2275 2407
 2184 2278 2400
 2199 2277 2409
 2178 2280 2390
 2185 2279 2411
 2114 2283 2308
 2093 2283 2368
 2281 2282 2481
 2098 2286 2344
 2096 2286 2343
 2284 2285 2535
 2156 2288 2352
 2231 2287 2448
 2158 2290 2354
 2233 2289 2450
 2160 2292 2356
 2235 2291 2452
 2162 2294 2370
 2253 2293 2454
 2164 2296 2372
 2237 2295 2456
 2273 2298 2443
 2245 2297 2444
 2198 2300 2408
 2213 2299 2425
 2200 2302 2410
 2201 2301 2427
 2186 2304 2412
 2203 2303 2413
 2204 2306 2414
 2205 2305 2431
 2116 2308 2310
 2281 2307 2497
 2118 2310 2312
 2307 2309 2499
 2120 2312 2314
 2309 2311 2501
 2122 2314 2316
 2311 2313 2503
 2124 2316 2318
 2313 2315 2505
 2126 2318 2320
 2315 2317 2507
 2128 2320 2322
 2317 2319 2509
 2130 2322 2324
 2319 2321 2511
 2132 2324 2326
 2321 2323 2513
 2134 2326 2328
 2323 2325 2515
 2136 2328 2330
 2325 2327 2517
 2138 2330 2332
 2327 2329 2519
 2140 2332 2334
 2329 2331 2521
 2142 2334 2336
 2331 2333 2523
 2144 2336 2338
 2333 2335 2525
 2146 2338 2340
 2335 2337 2527
 2148 2340 2342
 2337 2339 2529
 2149 2342 2343
 2339 2341 2531
 2285 2341 2533
 2284 2345 2537
 2100 2344 2347
 2151 2347 2349
 2345 2346 2539
 2153 2349 2351
 2346 2348 2541
 2155 2351 2352
 2348 2350 2543
 2287 2350 2483
 2168 2354 2378
 2289 2353 2546
 2170 2356 2380
 2291 2355 2485
 2172 2358 2382
 2251 2357 2487
 2174 2360 2386
 2255 2359 2489
 2246 2362 2445
 2247 2361 2475
 2214 2364 2426
 2215 2363 2446
 2202 2366 2428
 2217 2365 2429
 2206 2368 2432
 2282 2367 2482
 2180 2370 2394
 2293 2369 2548
 2182 2372 2384
 2295 2371 2550
 2216 2374 2447
 2227 2373 2477
 2218 2376 2430
 2229 2375 2479
 2188 2378 2402
 2353 2377 2558
 2190 2380 2404
 2355 2379 2560
 2192 2382 2392
 2357 2381 2562
 2194 2384 2406
 2371 2383 2564
 2196 2386 2396
 2359 2385 2566
 2228 2388 2478
 2249 2387 2493
 2230 2390 2480
 2279 2389 2495
 2208 2392 2420
 2381 2391 2574
 2210 2394 2422
 2369 2393 2576
 2212 2396 2424
 2385 2395 2578
 2248 2398 2476
 2275 2397 2491
 2250 2400 2494
 2277 2399 2552
 2220 2402 2416
 2377 2401 2590
 2222 2404 2418
 2379 2403 2592
 2226 2406 2436
 2383 2405 2594
 2276 2408 2492
 2299 2407 2568
 2278 2410 2553
 2301 2409 2554
 2280 2412 2496
 2303 2411 2556
 2304 2414 2557
 2305 2413 2572
 2232 2416 2449
 2401 2415 2614
 2234 2418 2451
 2403 2417 2600
 2236 2420 2453
 2391 2419 2602
 2224 2422 2434
 2393 2421 2604
 2238 2424 2457
 2395 2423 2606
 2300 2426 2569
 2363 2425 2582
 2302 2428 2555
 2365 2427 2570
 2366 2430 2571
 2375 2429 2586
 2306 2432 2573
 2367 2431 2588
 2252 2434 2488
 2421 2433 2616
 2254 2436 2455
 2405 2435 2618
 2242 2439 2441
 2256 2439 2490
 2437 2438 2638
 2244 2441 2459
 2437 2440 2641
 2274 2474 NaN
 2297 2580 NaN
 2298 2445 2581
 2361 2444 2596
 2364 2447 2583
 2373 2446 2584
 2288 2449 2484
 2415 2448 2628
 2290 2451 2547
 2417 2450 2630
 2292 2453 2486
 2419 2452 2632
 2294 2455 2549
 2435 2454 2634
 2296 2457 2551
 2423 2456 2636
 2258 2459 2461
 2440 2458 2643
 2260 2461 2463
 2458 2460 2658
 2262 2463 2465
 2460 2462 2660
 2264 2465 2467
 2462 2464 2662
 2266 2467 2469
 2464 2466 2664
 2268 2469 2471
 2466 2468 2666
 2270 2471 2473
 2468 2470 2668
 2272 2473 2474
 2470 2472 2645
 2442 2472 2646
 2362 2476 2597
 2397 2475 2608
 2374 2478 2585
 2387 2477 2598
 2376 2480 2587
 2389 2479 2612
 2283 2482 2498
 2368 2481 2589
 2352 2484 2545
 2448 2483 2677
 2356 2486 2561
 2452 2485 2654
 2358 2488 2563
 2433 2487 2656
 2360 2490 2567
 2438 2489 2639
 2398 2492 2609
 2407 2491 2620
 2388 2494 2599
 2399 2493 2610
 2390 2496 2613
 2411 2495 2624
 2308 2498 2500
 2481 2497 2697
 2310 2500 2502
 2497 2499 2700
 2312 2502 2504
 2499 2501 2702
 2314 2504 2506
 2501 2503 2704
 2316 2506 2508
 2503 2505 2706
 2318 2508 2510
 2505 2507 2708
 2320 2510 2512
 2507 2509 2710
 2322 2512 2514
 2509 2511 2712
 2324 2514 2516
 2511 2513 2714
 2326 2516 2518
 2513 2515 2716
 2328 2518 2520
 2515 2517 2718
 2330 2520 2522
 2517 2519 2720
 2332 2522 2524
 2519 2521 2722
 2334 2524 2526
 2521 2523 2724
 2336 2526 2528
 2523 2525 2726
 2338 2528 2530
 2525 2527 2728
 2340 2530 2532
 2527 2529 2730
 2342 2532 2534
 2529 2531 2732
 2343 2534 2536
 2531 2533 2734
 2286 2536 2538
 2533 2535 2736
 2344 2538 2540
 2535 2537 2738
 2347 2540 2542
 2537 2539 2741
 2349 2542 2544
 2539 2541 2742
 2351 2544 2545
 2541 2543 2744
 2483 2543 2678
 2354 2547 2559
 2450 2546 2681
 2370 2549 2577
 2454 2548 2683
 2372 2551 2565
 2456 2550 2685
 2400 2553 2611
 2409 2552 2622
 2410 2555 2623
 2427 2554 2650
 2412 2557 2625
 2413 2556 2626
 2378 2559 2591
 2546 2558 2747
 2380 2561 2593
 2485 2560 2749
 2382 2563 2575
 2487 2562 2751
 2384 2565 2595
 2550 2564 2753
 2386 2567 2579
 2489 2566 2687
 2408 2569 2621
 2425 2568 2648
 2428 2571 2651
 2429 2570 2675
 2414 2573 2627
 2431 2572 2652
 2392 2575 2603
 2562 2574 2759
 2394 2577 2605
 2548 2576 2761
 2396 2579 2607
 2566 2578 2763
 2443 2581 2671
 2444 2580 2689
 2426 2583 2649
 2446 2582 2673
 2447 2585 2674
 2477 2584 2693
 2430 2587 2676
 2479 2586 2695
 2432 2589 2653
 2482 2588 2698
 2402 2591 2615
 2558 2590 2771
 2404 2593 2601
 2560 2592 2773
 2406 2595 2619
 2564 2594 2775
 2445 2597 2690
 2475 2596 2691
 2478 2599 2694
 2493 2598 2755
 2418 2601 2631
 2592 2600 2783
 2420 2603 2633
 2574 2602 2785
 2422 2605 2617
 2576 2604 2787
 2424 2607 2637
 2578 2606 2789
 2476 2609 2692
 2491 2608 2765
 2494 2611 2756
 2552 2610 2767
 2480 2613 2696
 2495 2612 2757
 2416 2615 2629
 2590 2614 2799
 2434 2617 2657
 2604 2616 2801
 2436 2619 2635
 2594 2618 2803
 2492 2621 2766
 2568 2620 2777
 2553 2623 2768
 2554 2622 2779
 2496 2625 2758
 2556 2624 2769
 2557 2627 2770
 2572 2626 2781
 2449 2629 2680
 2614 2628 2811
 2451 2631 2682
 2600 2630 2813
 2453 2633 2655
 2602 2632 2815
 2455 2635 2684
 2618 2634 2817
 2457 2637 2686
 2606 2636 2819
 2439 2640 2642
 2490 2640 2688
 2638 2639 2836
 2441 2642 2644
 2638 2641 2821
 2459 2644 2659
 2641 2643 2822
 2473 2647 2670
 2474 2647 2672
 2645 2646 2824
 2569 2649 2778
 2582 2648 2793
 2555 2651 2780
 2570 2650 2795
 2573 2653 2782
 2588 2652 2797
 2486 2655 2750
 2632 2654 2850
 2488 2657 2752
 2616 2656 2832
 2461 2659 2661
 2643 2658 2838
 2463 2661 2663
 2658 2660 2856
 2465 2663 2665
 2660 2662 2858
 2467 2665 2667
 2662 2664 2860
 2469 2667 2669
 2664 2666 2862
 2471 2669 2670
 2666 2668 2864
 2645 2668 2866
 2580 2791 NaN
 2646 2825 NaN
 2583 2674 2794
 2584 2673 2807
 2571 2676 2796
 2586 2675 2809
 2484 2679 2680
 2545 2679 2746
 2677 2678 2875
 2628 2677 2846
 2547 2682 2748
 2630 2681 2848
 2549 2684 2762
 2634 2683 2852
 2551 2686 2754
 2636 2685 2834
 2567 2688 2764
 2639 2687 2854
 2581 2690 2792
 2596 2689 2805
 2597 2692 2806
 2608 2691 2826
 2585 2694 2808
 2598 2693 2828
 2587 2696 2810
 2612 2695 2830
 2498 2699 2701
 2589 2699 2798
 2697 2698 2891
 2500 2701 2703
 2697 2700 2893
 2502 2703 2705
 2700 2702 2895
 2504 2705 2707
 2702 2704 2897
 2506 2707 2709
 2704 2706 2899
 2508 2709 2711
 2706 2708 2901
 2510 2711 2713
 2708 2710 2903
 2512 2713 2715
 2710 2712 2905
 2514 2715 2717
 2712 2714 2907
 2516 2717 2719
 2714 2716 2909
 2518 2719 2721
 2716 2718 2911
 2520 2721 2723
 2718 2720 2913
 2522 2723 2725
 2720 2722 2915
 2524 2725 2727
 2722 2724 2917
 2526 2727 2729
 2724 2726 2919
 2528 2729 2731
 2726 2728 2921
 2530 2731 2733
 2728 2730 2923
 2532 2733 2735
 2730 2732 2925
 2534 2735 2737
 2732 2734 2927
 2536 2737 2739
 2734 2736 2929
 2538 2739 2740
 2736 2738 2931
 2738 2741 2933
 2540 2740 2743
 2542 2743 2745
 2741 2742 2935
 2544 2745 2746
 2742 2744 2937
 2678 2744 2939
 2559 2748 2772
 2681 2747 2877
 2561 2750 2774
 2654 2749 2879
 2563 2752 2760
 2656 2751 2881
 2565 2754 2776
 2685 2753 2883
 2599 2756 2829
 2610 2755 2842
 2613 2758 2831
 2624 2757 2844
 2575 2760 2786
 2751 2759 2942
 2577 2762 2788
 2683 2761 2944
 2579 2764 2790
 2687 2763 2946
 2609 2766 2827
 2620 2765 2840
 2611 2768 2843
 2622 2767 2869
 2625 2770 2845
 2626 2769 2873
 2591 2772 2800
 2747 2771 2958
 2593 2774 2784
 2749 2773 2960
 2595 2776 2804
 2753 2775 2962
 2621 2778 2841
 2648 2777 2885
 2623 2780 2870
 2650 2779 2871
 2627 2782 2874
 2652 2781 2889
 2601 2784 2814
 2773 2783 2982
 2603 2786 2816
 2759 2785 2968
 2605 2788 2802
 2761 2787 2970
 2607 2790 2820
 2763 2789 2972
 2671 2792 2948
 2689 2791 2950
 2649 2794 2886
 2673 2793 2952
 2651 2796 2872
 2675 2795 2887
 2653 2798 2890
 2698 2797 2892
 2615 2800 2812
 2771 2799 2980
 2617 2802 2833
 2787 2801 2984
 2619 2804 2818
 2775 2803 2986
 2690 2806 2951
 2691 2805 2964
 2674 2808 2953
 2693 2807 2954
 2676 2810 2888
 2695 2809 2956
 2629 2812 2847
 2799 2811 2996
 2631 2814 2849
 2783 2813 2998
 2633 2816 2851
 2785 2815 3000
 2635 2818 2853
 2803 2817 3002
 2637 2820 2835
 2789 2819 3004
 2642 2823 2837
 2644 2823 2839
 2821 2822 3006
 2647 2825 2868
 2672 2824 2949
 2692 2827 2965
 2765 2826 2974
 2694 2829 2955
 2755 2828 2966
 2696 2831 2957
 2757 2830 2978
 2657 2833 2882
 2801 2832 3014
 2686 2835 2884
 2819 2834 3016
 2640 2837 2855
 2821 2836 3018
 2659 2839 2857
 2822 2838 3007
 2766 2841 2975
 2777 2840 2988
 2756 2843 2967
 2767 2842 2976
 2758 2845 2979
 2769 2844 2992
 2680 2847 2876
 2811 2846 3028
 2682 2849 2878
 2813 2848 3030
 2655 2851 2880
 2815 2850 3032
 2684 2853 2945
 2817 2852 3034
 2688 2855 2947
 2836 2854 3036
 2661 2857 2859
 2838 2856 3085
 2663 2859 2861
 2856 2858 3053
 2665 2861 2863
 2858 2860 3052
 2667 2863 2865
 2860 2862 3055
 2669 2865 2867
 2862 2864 3057
 2670 2867 2868
 2864 2866 3059
 2824 2866 3020
 2768 2870 2977
 2779 2869 2990
 2780 2872 2991
 2795 2871 3010
 2770 2874 2993
 2781 2873 2994
 2679 2876 2941
 2846 2875 3076
 2748 2878 2959
 2848 2877 3044
 2750 2880 2961
 2850 2879 3046
 2752 2882 2943
 2832 2881 3048
 2754 2884 2963
 2834 2883 3050
 2778 2886 2989
 2793 2885 3008
 2796 2888 3011
 2809 2887 3026
 2782 2890 2995
 2797 2889 3012
 2699 2892 2894
 2798 2891 3013
 2701 2894 2896
 2891 2893 3098
 2703 2896 2898
 2893 2895 3097
 2705 2898 2900
 2895 2897 3100
 2707 2900 2902
 2897 2899 3102
 2709 2902 2904
 2899 2901 3104
 2711 2904 2906
 2901 2903 3106
 2713 2906 2908
 2903 2905 3108
 2715 2908 2910
 2905 2907 3110
 2717 2910 2912
 2907 2909 3112
 2719 2912 2914
 2909 2911 3114
 2721 2914 2916
 2911 2913 3116
 2723 2916 2918
 2913 2915 3118
 2725 2918 2920
 2915 2917 3120
 2727 2920 2922
 2917 2919 3122
 2729 2922 2924
 2919 2921 3124
 2731 2924 2926
 2921 2923 3126
 2733 2926 2928
 2923 2925 3128
 2735 2928 2930
 2925 2927 3130
 2737 2930 2932
 2927 2929 3132
 2739 2932 2934
 2929 2931 3134
 2740 2934 2936
 2931 2933 3067
 2743 2936 2938
 2933 2935 3069
 2745 2938 2940
 2935 2937 3070
 2746 2940 2941
 2937 2939 3072
 2875 2939 3074
 2760 2943 2969
 2881 2942 3079
 2762 2945 2971
 2852 2944 3081
 2764 2947 2973
 2854 2946 3083
 2791 3022 NaN
 2825 3021 NaN
 2792 2951 3023
 2805 2950 3038
 2794 2953 3009
 2807 2952 3024
 2808 2955 3025
 2828 2954 3040
 2810 2957 3027
 2830 2956 3042
 2772 2959 2981
 2877 2958 3137
 2774 2961 2983
 2879 2960 3139
 2776 2963 2987
 2883 2962 3141
 2806 2965 3039
 2826 2964 3061
 2829 2967 3041
 2842 2966 3063
 2786 2969 3001
 2942 2968 3151
 2788 2971 2985
 2944 2970 3153
 2790 2973 3005
 2946 2972 3155
 2827 2975 3062
 2840 2974 3091
 2843 2977 3064
 2869 2976 3093
 2831 2979 3043
 2844 2978 3065
 2800 2981 2997
 2958 2980 3163
 2784 2983 2999
 2960 2982 3165
 2802 2985 3015
 2970 2984 3167
 2804 2987 3003
 2962 2986 3169
 2841 2989 3092
 2885 2988 3143
 2870 2991 3094
 2871 2990 3145
 2845 2993 3066
 2873 2992 3095
 2874 2995 3096
 2889 2994 3147
 2812 2997 3029
 2980 2996 3179
 2814 2999 3031
 2982 2998 3181
 2816 3001 3033
 2968 3000 3183
 2818 3003 3035
 2986 3002 3185
 2820 3005 3017
 2972 3004 3187
 2823 3007 3019
 2839 3006 3086
 2886 3009 3144
 2952 3008 3159
 2872 3011 3146
 2887 3010 3161
 2890 3013 3148
 2892 3012 3149
 2833 3015 3049
 2984 3014 3195
 2835 3017 3051
 3004 3016 3197
 2837 3019 3037
 3006 3018 3199
 2868 3021 3090
 2949 3020 3172
 2948 3023 3171
 2950 3022 3157
 2953 3025 3160
 2954 3024 3175
 2888 3027 3162
 2956 3026 3177
 2847 3029 3078
 2996 3028 3205
 2849 3031 3045
 2998 3030 3207
 2851 3033 3047
 3000 3032 3209
 2853 3035 3082
 3002 3034 3211
 2855 3037 3084
 3018 3036 3227
 2951 3039 3158
 2964 3038 3173
 2955 3041 3176
 2966 3040 3191
 2957 3043 3178
 2978 3042 3193
 2878 3045 3138
 3030 3044 3244
 2880 3047 3140
 3032 3046 3221
 2882 3049 3080
 3014 3048 3223
 2884 3051 3142
 3016 3050 3225
 2861 3054 3056
 2859 3054 3088
 3052 3053 3252
 2863 3056 3058
 3052 3055 3229
 2865 3058 3060
 3055 3057 3230
 2867 3060 3089
 3057 3059 3232
 2965 3062 3174
 2974 3061 3189
 2967 3064 3192
 2976 3063 3201
 2979 3066 3194
 2992 3065 3203
 2934 3068 3136
 3067 3069 3266
 2936 3068 3071
 2938 3071 3073
 3069 3070 3269
 2940 3073 3075
 3070 3072 3271
 2941 3075 3077
 3072 3074 3273
 2876 3077 3078
 3074 3076 3275
 3028 3076 3219
 2943 3080 3152
 3048 3079 3246
 2945 3082 3154
 3034 3081 3248
 2947 3084 3156
 3036 3083 3250
 2857 3087 3088
 3007 3087 3200
 3085 3086 3285
 3053 3085 3253
 3059 3090 3233
 3020 3089 3234
 2975 3092 3190
 2988 3091 3213
 2977 3094 3202
 2990 3093 3215
 2993 3096 3204
 2994 3095 3217
 2896 3099 3101
 2894 3099 3150
 3097 3098 3293
 2898 3101 3103
 3097 3100 3296
 2900 3103 3105
 3100 3102 3298
 2902 3105 3107
 3102 3104 3300
 2904 3107 3109
 3104 3106 3302
 2906 3109 3111
 3106 3108 3304
 2908 3111 3113
 3108 3110 3306
 2910 3113 3115
 3110 3112 3308
 2912 3115 3117
 3112 3114 3310
 2914 3117 3119
 3114 3116 3312
 2916 3119 3121
 3116 3118 3314
 2918 3121 3123
 3118 3120 3316
 2920 3123 3125
 3120 3122 3318
 2922 3125 3127
 3122 3124 3320
 2924 3127 3129
 3124 3126 3322
 2926 3129 3131
 3126 3128 3324
 2928 3131 3133
 3128 3130 3326
 2930 3133 3135
 3130 3132 3328
 2932 3135 3136
 3132 3134 3330
 3067 3134 3268
 2959 3138 3164
 3044 3137 3279
 2961 3140 3166
 3046 3139 3281
 2963 3142 3170
 3050 3141 3283
 2989 3144 3214
 3008 3143 3238
 2991 3146 3216
 3010 3145 3240
 2995 3148 3218
 3012 3147 3242
 3013 3150 3243
 3098 3149 3294
 2969 3152 3184
 3079 3151 3333
 2971 3154 3168
 3081 3153 3335
 2973 3156 3188
 3083 3155 3337
 3023 3158 3237
 3038 3157 3258
 3009 3160 3239
 3024 3159 3260
 3011 3162 3241
 3026 3161 3264
 2981 3164 3180
 3137 3163 3345
 2983 3166 3182
 3139 3165 3347
 2985 3168 3196
 3153 3167 3349
 2987 3170 3186
 3141 3169 3351
 3022 3236 NaN
 3021 3235 NaN
 3039 3174 3259
 3061 3173 3287
 3025 3176 3261
 3040 3175 3262
 3027 3178 3265
 3042 3177 3291
 2997 3180 3206
 3163 3179 3363
 2999 3182 3208
 3165 3181 3365
 3001 3184 3210
 3151 3183 3367
 3003 3186 3212
 3169 3185 3369
 3005 3188 3198
 3155 3187 3353
 3062 3190 3288
 3091 3189 3339
 3041 3192 3263
 3063 3191 3289
 3043 3194 3292
 3065 3193 3343
 3015 3196 3224
 3167 3195 3381
 3017 3198 3226
 3187 3197 3383
 3019 3200 3228
 3086 3199 3371
 3064 3202 3290
 3093 3201 3341
 3066 3204 3344
 3095 3203 3359
 3029 3206 3220
 3179 3205 3393
 3031 3208 3245
 3181 3207 3395
 3033 3210 3222
 3183 3209 3397
 3035 3212 3249
 3185 3211 3399
 3092 3214 3340
 3143 3213 3355
 3094 3216 3342
 3145 3215 3357
 3096 3218 3360
 3147 3217 3361
 3078 3220 3277
 3205 3219 3409
 3047 3222 3282
 3209 3221 3411
 3049 3224 3247
 3195 3223 3413
 3051 3226 3284
 3197 3225 3415
 3037 3228 3251
 3199 3227 3401
 3056 3231 3255
 3058 3231 3256
 3229 3230 3431
 3060 3233 3257
 3089 3232 3373
 3090 3235 3374
 3172 3234 3386
 3171 3237 3385
 3157 3236 3387
 3144 3239 3356
 3159 3238 3375
 3146 3241 3358
 3161 3240 3377
 3148 3243 3362
 3149 3242 3379
 3045 3245 3280
 3207 3244 3423
 3080 3247 3334
 3223 3246 3425
 3082 3249 3336
 3211 3248 3427
 3084 3251 3338
 3227 3250 3429
 3054 3254 3255
 3088 3254 3286
 3252 3253 3449
 3229 3252 3432
 3230 3257 3434
 3232 3256 3451
 3158 3259 3388
 3173 3258 3403
 3160 3261 3376
 3175 3260 3389
 3176 3263 3390
 3191 3262 3405
 3162 3265 3378
 3177 3264 3391
 3068 3267 3270
 3266 3268 3459
 3136 3267 3332
 3071 3270 3272
 3266 3269 3461
 3073 3272 3274
 3269 3271 3462
 3075 3274 3276
 3271 3273 3464
 3077 3276 3278
 3273 3275 3466
 3219 3278 3441
 3275 3277 3468
 3138 3280 3346
 3244 3279 3443
 3140 3282 3348
 3221 3281 3445
 3142 3284 3352
 3225 3283 3447
 3087 3286 3372
 3253 3285 3477
 3174 3288 3404
 3189 3287 3417
 3192 3290 3406
 3201 3289 3419
 3178 3292 3392
 3193 3291 3407
 3099 3295 3297
 3150 3295 3380
 3293 3294 3487
 3101 3297 3299
 3293 3296 3489
 3103 3299 3301
 3296 3298 3491
 3105 3301 3303
 3298 3300 3493
 3107 3303 3305
 3300 3302 3495
 3109 3305 3307
 3302 3304 3497
 3111 3307 3309
 3304 3306 3499
 3113 3309 3311
 3306 3308 3501
 3115 3311 3313
 3308 3310 3503
 3117 3313 3315
 3310 3312 3505
 3119 3315 3317
 3312 3314 3507
 3121 3317 3319
 3314 3316 3509
 3123 3319 3321
 3316 3318 3511
 3125 3321 3323
 3318 3320 3513
 3127 3323 3325
 3320 3322 3515
 3129 3325 3327
 3322 3324 3517
 3131 3327 3329
 3324 3326 3519
 3133 3329 3331
 3326 3328 3521
 3135 3331 3332
 3328 3330 3523
 3268 3330 3525
 3152 3334 3368
 3246 3333 3471
 3154 3336 3350
 3248 3335 3473
 3156 3338 3354
 3250 3337 3475
 3190 3340 3418
 3213 3339 3435
 3202 3342 3420
 3215 3341 3437
 3194 3344 3408
 3203 3343 3421
 3164 3346 3364
 3279 3345 3528
 3166 3348 3366
 3281 3347 3530
 3168 3350 3382
 3335 3349 3532
 3170 3352 3370
 3283 3351 3534
 3188 3354 3384
 3337 3353 3536
 3214 3356 3436
 3238 3355 3453
 3216 3358 3438
 3240 3357 3455
 3204 3360 3422
 3217 3359 3439
 3218 3362 3440
 3242 3361 3457
 3180 3364 3394
 3345 3363 3544
 3182 3366 3396
 3347 3365 3558
 3184 3368 3398
 3333 3367 3546
 3186 3370 3400
 3351 3369 3548
 3200 3372 3402
 3285 3371 3550
 3233 3374 3452
 3234 3373 3479
 3239 3376 3454
 3260 3375 3483
 3241 3378 3456
 3264 3377 3485
 3243 3380 3458
 3294 3379 3488
 3196 3382 3414
 3349 3381 3560
 3198 3384 3416
 3353 3383 3562
 3236 3481 NaN
 3235 3480 NaN
 3237 3388 3482
 3258 3387 3538
 3261 3390 3484
 3262 3389 3540
 3265 3392 3486
 3291 3391 3542
 3206 3394 3410
 3363 3393 3570
 3208 3396 3424
 3365 3395 3572
 3210 3398 3412
 3367 3397 3574
 3212 3400 3428
 3369 3399 3576
 3228 3402 3430
 3371 3401 3578
 3259 3404 3539
 3287 3403 3552
 3263 3406 3541
 3289 3405 3554
 3292 3408 3543
 3343 3407 3556
 3220 3410 3442
 3393 3409 3590
 3222 3412 3446
 3397 3411 3592
 3224 3414 3426
 3381 3413 3594
 3226 3416 3448
 3383 3415 3596
 3288 3418 3553
 3339 3417 3564
 3290 3420 3555
 3341 3419 3566
 3344 3422 3557
 3359 3421 3568
 3245 3424 3444
 3395 3423 3608
 3247 3426 3472
 3413 3425 3610
 3249 3428 3474
 3399 3427 3612
 3251 3430 3476
 3401 3429 3614
 3231 3433 3434
 3255 3433 3450
 3431 3432 3630
 3256 3431 3580
 3340 3436 3565
 3355 3435 3584
 3342 3438 3567
 3357 3437 3586
 3360 3440 3569
 3361 3439 3588
 3277 3442 3470
 3409 3441 3624
 3280 3444 3529
 3423 3443 3640
 3282 3446 3531
 3411 3445 3626
 3284 3448 3535
 3415 3447 3628
 3254 3450 3478
 3432 3449 3650
 3257 3452 3581
 3373 3451 3582
 3356 3454 3585
 3375 3453 3602
 3358 3456 3587
 3377 3455 3604
 3362 3458 3589
 3379 3457 3606
 3267 3460 3527
 3459 3461 3660
 3270 3460 3463
 3272 3463 3465
 3461 3462 3661
 3274 3465 3467
 3462 3464 3663
 3276 3467 3469
 3464 3466 3665
 3278 3469 3470
 3466 3468 3667
 3441 3468 3638
 3334 3472 3547
 3425 3471 3642
 3336 3474 3533
 3427 3473 3644
 3338 3476 3537
 3429 3475 3648
 3286 3478 3551
 3449 3477 3651
 3374 3480 3583
 3386 3479 3599
 3385 3482 NaN
 3387 3481 3600
 3376 3484 3603
 3389 3483 3618
 3378 3486 3605
 3391 3485 3622
 3295 3488 3490
 3380 3487 3607
 3297 3490 3492
 3487 3489 3689
 3299 3492 3494
 3489 3491 3688
 3301 3494 3496
 3491 3493 3691
 3303 3496 3498
 3493 3495 3693
 3305 3498 3500
 3495 3497 3695
 3307 3500 3502
 3497 3499 3697
 3309 3502 3504
 3499 3501 3699
 3311 3504 3506
 3501 3503 3701
 3313 3506 3508
 3503 3505 3703
 3315 3508 3510
 3505 3507 3705
 3317 3510 3512
 3507 3509 3707
 3319 3512 3514
 3509 3511 3709
 3321 3514 3516
 3511 3513 3711
 3323 3516 3518
 3513 3515 3713
 3325 3518 3520
 3515 3517 3715
 3327 3520 3522
 3517 3519 3717
 3329 3522 3524
 3519 3521 3719
 3331 3524 3526
 3521 3523 3721
 3332 3526 3527
 3523 3525 3723
 3459 3525 3725
 3346 3529 3545
 3443 3528 3670
 3348 3531 3559
 3445 3530 3672
 3350 3533 3561
 3473 3532 3674
 3352 3535 3549
 3447 3534 3646
 3354 3537 3563
 3475 3536 3676
 3388 3539 3601
 3403 3538 3616
 3390 3541 3619
 3405 3540 3620
 3392 3543 3623
 3407 3542 3636
 3364 3545 3571
 3528 3544 3744
 3368 3547 3575
 3471 3546 3728
 3370 3549 3577
 3534 3548 3730
 3372 3551 3579
 3477 3550 3732
 3404 3553 3617
 3417 3552 3632
 3406 3555 3621
 3419 3554 3634
 3408 3557 3637
 3421 3556 3658
 3366 3559 3573
 3530 3558 3746
 3382 3561 3595
 3532 3560 3748
 3384 3563 3597
 3536 3562 3750
 3418 3565 3633
 3435 3564 3654
 3420 3567 3635
 3437 3566 3656
 3422 3569 3659
 3439 3568 3684
 3394 3571 3591
 3544 3570 3758
 3396 3573 3609
 3558 3572 3760
 3398 3575 3593
 3546 3574 3762
 3400 3577 3613
 3548 3576 3764
 3402 3579 3615
 3550 3578 3766
 3434 3581 3631
 3451 3580 3678
 3452 3583 3679
 3479 3582 3734
 3436 3585 3655
 3453 3584 3680
 3438 3587 3657
 3455 3586 3682
 3440 3589 3685
 3457 3588 3686
 3410 3591 3625
 3570 3590 3786
 3412 3593 3627
 3574 3592 3774
 3414 3595 3611
 3560 3594 3776
 3416 3597 3629
 3562 3596 3778
 3599 NaN NaN
 3480 3598 3735
 3482 3601 3737
 3538 3600 3752
 3454 3603 3681
 3483 3602 3738
 3456 3605 3683
 3485 3604 3740
 3458 3607 3687
 3488 3606 3742
 3424 3609 3641
 3572 3608 3788
 3426 3611 3643
 3594 3610 3790
 3428 3613 3645
 3576 3612 3792
 3430 3615 3649
 3578 3614 3794
 3539 3617 3753
 3552 3616 3768
 3484 3619 3739
 3540 3618 3754
 3541 3621 3755
 3554 3620 3770
 3486 3623 3741
 3542 3622 3756
 3442 3625 3639
 3590 3624 3804
 3446 3627 3673
 3592 3626 3806
 3448 3629 3647
 3596 3628 3810
 3433 3631 3653
 3580 3630 3796
 3553 3633 3769
 3564 3632 3780
 3555 3635 3771
 3566 3634 3782
 3543 3637 3757
 3556 3636 3772
 3470 3639 3669
 3624 3638 3836
 3444 3641 3671
 3608 3640 3822
 3472 3643 3729
 3610 3642 3824
 3474 3645 3675
 3612 3644 3808
 3535 3647 3731
 3628 3646 3826
 3476 3649 3677
 3614 3648 3812
 3450 3652 3653
 3478 3652 3733
 3650 3651 3847
 3630 3650 3846
 3565 3655 3781
 3584 3654 3798
 3567 3657 3783
 3586 3656 3800
 3557 3659 3773
 3568 3658 3784
 3460 3662 3727
 3463 3662 3664
 3660 3661 3860
 3465 3664 3666
 3661 3663 3859
 3467 3666 3668
 3663 3665 3862
 3469 3668 3669
 3665 3667 3864
 3638 3667 3866
 3529 3671 3745
 3640 3670 3838
 3531 3673 3747
 3626 3672 3840
 3533 3675 3749
 3644 3674 3842
 3537 3677 3751
 3648 3676 3844
 3581 3679 3797
 3582 3678 3814
 3585 3681 3799
 3602 3680 3816
 3587 3683 3801
 3604 3682 3818
 3569 3685 3785
 3588 3684 3802
 3589 3687 3803
 3606 3686 3820
 3492 3690 3692
 3490 3690 3743
 3688 3689 3857
 3494 3692 3694
 3688 3691 3881
 3496 3694 3696
 3691 3693 3883
 3498 3696 3698
 3693 3695 3885
 3500 3698 3700
 3695 3697 3887
 3502 3700 3702
 3697 3699 3889
 3504 3702 3704
 3699 3701 3891
 3506 3704 3706
 3701 3703 3893
 3508 3706 3708
 3703 3705 3895
 3510 3708 3710
 3705 3707 3897
 3512 3710 3712
 3707 3709 3899
 3514 3712 3714
 3709 3711 3901
 3516 3714 3716
 3711 3713 3903
 3518 3716 3718
 3713 3715 3905
 3520 3718 3720
 3715 3717 3907
 3522 3720 3722
 3717 3719 3909
 3524 3722 3724
 3719 3721 3911
 3526 3724 3726
 3721 3723 3913
 3527 3726 3727
 3723 3725 3915
 3660 3725 3917
 3547 3729 3763
 3642 3728 3869
 3549 3731 3765
 3646 3730 3871
 3551 3733 3767
 3651 3732 3873
 3583 3735 3815
 3599 3734 3829
 3737 NaN NaN
 3600 3736 3830
 3603 3739 3817
 3618 3738 3832
 3605 3741 3819
 3622 3740 3834
 3607 3743 3821
 3689 3742 3858
 3545 3745 3759
 3670 3744 3920
 3559 3747 3761
 3672 3746 3922
 3561 3749 3777
 3674 3748 3924
 3563 3751 3779
 3676 3750 3926
 3601 3753 3831
 3616 3752 3851
 3619 3755 3833
 3620 3754 3853
 3623 3757 3835
 3636 3756 3855
 3571 3759 3787
 3744 3758 3936
 3573 3761 3789
 3746 3760 3938
 3575 3763 3775
 3728 3762 3940
 3577 3765 3793
 3730 3764 3942
 3579 3767 3795
 3732 3766 3944
 3617 3769 3852
 3632 3768 3875
 3621 3771 3854
 3634 3770 3877
 3637 3773 3856
 3658 3772 3879
 3593 3775 3807
 3762 3774 3956
 3595 3777 3791
 3748 3776 3958
 3597 3779 3811
 3750 3778 3960
 3633 3781 3876
 3654 3780 3930
 3635 3783 3878
 3656 3782 3932
 3659 3785 3880
 3684 3784 3934
 3591 3787 3805
 3758 3786 3970
 3609 3789 3823
 3760 3788 3972
 3611 3791 3825
 3776 3790 3974
 3613 3793 3809
 3764 3792 3976
 3615 3795 3813
 3766 3794 3978
 3631 3797 3850
 3678 3796 3928
 3655 3799 3931
 3680 3798 3950
 3657 3801 3933
 3682 3800 3952
 3685 3803 3935
 3686 3802 3954
 3625 3805 3837
 3786 3804 3988
 3627 3807 3841
 3774 3806 3990
 3645 3809 3843
 3792 3808 3992
 3629 3811 3827
 3778 3810 3994
 3649 3813 3845
 3794 3812 3996
 3679 3815 3929
 3734 3814 3946
 3681 3817 3951
 3738 3816 3964
 3683 3819 3953
 3740 3818 3966
 3687 3821 3955
 3742 3820 3968
 3641 3823 3839
 3788 3822 4004
 3643 3825 3870
 3790 3824 4006
 3647 3827 3872
 3810 3826 4008
 3829 NaN NaN
 3735 3828 3947
 3737 3831 3949
 3752 3830 3962
 3739 3833 3965
 3754 3832 3982
 3741 3835 3967
 3756 3834 3986
 3639 3837 3868
 3804 3836 4020
 3671 3839 3921
 3822 3838 4040
 3673 3841 3923
 3806 3840 4022
 3675 3843 3925
 3808 3842 4024
 3677 3845 3927
 3812 3844 4026
 3653 3848 3849
 3652 3848 3874
 3846 3847 4010
 3846 3850 4011
 3796 3849 4012
 3753 3852 3963
 3768 3851 3980
 3755 3854 3983
 3770 3853 3984
 3757 3856 3987
 3772 3855 4002
 3690 3858 3882
 3743 3857 3969
 3664 3861 3863
 3662 3861 3919
 3859 3860 4057
 3666 3863 3865
 3859 3862 4056
 3668 3865 3867
 3862 3864 4059
 3669 3867 3868
 3864 3866 4061
 3836 3866 4038
 3729 3870 3941
 3824 3869 4042
 3731 3872 3943
 3826 3871 4044
 3733 3874 3945
 3847 3873 4046
 3769 3876 3981
 3780 3875 3998
 3771 3878 3985
 3782 3877 4000
 3773 3880 4003
 3784 3879 4018
 3692 3882 3884
 3857 3881 4078
 3694 3884 3886
 3881 3883 4081
 3696 3886 3888
 3883 3885 4083
 3698 3888 3890
 3885 3887 4085
 3700 3890 3892
 3887 3889 4087
 3702 3892 3894
 3889 3891 4089
 3704 3894 3896
 3891 3893 4091
 3706 3896 3898
 3893 3895 4093
 3708 3898 3900
 3895 3897 4095
 3710 3900 3902
 3897 3899 4097
 3712 3902 3904
 3899 3901 4099
 3714 3904 3906
 3901 3903 4101
 3716 3906 3908
 3903 3905 4103
 3718 3908 3910
 3905 3907 4105
 3720 3910 3912
 3907 3909 4107
 3722 3912 3914
 3909 3911 4109
 3724 3914 3916
 3911 3913 4111
 3726 3916 3918
 3913 3915 4113
 3727 3918 3919
 3915 3917 4115
 3860 3917 4118
 3745 3921 3937
 3838 3920 4064
 3747 3923 3939
 3840 3922 4066
 3749 3925 3959
 3842 3924 4068
 3751 3927 3961
 3844 3926 4070
 3797 3929 4013
 3814 3928 4028
 3781 3931 3999
 3798 3930 4014
 3783 3933 4001
 3800 3932 4016
 3785 3935 4019
 3802 3934 4034
 3759 3937 3971
 3920 3936 4134
 3761 3939 3973
 3922 3938 4120
 3763 3941 3957
 3869 3940 4122
 3765 3943 3977
 3871 3942 4124
 3767 3945 3979
 3873 3944 4126
 3815 3947 4029
 3829 3946 4049
 3949 NaN NaN
 3830 3948 4050
 3799 3951 4015
 3816 3950 4030
 3801 3953 4017
 3818 3952 4032
 3803 3955 4035
 3820 3954 4036
 3775 3957 3991
 3940 3956 4136
 3777 3959 3975
 3924 3958 4138
 3779 3961 3995
 3926 3960 4140
 3831 3963 4051
 3851 3962 4072
 3817 3965 4031
 3832 3964 4052
 3819 3967 4033
 3834 3966 4054
 3821 3969 4037
 3858 3968 4079
 3787 3971 3989
 3936 3970 4148
 3789 3973 4005
 3938 3972 4150
 3791 3975 4007
 3958 3974 4152
 3793 3977 3993
 3942 3976 4154
 3795 3979 3997
 3944 3978 4156
 3852 3981 4073
 3875 3980 4128
 3833 3983 4053
 3853 3982 4074
 3854 3985 4075
 3877 3984 4130
 3835 3987 4055
 3855 3986 4076
 3805 3989 4021
 3970 3988 4186
 3807 3991 4023
 3956 3990 4168
 3809 3993 4025
 3976 3992 4170
 3811 3995 4009
 3960 3994 4172
 3813 3997 4027
 3978 3996 4174
 3876 3999 4129
 3930 3998 4142
 3878 4001 4131
 3932 4000 4144
 3856 4003 4077
 3879 4002 4132
 3823 4005 4041
 3972 4004 4188
 3825 4007 4043
 3974 4006 4190
 3827 4009 4045
 3994 4008 4192
 3848 4011 4047
 3849 4010 4158
 3850 4013 4159
 3928 4012 4160
 3931 4015 4143
 3950 4014 4162
 3933 4017 4145
 3952 4016 4164
 3880 4019 4133
 3934 4018 4146
 3837 4021 4039
 3988 4020 4200
 3841 4023 4067
 3990 4022 4202
 3843 4025 4069
 3992 4024 4204
 3845 4027 4071
 3996 4026 4206
 3929 4029 4161
 3946 4028 4176
 3951 4031 4163
 3964 4030 4180
 3953 4033 4165
 3966 4032 4182
 3935 4035 4147
 3954 4034 4166
 3955 4037 4167
 3968 4036 4184
 3868 4039 4063
 4020 4038 4214
 3839 4041 4065
 4004 4040 4216
 3870 4043 4123
 4006 4042 4218
 3872 4045 4125
 4008 4044 4220
 3874 4047 4127
 4010 4046 4222
 4049 NaN NaN
 3947 4048 4177
 3949 4051 4179
 3962 4050 4194
 3965 4053 4181
 3982 4052 4196
 3967 4055 4183
 3986 4054 4198
 3863 4058 4060
 3861 4058 4119
 4056 4057 4249
 3865 4060 4062
 4056 4059 4248
 3867 4062 4063
 4059 4061 4251
 4038 4061 4230
 3921 4065 4135
 4040 4064 4232
 3923 4067 4121
 4022 4066 4234
 3925 4069 4139
 4024 4068 4236
 3927 4071 4141
 4026 4070 4238
 3963 4073 4195
 3980 4072 4208
 3983 4075 4197
 3984 4074 4210
 3987 4077 4199
 4002 4076 4212
 3882 4080 4082
 3969 4080 4185
 4078 4079 4275
 3884 4082 4084
 4078 4081 4274
 3886 4084 4086
 4081 4083 4277
 3888 4086 4088
 4083 4085 4279
 3890 4088 4090
 4085 4087 4281
 3892 4090 4092
 4087 4089 4283
 3894 4092 4094
 4089 4091 4285
 3896 4094 4096
 4091 4093 4287
 3898 4096 4098
 4093 4095 4289
 3900 4098 4100
 4095 4097 4291
 3902 4100 4102
 4097 4099 4293
 3904 4102 4104
 4099 4101 4295
 3906 4104 4106
 4101 4103 4297
 3908 4106 4108
 4103 4105 4299
 3910 4108 4110
 4105 4107 4301
 3912 4110 4112
 4107 4109 4303
 3914 4112 4114
 4109 4111 4305
 3916 4114 4116
 4111 4113 4307
 3918 4116 4117
 4113 4115 4309
 4115 4118 4311
 3919 4117 4119
 4057 4118 4313
 3939 4121 4151
 4066 4120 4254
 3941 4123 4137
 4042 4122 4256
 3943 4125 4155
 4044 4124 4258
 3945 4127 4157
 4046 4126 4260
 3981 4129 4209
 3998 4128 4224
 3985 4131 4211
 4000 4130 4226
 4003 4133 4213
 4018 4132 4228
 3937 4135 4149
 4064 4134 4316
 3957 4137 4169
 4122 4136 4318
 3959 4139 4153
 4068 4138 4320
 3961 4141 4173
 4070 4140 4322
 3999 4143 4225
 4014 4142 4242
 4001 4145 4227
 4016 4144 4244
 4019 4147 4229
 4034 4146 4246
 3971 4149 4187
 4134 4148 4331
 3973 4151 4189
 4120 4150 4333
 3975 4153 4191
 4138 4152 4335
 3977 4155 4171
 4124 4154 4337
 3979 4157 4175
 4126 4156 4341
 4011 4159 4223
 4012 4158 4241
 4013 4161 4240
 4028 4160 4262
 4015 4163 4243
 4030 4162 4268
 4017 4165 4245
 4032 4164 4270
 4035 4167 4247
 4036 4166 4272
 3991 4169 4203
 4136 4168 4349
 3993 4171 4205
 4154 4170 4351
 3995 4173 4193
 4140 4172 4339
 3997 4175 4207
 4156 4174 4353
 4029 4177 4263
 4049 4176 4265
 4179 NaN NaN
 4050 4178 4266
 4031 4181 4269
 4052 4180 4326
 4033 4183 4271
 4054 4182 4328
 4037 4185 4273
 4079 4184 4330
 3989 4187 4201
 4148 4186 4363
 4005 4189 4217
 4150 4188 4365
 4007 4191 4219
 4152 4190 4367
 4009 4193 4221
 4172 4192 4369
 4051 4195 4267
 4072 4194 4324
 4053 4197 4327
 4074 4196 4345
 4055 4199 4329
 4076 4198 4347
 4021 4201 4215
 4186 4200 4379
 4023 4203 4235
 4168 4202 4381
 4025 4205 4237
 4170 4204 4383
 4027 4207 4239
 4174 4206 4385
 4073 4209 4325
 4128 4208 4343
 4075 4211 4346
 4130 4210 4357
 4077 4213 4348
 4132 4212 4361
 4039 4215 4231
 4200 4214 4400
 4041 4217 4233
 4188 4216 4402
 4043 4219 4257
 4190 4218 4404
 4045 4221 4259
 4192 4220 4406
 4047 4223 4261
 4158 4222 4387
 4129 4225 4344
 4142 4224 4355
 4131 4227 4358
 4144 4226 4359
 4133 4229 4362
 4146 4228 4377
 4063 4231 4253
 4214 4230 4416
 4065 4233 4317
 4216 4232 4418
 4067 4235 4255
 4202 4234 4420
 4069 4237 4321
 4204 4236 4422
 4071 4239 4323
 4206 4238 4424
 4160 4241 4371
 4159 4240 4388
 4143 4243 4356
 4162 4242 4373
 4145 4245 4360
 4164 4244 4375
 4147 4247 4378
 4166 4246 4398
 4060 4250 4252
 4058 4250 4315
 4248 4249 4449
 4062 4252 4253
 4248 4251 4448
 4230 4251 4432
 4121 4255 4334
 4234 4254 4434
 4123 4257 4319
 4218 4256 4436
 4125 4259 4338
 4220 4258 4438
 4127 4261 4342
 4222 4260 4440
 4161 4263 4372
 4176 4262 4390
 4265 NaN NaN
 4177 4264 4391
 4179 4267 4393
 4194 4266 4408
 4163 4269 4374
 4180 4268 4394
 4165 4271 4376
 4182 4270 4396
 4167 4273 4399
 4184 4272 4414
 4082 4276 4278
 4080 4276 4330
 4274 4275 4471
 4084 4278 4280
 4274 4277 4470
 4086 4280 4282
 4277 4279 4473
 4088 4282 4284
 4279 4281 4475
 4090 4284 4286
 4281 4283 4477
 4092 4286 4288
 4283 4285 4479
 4094 4288 4290
 4285 4287 4481
 4096 4290 4292
 4287 4289 4483
 4098 4292 4294
 4289 4291 4485
 4100 4294 4296
 4291 4293 4487
 4102 4296 4298
 4293 4295 4489
 4104 4298 4300
 4295 4297 4491
 4106 4300 4302
 4297 4299 4493
 4108 4302 4304
 4299 4301 4495
 4110 4304 4306
 4301 4303 4497
 4112 4306 4308
 4303 4305 4499
 4114 4308 4310
 4305 4307 4501
 4116 4310 4312
 4307 4309 4503
 4117 4312 4314
 4309 4311 4505
 4119 4314 4315
 4311 4313 4508
 4249 4313 4509
 4135 4317 4332
 4232 4316 4452
 4137 4319 4350
 4256 4318 4454
 4139 4321 4336
 4236 4320 4456
 4141 4323 4340
 4238 4322 4458
 4195 4325 4409
 4208 4324 4426
 4181 4327 4395
 4196 4326 4410
 4183 4329 4397
 4198 4328 4412
 4185 4275 4415
 4149 4332 4364
 4316 4331 4530
 4151 4334 4366
 4254 4333 4512
 4153 4336 4368
 4320 4335 4514
 4155 4338 4352
 4258 4337 4516
 4173 4340 4370
 4322 4339 4518
 4157 4342 4354
 4260 4341 4460
 4209 4344 4427
 4224 4343 4442
 4197 4346 4411
 4210 4345 4428
 4199 4348 4413
 4212 4347 4430
 4169 4350 4382
 4318 4349 4532
 4171 4352 4384
 4337 4351 4534
 4175 4354 4386
 4341 4353 4536
 4225 4356 4443
 4242 4355 4464
 4211 4358 4429
 4226 4357 4444
 4227 4360 4445
 4244 4359 4466
 4213 4362 4431
 4228 4361 4446
 4187 4364 4380
 4331 4363 4546
 4189 4366 4403
 4333 4365 4548
 4191 4368 4405
 4335 4367 4550
 4193 4370 4407
 4339 4369 4552
 4240 4372 4463
 4262 4371 4520
 4243 4374 4465
 4268 4373 4522
 4245 4376 4467
 4270 4375 4524
 4229 4378 4447
 4246 4377 4468
 4201 4380 4401
 4363 4379 4560
 4203 4382 4421
 4349 4381 4562
 4205 4384 4423
 4351 4383 4564
 4207 4386 4425
 4353 4385 4566
 4223 4389 4441
 4241 4389 4462
 4387 4388 4582
 4263 4391 4521
 4265 4390 4539
 4393 NaN NaN
 4266 4392 4540
 4269 4395 4523
 4326 4394 4542
 4271 4397 4525
 4328 4396 4544
 4247 4399 4469
 4272 4398 4526
 4215 4401 4417
 4379 4400 4574
 4217 4403 4419
 4365 4402 4576
 4219 4405 4437
 4367 4404 4578
 4221 4407 4439
 4369 4406 4580
 4267 4409 4541
 4324 4408 4554
 4327 4411 4543
 4345 4410 4556
 4329 4413 4545
 4347 4412 4558
 4273 4415 4527
 4330 4414 4528
 4231 4417 4433
 4400 4416 4606
 4233 4419 4453
 4402 4418 4608
 4235 4421 4435
 4381 4420 4590
 4237 4423 4457
 4383 4422 4592
 4239 4425 4459
 4385 4424 4594
 4325 4427 4555
 4343 4426 4568
 4346 4429 4557
 4357 4428 4570
 4348 4431 4559
 4361 4430 4572
 4253 4433 4451
 4416 4432 4628
 4255 4435 4513
 4420 4434 4610
 4257 4437 4455
 4404 4436 4612
 4259 4439 4517
 4406 4438 4614
 4261 4441 4461
 4387 4440 4616
 4344 4443 4569
 4355 4442 4584
 4358 4445 4571
 4359 4444 4586
 4362 4447 4573
 4377 4446 4588
 4252 4450 4451
 4250 4450 4511
 4448 4449 4646
 4432 4448 4649
 4317 4453 4531
 4418 4452 4630
 4319 4455 4533
 4436 4454 4632
 4321 4457 4515
 4422 4456 4634
 4323 4459 4519
 4424 4458 4636
 4342 4461 4537
 4440 4460 4638
 4388 4463 4583
 4371 4462 4596
 4356 4465 4585
 4373 4464 4600
 4360 4467 4587
 4375 4466 4602
 4378 4469 4589
 4398 4468 4604
 4278 4472 4474
 4276 4472 4529
 4470 4471 4666
 4280 4474 4476
 4470 4473 4669
 4282 4476 4478
 4473 4475 4671
 4284 4478 4480
 4475 4477 4673
 4286 4480 4482
 4477 4479 4675
 4288 4482 4484
 4479 4481 4677
 4290 4484 4486
 4481 4483 4679
 4292 4486 4488
 4483 4485 4681
 4294 4488 4490
 4485 4487 4683
 4296 4490 4492
 4487 4489 4685
 4298 4492 4494
 4489 4491 4687
 4300 4494 4496
 4491 4493 4689
 4302 4496 4498
 4493 4495 4691
 4304 4498 4500
 4495 4497 4693
 4306 4500 4502
 4497 4499 4695
 4308 4502 4504
 4499 4501 4697
 4310 4504 4506
 4501 4503 4699
 4312 4506 4507
 4503 4505 4701
 4505 4508 4703
 4314 4507 4510
 4315 4510 4511
 4508 4509 4705
 4449 4509 4647
 4334 4513 4549
 4434 4512 4652
 4336 4515 4551
 4456 4514 4654
 4338 4517 4535
 4438 4516 4656
 4340 4519 4553
 4458 4518 4658
 4372 4521 4597
 4390 4520 4618
 4374 4523 4601
 4394 4522 4622
 4376 4525 4603
 4396 4524 4624
 4399 4527 4605
 4414 4526 4626
 4415 4529 4627
 4471 4528 4667
 4332 4531 4547
 4452 4530 4708
 4350 4533 4563
 4454 4532 4710
 4352 4535 4565
 4516 4534 4712
 4354 4537 4567
 4460 4536 4714
 4539 NaN NaN
 4391 4538 4619
 4393 4541 4599
 4408 4540 4620
 4395 4543 4623
 4410 4542 4642
 4397 4545 4625
 4412 4544 4644
 4364 4547 4561
 4530 4546 4722
 4366 4549 4577
 4512 4548 4724
 4368 4551 4579
 4514 4550 4726
 4370 4553 4581
 4518 4552 4728
 4409 4555 4621
 4426 4554 4640
 4411 4557 4643
 4428 4556 4662
 4413 4559 4645
 4430 4558 4664
 4380 4561 4575
 4546 4560 4742
 4382 4563 4591
 4532 4562 4744
 4384 4565 4593
 4534 4564 4746
 4386 4567 4595
 4536 4566 4748
 4427 4569 4641
 4442 4568 4660
 4429 4571 4663
 4444 4570 4718
 4431 4573 4665
 4446 4572 4720
 4401 4575 4607
 4560 4574 4774
 4403 4577 4609
 4548 4576 4762
 4405 4579 4613
 4550 4578 4764
 4407 4581 4615
 4552 4580 4766
 4389 4583 4617
 4462 4582 4730
 4443 4585 4661
 4464 4584 4716
 4445 4587 4719
 4466 4586 4736
 4447 4589 4721
 4468 4588 4740
 4421 4591 4611
 4562 4590 4776
 4423 4593 4635
 4564 4592 4778
 4425 4595 4637
 4566 4594 4780
 4463 4597 4731
 4520 4596 4732
 4599 NaN NaN
 4540 4598 4752
 4465 4601 4717
 4522 4600 4734
 4467 4603 4737
 4524 4602 4738
 4469 4605 4741
 4526 4604 4758
 4417 4607 4629
 4574 4606 4788
 4419 4609 4631
 4576 4608 4790
 4435 4611 4653
 4590 4610 4792
 4437 4613 4633
 4578 4612 4794
 4439 4615 4657
 4580 4614 4796
 4441 4617 4639
 4582 4616 4798
 4521 4619 4733
 4539 4618 4751
 4541 4621 4753
 4554 4620 4768
 4523 4623 4735
 4542 4622 4754
 4525 4625 4739
 4544 4624 4756
 4527 4627 4759
 4528 4626 4760
 4433 4629 4651
 4606 4628 4806
 4453 4631 4709
 4608 4630 4808
 4455 4633 4711
 4612 4632 4810
 4457 4635 4655
 4592 4634 4812
 4459 4637 4659
 4594 4636 4816
 4461 4639 4715
 4616 4638 4834
 4555 4641 4769
 4568 4640 4782
 4543 4643 4755
 4556 4642 4770
 4545 4645 4757
 4558 4644 4772
 4450 4648 4650
 4511 4648 4707
 4646 4647 4861
 4451 4650 4651
 4646 4649 4863
 4628 4649 4826
 4513 4653 4725
 4610 4652 4828
 4515 4655 4727
 4634 4654 4830
 4517 4657 4713
 4614 4656 4814
 4519 4659 4729
 4636 4658 4832
 4569 4661 4783
 4584 4660 4800
 4557 4663 4771
 4570 4662 4784
 4559 4665 4773
 4572 4664 4786
 4472 4668 4670
 4529 4668 4761
 4666 4667 4880
 4474 4670 4672
 4666 4669 4882
 4476 4672 4674
 4669 4671 4884
 4478 4674 4676
 4671 4673 4886
 4480 4676 4678
 4673 4675 4888
 4482 4678 4680
 4675 4677 4890
 4484 4680 4682
 4677 4679 4892
 4486 4682 4684
 4679 4681 4894
 4488 4684 4686
 4681 4683 4896
 4490 4686 4688
 4683 4685 4898
 4492 4688 4690
 4685 4687 4900
 4494 4690 4692
 4687 4689 4902
 4496 4692 4694
 4689 4691 4904
 4498 4694 4696
 4691 4693 4847
 4500 4696 4698
 4693 4695 4846
 4502 4698 4700
 4695 4697 4849
 4504 4700 4702
 4697 4699 4851
 4506 4702 4704
 4699 4701 4853
 4507 4704 4706
 4701 4703 4855
 4510 4706 4707
 4703 4705 4858
 4647 4705 4859
 4531 4709 4723
 4630 4708 4866
 4533 4711 4745
 4632 4710 4868
 4535 4713 4747
 4656 4712 4870
 4537 4715 4749
 4638 4714 4872
 4585 4717 4801
 4600 4716 4820
 4571 4719 4785
 4586 4718 4802
 4573 4721 4787
 4588 4720 4804
 4547 4723 4743
 4708 4722 4919
 4549 4725 4763
 4652 4724 4907
 4551 4727 4765
 4654 4726 4909
 4553 4729 4767
 4658 4728 4911
 4583 4731 4799
 4596 4730 4818
 4597 4733 4819
 4618 4732 4836
 4601 4735 4821
 4622 4734 4840
 4587 4737 4803
 4602 4736 4822
 4603 4739 4823
 4624 4738 4842
 4589 4741 4805
 4604 4740 4824
 4561 4743 4775
 4722 4742 4933
 4563 4745 4777
 4710 4744 4921
 4565 4747 4779
 4712 4746 4923
 4567 4749 4781
 4714 4748 4925
 4751 4838 NaN
 4619 4750 4837
 4599 4753 4839
 4620 4752 4874
 4623 4755 4841
 4642 4754 4876
 4625 4757 4843
 4644 4756 4878
 4605 4759 4825
 4626 4758 4844
 4627 4761 4845
 4667 4760 4881
 4577 4763 4791
 4724 4762 4935
 4579 4765 4795
 4726 4764 4937
 4581 4767 4797
 4728 4766 4939
 4621 4769 4875
 4640 4768 4913
 4643 4771 4877
 4662 4770 4915
 4645 4773 4879
 4664 4772 4917
 4575 4775 4789
 4742 4774 4949
 4591 4777 4793
 4744 4776 4953
 4593 4779 4813
 4746 4778 4955
 4595 4781 4817
 4748 4780 4957
 4641 4783 4914
 4660 4782 4927
 4663 4785 4916
 4718 4784 4929
 4665 4787 4918
 4720 4786 4931
 4607 4789 4807
 4774 4788 4967
 4609 4791 4809
 4762 4790 4951
 4611 4793 4829
 4776 4792 4969
 4613 4795 4811
 4764 4794 4971
 4615 4797 4815
 4766 4796 4973
 4617 4799 4835
 4730 4798 4941
 4661 4801 4928
 4716 4800 4943
 4719 4803 4930
 4736 4802 4945
 4721 4805 4932
 4740 4804 4947
 4629 4807 4827
 4788 4806 4989
 4631 4809 4867
 4790 4808 4991
 4633 4811 4869
 4794 4810 4993
 4635 4813 4831
 4778 4812 4995
 4657 4815 4871
 4796 4814 4997
 4637 4817 4833
 4780 4816 4975
 4731 4819 4942
 4732 4818 4959
 4717 4821 4944
 4734 4820 4961
 4737 4823 4946
 4738 4822 4963
 4741 4825 4948
 4758 4824 4965
 4651 4827 4865
 4806 4826 5005
 4653 4829 4908
 4792 4828 5007
 4655 4831 4910
 4812 4830 5009
 4659 4833 4912
 4816 4832 5011
 4639 4835 4873
 4798 4834 5013
 4733 4837 4960
 4751 4836 4978
 4750 4977 NaN
 4752 4979 NaN
 4735 4841 4962
 4754 4840 4983
 4739 4843 4964
 4756 4842 4985
 4759 4845 4966
 4760 4844 4987
 4696 4848 4850
 4694 4848 4906
 4846 4847 5040
 4698 4850 4852
 4846 4849 5042
 4700 4852 4854
 4849 4851 5044
 4702 4854 4856
 4851 4853 5046
 4704 4856 4857
 4853 4855 5048
 4855 4858 5050
 4706 4857 4860
 4707 4860 4862
 4858 4859 5052
 4648 4862 4864
 4859 4861 5054
 4650 4864 4865
 4861 4863 5056
 4826 4863 5021
 4709 4867 4920
 4808 4866 5023
 4711 4869 4922
 4810 4868 5025
 4713 4871 4924
 4814 4870 5027
 4715 4873 4926
 4834 4872 5029
 4753 4875 4980
 4768 4874 4981
 4755 4877 4984
 4770 4876 5001
 4757 4879 4986
 4772 4878 5003
 4668 4881 4883
 4761 4880 4988
 4670 4883 4885
 4880 4882 5078
 4672 4885 4887
 4882 4884 5077
 4674 4887 4889
 4884 4886 5080
 4676 4889 4891
 4886 4888 5082
 4678 4891 4893
 4888 4890 5084
 4680 4893 4895
 4890 4892 5086
 4682 4895 4897
 4892 4894 5088
 4684 4897 4899
 4894 4896 5090
 4686 4899 4901
 4896 4898 5092
 4688 4901 4903
 4898 4900 5094
 4690 4903 4905
 4900 4902 5096
 4692 4905 4906
 4902 4904 5038
 4847 4904 5037
 4725 4908 4936
 4828 4907 5059
 4727 4910 4938
 4830 4909 5061
 4729 4912 4940
 4832 4911 5063
 4769 4914 4982
 4782 4913 4999
 4771 4916 5002
 4784 4915 5017
 4773 4918 5004
 4786 4917 5019
 4723 4920 4934
 4866 4919 5099
 4745 4922 4954
 4868 4921 5103
 4747 4924 4956
 4870 4923 5105
 4749 4926 4958
 4872 4925 5107
 4783 4928 5000
 4800 4927 5015
 4785 4930 5018
 4802 4929 5033
 4787 4932 5020
 4804 4931 5035
 4743 4934 4950
 4919 4933 5121
 4763 4936 4952
 4907 4935 5101
 4765 4938 4972
 4909 4937 5123
 4767 4940 4974
 4911 4939 5125
 4799 4942 5014
 4818 4941 5065
 4801 4944 5016
 4820 4943 5031
 4803 4946 5034
 4822 4945 5073
 4805 4948 5036
 4824 4947 5075
 4775 4950 4968
 4933 4949 5133
 4791 4952 4992
 4935 4951 5135
 4777 4954 4970
 4921 4953 5137
 4779 4956 4996
 4923 4955 5139
 4781 4958 4976
 4925 4957 5141
 4819 4960 5066
 4836 4959 5067
 4821 4962 5032
 4840 4961 5071
 4823 4964 5074
 4842 4963 5113
 4825 4966 5076
 4844 4965 5117
 4789 4968 4990
 4949 4967 5149
 4793 4970 5008
 4953 4969 5151
 4795 4972 4994
 4937 4971 5153
 4797 4974 4998
 4939 4973 5155
 4817 4976 5012
 4957 4975 5157
 4838 4978 5069
 4837 4977 5068
 4839 4980 5070
 4874 4979 5109
 4875 4982 5110
 4913 4981 5127
 4841 4984 5072
 4876 4983 5111
 4843 4986 5114
 4878 4985 5115
 4845 4988 5118
 4881 4987 5119
 4807 4990 5006
 4967 4989 5165
 4809 4992 5024
 4951 4991 5167
 4811 4994 5026
 4971 4993 5169
 4813 4996 5010
 4955 4995 5171
 4815 4998 5028
 4973 4997 5173
 4914 5000 5128
 4927 4999 5143
 4877 5002 5112
 4915 5001 5129
 4879 5004 5116
 4917 5003 5131
 4827 5006 5022
 4989 5005 5186
 4829 5008 5060
 4969 5007 5188
 4831 5010 5062
 4995 5009 5190
 4833 5012 5064
 4975 5011 5192
 4835 5014 5030
 4941 5013 5175
 4928 5016 5144
 4943 5015 5159
 4916 5018 5130
 4929 5017 5145
 4918 5020 5132
 4931 5019 5147
 4865 5022 5058
 5005 5021 5204
 4867 5024 5100
 4991 5023 5206
 4869 5026 5104
 4993 5025 5208
 4871 5028 5106
 4997 5027 5210
 4873 5030 5108
 5013 5029 5212
 4944 5032 5160
 4961 5031 5180
 4930 5034 5146
 4945 5033 5161
 4932 5036 5148
 4947 5035 5163
 4906 5039 5041
 4905 5039 5098
 5037 5038 5237
 4848 5041 5043
 5037 5040 5239
 4850 5043 5045
 5040 5042 5241
 4852 5045 5047
 5042 5044 5243
 4854 5047 5049
 5044 5046 5245
 4856 5049 5051
 5046 5048 5247
 4857 5051 5053
 5048 5050 5249
 4860 5053 5055
 5050 5052 5252
 4862 5055 5057
 5052 5054 5253
 4864 5057 5058
 5054 5056 5255
 5021 5056 5257
 4908 5060 5102
 5007 5059 5220
 4910 5062 5124
 5009 5061 5222
 4912 5064 5126
 5011 5063 5224
 4942 5066 5176
 4959 5065 5178
 4960 5068 5179
 4978 5067 5195
 4977 5194 NaN
 4979 5196 NaN
 4962 5072 5181
 4983 5071 5198
 4946 5074 5162
 4963 5073 5182
 4948 5076 5164
 4965 5075 5184
 4885 5079 5081
 4883 5079 5120
 5077 5078 5232
 4887 5081 5083
 5077 5080 5276
 4889 5083 5085
 5080 5082 5278
 4891 5085 5087
 5082 5084 5280
 4893 5087 5089
 5084 5086 5282
 4895 5089 5091
 5086 5088 5284
 4897 5091 5093
 5088 5090 5286
 4899 5093 5095
 5090 5092 5288
 4901 5095 5097
 5092 5094 5290
 4903 5097 5098
 5094 5096 5235
 5038 5096 5234
 4920 5100 5122
 5023 5099 5260
 4936 5102 5136
 5059 5101 5262
 4922 5104 5138
 5025 5103 5264
 4924 5106 5140
 5027 5105 5266
 4926 5108 5142
 5029 5107 5268
 4980 5110 5197
 4981 5109 5214
 4984 5112 5199
 5001 5111 5216
 4964 5114 5183
 4985 5113 5200
 4986 5116 5201
 5003 5115 5218
 4966 5118 5185
 4987 5117 5202
 4988 5120 5203
 5078 5119 5233
 4934 5122 5134
 5099 5121 5305
 4938 5124 5154
 5061 5123 5293
 4940 5126 5156
 5063 5125 5295
 4982 5128 5215
 4999 5127 5226
 5002 5130 5217
 5017 5129 5228
 5004 5132 5219
 5019 5131 5230
 4950 5134 5150
 5121 5133 5306
 4952 5136 5168
 5101 5135 5309
 4954 5138 5152
 5103 5137 5311
 4956 5140 5172
 5105 5139 5313
 4958 5142 5158
 5107 5141 5315
 5000 5144 5227
 5015 5143 5270
 5018 5146 5229
 5033 5145 5272
 5020 5148 5231
 5035 5147 5274
 4968 5150 5166
 5133 5149 5327
 4970 5152 5189
 5137 5151 5329
 4972 5154 5170
 5123 5153 5331
 4974 5156 5174
 5125 5155 5333
 4976 5158 5193
 5141 5157 5335
 5016 5160 5271
 5031 5159 5299
 5034 5162 5273
 5073 5161 5301
 5036 5164 5275
 5075 5163 5303
 4990 5166 5187
 5149 5165 5345
 4992 5168 5207
 5135 5167 5347
 4994 5170 5209
 5153 5169 5349
 4996 5172 5191
 5139 5171 5351
 4998 5174 5211
 5155 5173 5353
 5014 5177 5213
 5065 5177 5297
 5175 5176 5371
 5066 5179 5298
 5067 5178 5317
 5032 5181 5300
 5071 5180 5321
 5074 5183 5302
 5113 5182 5323
 5076 5185 5304
 5117 5184 5325
 5006 5187 5205
 5165 5186 5363
 5008 5189 5221
 5151 5188 5365
 5010 5191 5223
 5171 5190 5367
 5012 5193 5225
 5157 5192 5369
 5069 5195 5319
 5068 5194 5318
 5070 5197 5320
 5109 5196 5337
 5072 5199 5322
 5111 5198 5339
 5114 5201 5324
 5115 5200 5341
 5118 5203 5326
 5119 5202 5343
 5022 5205 5259
 5186 5204 5379
 5024 5207 5261
 5167 5206 5381
 5026 5209 5265
 5169 5208 5383
 5028 5211 5267
 5173 5210 5385
 5030 5213 5269
 5175 5212 5387
 5110 5215 5338
 5127 5214 5355
 5112 5217 5340
 5129 5216 5359
 5116 5219 5342
 5131 5218 5361
 5060 5221 5263
 5188 5220 5397
 5062 5223 5294
 5190 5222 5399
 5064 5225 5296
 5192 5224 5401
 5128 5227 5356
 5143 5226 5357
 5130 5229 5360
 5145 5228 5375
 5132 5231 5362
 5147 5230 5377
 5079 5233 5277
 5120 5232 5344
 5098 5236 5238
 5097 5236 5292
 5234 5235 5436
 5039 5238 5240
 5234 5237 5438
 5041 5240 5242
 5237 5239 5440
 5043 5242 5244
 5239 5241 5442
 5045 5244 5246
 5241 5243 5444
 5047 5246 5248
 5243 5245 5446
 5049 5248 5250
 5245 5247 5448
 5051 5250 5251
 5247 5249 5450
 5249 5252 5452
 5053 5251 5254
 5055 5254 5256
 5252 5253 5454
 5057 5256 5258
 5253 5255 5456
 5058 5258 5259
 5255 5257 5458
 5204 5257 5413
 5100 5261 5308
 5206 5260 5415
 5102 5263 5310
 5220 5262 5417
 5104 5265 5312
 5208 5264 5419
 5106 5267 5314
 5210 5266 5421
 5108 5269 5316
 5212 5268 5423
 5144 5271 5358
 5159 5270 5373
 5146 5273 5376
 5161 5272 5393
 5148 5275 5378
 5163 5274 5395
 5081 5277 5279
 5232 5276 5476
 5083 5279 5281
 5276 5278 5479
 5085 5281 5283
 5278 5280 5481
 5087 5283 5285
 5280 5282 5483
 5089 5285 5287
 5282 5284 5485
 5091 5287 5289
 5284 5286 5487
 5093 5289 5291
 5286 5288 5489
 5095 5291 5292
 5288 5290 5434
 5235 5290 5433
 5124 5294 5332
 5222 5293 5462
 5126 5296 5334
 5224 5295 5464
 5176 5298 5372
 5178 5297 5389
 5160 5300 5374
 5180 5299 5391
 5162 5302 5394
 5182 5301 5409
 5164 5304 5396
 5184 5303 5411
 5122 5307 5308
 5134 5307 5328
 5305 5306 5509
 5260 5305 5492
 5136 5310 5348
 5262 5309 5495
 5138 5312 5330
 5264 5311 5497
 5140 5314 5352
 5266 5313 5499
 5142 5316 5336
 5268 5315 5466
 5179 5318 5390
 5195 5317 5404
 5194 5403 NaN
 5196 5405 NaN
 5181 5322 5392
 5198 5321 5407
 5183 5324 5410
 5200 5323 5429
 5185 5326 5412
 5202 5325 5431
 5150 5328 5346
 5306 5327 5527
 5152 5330 5366
 5311 5329 5511
 5154 5332 5350
 5293 5331 5513
 5156 5334 5354
 5295 5333 5501
 5158 5336 5370
 5315 5335 5517
 5197 5338 5406
 5214 5337 5425
 5199 5340 5408
 5216 5339 5427
 5201 5342 5430
 5218 5341 5472
 5203 5344 5432
 5233 5343 5477
 5166 5346 5364
 5327 5345 5545
 5168 5348 5382
 5309 5347 5529
 5170 5350 5384
 5331 5349 5531
 5172 5352 5368
 5313 5351 5515
 5174 5354 5386
 5333 5353 5533
 5215 5356 5426
 5226 5355 5468
 5227 5358 5469
 5270 5357 5503
 5217 5360 5428
 5228 5359 5470
 5219 5362 5473
 5230 5361 5474
 5187 5364 5380
 5345 5363 5561
 5189 5366 5398
 5329 5365 5547
 5191 5368 5400
 5351 5367 5549
 5193 5370 5402
 5335 5369 5551
 5177 5372 5388
 5297 5371 5519
 5271 5374 5504
 5299 5373 5521
 5229 5376 5471
 5272 5375 5505
 5231 5378 5475
 5274 5377 5507
 5205 5380 5414
 5363 5379 5575
 5207 5382 5416
 5347 5381 5563
 5209 5384 5420
 5349 5383 5565
 5211 5386 5422
 5353 5385 5567
 5213 5388 5424
 5371 5387 5585
 5298 5390 5520
 5317 5389 5535
 5300 5392 5522
 5321 5391 5539
 5273 5394 5506
 5301 5393 5523
 5275 5396 5508
 5303 5395 5525
 5221 5398 5418
 5365 5397 5579
 5223 5400 5463
 5367 5399 5581
 5225 5402 5465
 5369 5401 5583
 5319 5404 5537
 5318 5403 5536
 5320 5406 5538
 5337 5405 5553
 5322 5408 5540
 5339 5407 5555
 5302 5410 5524
 5323 5409 5541
 5304 5412 5526
 5325 5411 5543
 5259 5414 5460
 5379 5413 5593
 5261 5416 5493
 5381 5415 5577
 5263 5418 5496
 5397 5417 5595
 5265 5420 5498
 5383 5419 5597
 5267 5422 5500
 5385 5421 5599
 5269 5424 5467
 5387 5423 5601
 5338 5426 5554
 5355 5425 5569
 5340 5428 5556
 5359 5427 5571
 5324 5430 5542
 5341 5429 5557
 5326 5432 5544
 5343 5431 5559
 5292 5435 5437
 5291 5435 5491
 5433 5434 5635
 5236 5437 5439
 5433 5436 5637
 5238 5439 5441
 5436 5438 5639
 5240 5441 5443
 5438 5440 5641
 5242 5443 5445
 5440 5442 5643
 5244 5445 5447
 5442 5444 5645
 5246 5447 5449
 5444 5446 5647
 5248 5449 5451
 5446 5448 5649
 5250 5451 5453
 5448 5450 5651
 5251 5453 5455
 5450 5452 5653
 5254 5455 5457
 5452 5454 5656
 5256 5457 5459
 5454 5456 5657
 5258 5459 5461
 5456 5458 5659
 5413 5461 5609
 5458 5460 5661
 5294 5463 5514
 5399 5462 5613
 5296 5465 5502
 5401 5464 5615
 5316 5467 5518
 5423 5466 5617
 5356 5469 5570
 5357 5468 5587
 5360 5471 5572
 5375 5470 5589
 5342 5473 5558
 5361 5472 5573
 5362 5475 5574
 5377 5474 5591
 5277 5478 5480
 5344 5478 5560
 5476 5477 5628
 5279 5480 5482
 5476 5479 5627
 5281 5482 5484
 5479 5481 5681
 5283 5484 5486
 5481 5483 5683
 5285 5486 5488
 5483 5485 5685
 5287 5488 5490
 5485 5487 5631
 5289 5490 5491
 5487 5489 5630
 5434 5489 5633
 5308 5494 5510
 5415 5494 5611
 5492 5493 5689
 5310 5496 5530
 5417 5495 5663
 5312 5498 5512
 5419 5497 5665
 5314 5500 5516
 5421 5499 5667
 5334 5502 5534
 5464 5501 5669
 5358 5504 5588
 5373 5503 5603
 5376 5506 5590
 5393 5505 5605
 5378 5508 5592
 5395 5507 5607
 5307 5510 5528
 5492 5509 5707
 5330 5512 5548
 5497 5511 5691
 5332 5514 5532
 5462 5513 5693
 5352 5516 5550
 5499 5515 5695
 5336 5518 5552
 5466 5517 5697
 5372 5520 5586
 5389 5519 5619
 5374 5522 5604
 5391 5521 5621
 5394 5524 5606
 5409 5523 5623
 5396 5526 5608
 5411 5525 5625
 5328 5528 5546
 5509 5527 5708
 5348 5530 5564
 5495 5529 5711
 5350 5532 5566
 5513 5531 5713
 5354 5534 5568
 5501 5533 5715
 5390 5536 5620
 5404 5535 5672
 5403 5671 NaN
 5405 5673 NaN
 5392 5540 5622
 5407 5539 5675
 5410 5542 5624
 5429 5541 5677
 5412 5544 5626
 5431 5543 5679
 5346 5546 5562
 5527 5545 5723
 5366 5548 5580
 5511 5547 5725
 5368 5550 5582
 5515 5549 5727
 5370 5552 5584
 5517 5551 5729
 5406 5554 5674
 5425 5553 5699
 5408 5556 5676
 5427 5555 5701
 5430 5558 5678
 5472 5557 5703
 5432 5560 5680
 5477 5559 5705
 5364 5562 5576
 5545 5561 5741
 5382 5564 5578
 5529 5563 5743
 5384 5566 5598
 5531 5565 5745
 5386 5568 5600
 5533 5567 5747
 5426 5570 5700
 5468 5569 5717
 5428 5572 5702
 5470 5571 5719
 5473 5574 5704
 5474 5573 5721
 5380 5576 5594
 5561 5575 5759
 5416 5578 5612
 5563 5577 5761
 5398 5580 5596
 5547 5579 5763
 5400 5582 5614
 5549 5581 5765
 5402 5584 5616
 5551 5583 5767
 5388 5586 5602
 5519 5585 5731
 5469 5588 5718
 5503 5587 5733
 5471 5590 5720
 5505 5589 5737
 5475 5592 5722
 5507 5591 5739
 5414 5594 5610
 5575 5593 5777
 5418 5596 5664
 5579 5595 5793
 5420 5598 5666
 5565 5597 5779
 5422 5600 5668
 5567 5599 5781
 5424 5602 5618
 5585 5601 5799
 5504 5604 5734
 5521 5603 5735
 5506 5606 5738
 5523 5605 5755
 5508 5608 5740
 5525 5607 5757
 5460 5610 5688
 5593 5609 5810
 5493 5612 5690
 5577 5611 5791
 5463 5614 5694
 5581 5613 5795
 5465 5616 5670
 5583 5615 5797
 5467 5618 5698
 5601 5617 5800
 5520 5620 5732
 5535 5619 5749
 5522 5622 5736
 5539 5621 5753
 5524 5624 5756
 5541 5623 5773
 5526 5626 5758
 5543 5625 5775
 5480 5629 5682
 5478 5629 5706
 5627 5628 5828
 5490 5632 5634
 5488 5632 5687
 5630 5631 5833
 5491 5634 5636
 5630 5633 5835
 5435 5636 5638
 5633 5635 5837
 5437 5638 5640
 5635 5637 5839
 5439 5640 5642
 5637 5639 5841
 5441 5642 5644
 5639 5641 5843
 5443 5644 5646
 5641 5643 5845
 5445 5646 5648
 5643 5645 5847
 5447 5648 5650
 5645 5647 5849
 5449 5650 5652
 5647 5649 5851
 5451 5652 5654
 5649 5651 5853
 5453 5654 5655
 5651 5653 5855
 5653 5656 5857
 5455 5655 5658
 5457 5658 5660
 5656 5657 5859
 5459 5660 5662
 5657 5659 5861
 5461 5662 5688
 5659 5661 5863
 5496 5664 5712
 5595 5663 5812
 5498 5666 5692
 5597 5665 5814
 5500 5668 5696
 5599 5667 5816
 5502 5670 5716
 5615 5669 5818
 5537 5672 5751
 5536 5671 5750
 5538 5674 5752
 5553 5673 5769
 5540 5676 5754
 5555 5675 5771
 5542 5678 5774
 5557 5677 5787
 5544 5680 5776
 5559 5679 5789
 5482 5682 5684
 5627 5681 5886
 5484 5684 5686
 5681 5683 5888
 5486 5686 5687
 5683 5685 5831
 5631 5685 5830
 5609 5661 5865
 5494 5690 5710
 5611 5689 5868
 5512 5692 5726
 5665 5691 5870
 5514 5694 5714
 5613 5693 5872
 5516 5696 5728
 5667 5695 5874
 5518 5698 5730
 5617 5697 5876
 5554 5700 5770
 5569 5699 5783
 5556 5702 5772
 5571 5701 5785
 5558 5704 5788
 5573 5703 5808
 5560 5706 5790
 5628 5705 5829
 5510 5709 5710
 5528 5709 5724
 5707 5708 5909
 5689 5707 5891
 5530 5712 5744
 5663 5711 5893
 5532 5714 5746
 5693 5713 5895
 5534 5716 5748
 5669 5715 5897
 5570 5718 5784
 5587 5717 5804
 5572 5720 5786
 5589 5719 5806
 5574 5722 5809
 5591 5721 5824
 5546 5724 5742
 5708 5723 5923
 5548 5726 5764
 5691 5725 5911
 5550 5728 5766
 5695 5727 5913
 5552 5730 5768
 5697 5729 5915
 5586 5732 5803
 5619 5731 5878
 5588 5734 5805
 5603 5733 5820
 5604 5736 5821
 5621 5735 5880
 5590 5738 5807
 5605 5737 5822
 5592 5740 5825
 5607 5739 5826
 5562 5742 5760
 5723 5741 5939
 5564 5744 5762
 5711 5743 5925
 5566 5746 5780
 5713 5745 5927
 5568 5748 5782
 5715 5747 5929
 5620 5750 5879
 5672 5749 5900
 5671 5899 NaN
 5673 5901 NaN
 5622 5754 5881
 5675 5753 5903
 5606 5756 5823
 5623 5755 5882
 5608 5758 5827
 5625 5757 5884
 5576 5760 5778
 5741 5759 5955
 5578 5762 5792
 5743 5761 5941
 5580 5764 5794
 5725 5763 5943
 5582 5766 5796
 5727 5765 5945
 5584 5768 5798
 5729 5767 5947
 5674 5770 5902
 5699 5769 5917
 5676 5772 5904
 5701 5771 5919
 5624 5774 5883
 5677 5773 5905
 5626 5776 5885
 5679 5775 5907
 5594 5778 5811
 5759 5777 5973
 5598 5780 5815
 5745 5779 5957
 5600 5782 5817
 5747 5781 5959
 5700 5784 5918
 5717 5783 5931
 5702 5786 5920
 5719 5785 5933
 5678 5788 5906
 5703 5787 5921
 5680 5790 5908
 5705 5789 5937
 5612 5792 5869
 5761 5791 5975
 5596 5794 5813
 5763 5793 5977
 5614 5796 5873
 5765 5795 5979
 5616 5798 5819
 5767 5797 5961
 5602 5801 5802
 5618 5801 5877
 5799 5800 5963
 5799 5803 5964
 5731 5802 5965
 5718 5805 5932
 5733 5804 5949
 5720 5807 5934
 5737 5806 5951
 5704 5809 5922
 5721 5808 5935
 5610 5811 5867
 5777 5810 5991
 5664 5813 5894
 5793 5812 5993
 5666 5815 5871
 5779 5814 5995
 5668 5817 5875
 5781 5816 5997
 5670 5819 5898
 5797 5818 5999
 5734 5821 5950
 5735 5820 5967
 5738 5823 5952
 5755 5822 5969
 5722 5825 5936
 5739 5824 5953
 5740 5827 5954
 5757 5826 5971
 5629 5829 5887
 5706 5828 5938
 5687 5832 5834
 5686 5832 5890
 5830 5831 6027
 5632 5834 5836
 5830 5833 6030
 5634 5836 5838
 5833 5835 6032
 5636 5838 5840
 5835 5837 6034
 5638 5840 5842
 5837 5839 6036
 5640 5842 5844
 5839 5841 6038
 5642 5844 5846
 5841 5843 6040
 5644 5846 5848
 5843 5845 6042
 5646 5848 5850
 5845 5847 6044
 5648 5850 5852
 5847 5849 6046
 5650 5852 5854
 5849 5851 6048
 5652 5854 5856
 5851 5853 6050
 5654 5856 5858
 5853 5855 6052
 5655 5858 5860
 5855 5857 6054
 5658 5860 5862
 5857 5859 6057
 5660 5862 5864
 5859 5861 6058
 5662 5864 5866
 5861 5863 6060
 5688 5866 5867
 5863 5865 6062
 5810 5865 6009
 5690 5869 5892
 5791 5868 6011
 5692 5871 5912
 5814 5870 6013
 5694 5873 5896
 5795 5872 6015
 5696 5875 5914
 5816 5874 6017
 5698 5877 5916
 5800 5876 6019
 5732 5879 5966
 5749 5878 5981
 5736 5881 5968
 5753 5880 5985
 5756 5883 5970
 5773 5882 5987
 5758 5885 5972
 5775 5884 5989
 5682 5887 5889
 5828 5886 6077
 5684 5889 5890
 5886 5888 6080
 5831 5888 6028
 5710 5892 5910
 5868 5891 6083
 5712 5894 5926
 5812 5893 6065
 5714 5896 5928
 5872 5895 6067
 5716 5898 5930
 5818 5897 6069
 5751 5900 5983
 5750 5899 5982
 5752 5902 5984
 5769 5901 6001
 5754 5904 5986
 5771 5903 6003
 5774 5906 5988
 5787 5905 6005
 5776 5908 5990
 5789 5907 6007
 5709 5910 5924
 5891 5909 6101
 5726 5912 5944
 5870 5911 6085
 5728 5914 5946
 5874 5913 6087
 5730 5916 5948
 5876 5915 6089
 5770 5918 6002
 5783 5917 6021
 5772 5920 6004
 5785 5919 6023
 5788 5922 6006
 5808 5921 6025
 5724 5924 5940
 5909 5923 6119
 5744 5926 5942
 5893 5925 6103
 5746 5928 5958
 5895 5927 6105
 5748 5930 5960
 5897 5929 6107
 5784 5932 6022
 5804 5931 6071
 5786 5934 6024
 5806 5933 6073
 5809 5936 6026
 5824 5935 6075
 5790 5938 6008
 5829 5937 6078
 5742 5940 5956
 5923 5939 6137
 5762 5942 5976
 5925 5941 6141
 5764 5944 5978
 5911 5943 6121
 5766 5946 5980
 5913 5945 6123
 5768 5948 5962
 5915 5947 6125
 5805 5950 6072
 5820 5949 6095
 5807 5952 6074
 5822 5951 6097
 5825 5954 6076
 5826 5953 6099
 5760 5956 5974
 5939 5955 6138
 5780 5958 5996
 5927 5957 6143
 5782 5960 5998
 5929 5959 6145
 5798 5962 6000
 5947 5961 6147
 5801 5964 6020
 5802 5963 6091
 5803 5966 6092
 5878 5965 6093
 5821 5968 6096
 5880 5967 6113
 5823 5970 6098
 5882 5969 6115
 5827 5972 6100
 5884 5971 6117
 5778 5974 5992
 5955 5973 6157
 5792 5976 6012
 5941 5975 6159
 5794 5978 5994
 5943 5977 6161
 5796 5980 6016
 5945 5979 6163
 5879 5982 6094
 5900 5981 6109
 5899 6110 NaN
 5901 6111 NaN
 5881 5986 6114
 5903 5985 6129
 5883 5988 6116
 5905 5987 6133
 5885 5990 6118
 5907 5989 6135
 5811 5992 6010
 5973 5991 6189
 5813 5994 6066
 5977 5993 6173
 5815 5996 6014
 5957 5995 6175
 5817 5998 6018
 5959 5997 6165
 5819 6000 6070
 5961 5999 6177
 5902 6002 6112
 5917 6001 6127
 5904 6004 6130
 5919 6003 6131
 5906 6006 6134
 5921 6005 6153
 5908 6008 6136
 5937 6007 6155
 5867 6010 6064
 5991 6009 6209
 5869 6012 6084
 5975 6011 6191
 5871 6014 6086
 5995 6013 6193
 5873 6016 6068
 5979 6015 6195
 5875 6018 6088
 5997 6017 6197
 5877 6020 6090
 5963 6019 6179
 5918 6022 6128
 5931 6021 6149
 5920 6024 6132
 5933 6023 6151
 5922 6026 6154
 5935 6025 6171
 5832 6029 6031
 5890 6029 6082
 6027 6028 6230
 5834 6031 6033
 6027 6030 6233
 5836 6033 6035
 6030 6032 6235
 5838 6035 6037
 6032 6034 6237
 5840 6037 6039
 6034 6036 6239
 5842 6039 6041
 6036 6038 6241
 5844 6041 6043
 6038 6040 6243
 5846 6043 6045
 6040 6042 6245
 5848 6045 6047
 6042 6044 6247
 5850 6047 6049
 6044 6046 6249
 5852 6049 6051
 6046 6048 6251
 5854 6051 6053
 6048 6050 6253
 5856 6053 6055
 6050 6052 6255
 5858 6055 6056
 6052 6054 6257
 6054 6057 6259
 5860 6056 6059
 5862 6059 6061
 6057 6058 6261
 5864 6061 6063
 6058 6060 6263
 5866 6063 6064
 6060 6062 6265
 6009 6062 6210
 5894 6066 6104
 5993 6065 6213
 5896 6068 6106
 6015 6067 6215
 5898 6070 6108
 5999 6069 6217
 5932 6072 6150
 5949 6071 6167
 5934 6074 6152
 5951 6073 6169
 5936 6076 6172
 5953 6075 6187
 5887 6079 6081
 5938 6079 6156
 6077 6078 6227
 5889 6081 6082
 6077 6080 6228
 6028 6080 6231
 5892 6084 6102
 6011 6083 6268
 5912 6086 6122
 6013 6085 6270
 5914 6088 6124
 6017 6087 6272
 5916 6090 6126
 6019 6089 6274
 5964 6092 6180
 5965 6091 6181
 5966 6094 6182
 5981 6093 6199
 5950 6096 6168
 5967 6095 6183
 5952 6098 6170
 5969 6097 6185
 5954 6100 6188
 5971 6099 6207
 5910 6102 6120
 6083 6101 6286
 5926 6104 6142
 6065 6103 6288
 5928 6106 6144
 6067 6105 6290
 5930 6108 6146
 6069 6107 6292
 5982 6110 6200
 5983 6109 6202
 5984 6112 6201
 6001 6111 6219
 5968 6114 6184
 5985 6113 6203
 5970 6116 6186
 5987 6115 6205
 5972 6118 6208
 5989 6117 6225
 5924 6120 6140
 6101 6119 6300
 5944 6122 6162
 6085 6121 6302
 5946 6124 6164
 6087 6123 6304
 5948 6126 6148
 6089 6125 6306
 6002 6128 6220
 6021 6127 6276
 5986 6130 6204
 6003 6129 6221
 6004 6132 6222
 6023 6131 6278
 5988 6134 6206
 6005 6133 6223
 5990 6136 6226
 6007 6135 6282
 5940 6139 6140
 5956 6139 6158
 6137 6138 6334
 6119 6137 6316
 5942 6142 6160
 6103 6141 6318
 5958 6144 6176
 6105 6143 6320
 5960 6146 6166
 6107 6145 6322
 5962 6148 6178
 6125 6147 6324
 6022 6150 6277
 6071 6149 6294
 6024 6152 6279
 6073 6151 6296
 6006 6154 6224
 6025 6153 6280
 6008 6156 6283
 6078 6155 6284
 5974 6158 6190
 6138 6157 6354
 5976 6160 6192
 6141 6159 6336
 5978 6162 6174
 6121 6161 6338
 5980 6164 6196
 6123 6163 6340
 5998 6166 6198
 6145 6165 6342
 6072 6168 6295
 6095 6167 6310
 6074 6170 6297
 6097 6169 6312
 6026 6172 6281
 6075 6171 6298
 5994 6174 6214
 6161 6173 6356
 5996 6176 6194
 6143 6175 6358
 6000 6178 6218
 6147 6177 6360
 6020 6180 6275
 6091 6179 6308
 6092 6182 6309
 6093 6181 6326
 6096 6184 6311
 6113 6183 6328
 6098 6186 6313
 6115 6185 6330
 6076 6188 6299
 6099 6187 6314
 5992 6190 6212
 6157 6189 6370
 6012 6192 6269
 6159 6191 6372
 6014 6194 6271
 6175 6193 6374
 6016 6196 6216
 6163 6195 6376
 6018 6198 6273
 6165 6197 6378
 6094 6200 6327
 6109 6199 6344
 6111 6346 NaN
 6110 6345 NaN
 6114 6204 6329
 6129 6203 6348
 6116 6206 6331
 6133 6205 6350
 6100 6208 6315
 6117 6207 6332
 6010 6211 6212
 6064 6211 6267
 6209 6210 6403
 6189 6209 6386
 6066 6214 6289
 6173 6213 6388
 6068 6216 6291
 6195 6215 6390
 6070 6218 6293
 6177 6217 6392
 6112 6220 6347
 6127 6219 6362
 6130 6222 6349
 6131 6221 6364
 6134 6224 6351
 6153 6223 6366
 6118 6226 6333
 6135 6225 6352
 6079 6229 6284
 6081 6229 6285
 6227 6228 6481
 6029 6232 6234
 6082 6232 6285
 6230 6231 6419
 6031 6234 6236
 6230 6233 6422
 6033 6236 6238
 6233 6235 6424
 6035 6238 6240
 6235 6237 6426
 6037 6240 6242
 6237 6239 6428
 6039 6242 6244
 6239 6241 6430
 6041 6244 6246
 6241 6243 6432
 6043 6246 6248
 6243 6245 6434
 6045 6248 6250
 6245 6247 6436
 6047 6250 6252
 6247 6249 6438
 6049 6252 6254
 6249 6251 6440
 6051 6254 6256
 6251 6253 6442
 6053 6256 6258
 6253 6255 6444
 6055 6258 6260
 6255 6257 6446
 6056 6260 6262
 6257 6259 6448
 6059 6262 6264
 6259 6261 6451
 6061 6264 6266
 6261 6263 6452
 6063 6266 6267
 6263 6265 6454
 6210 6265 6456
 6084 6269 6287
 6191 6268 6405
 6086 6271 6303
 6193 6270 6407
 6088 6273 6305
 6197 6272 6409
 6090 6275 6307
 6179 6274 6394
 6128 6277 6363
 6149 6276 6380
 6132 6279 6365
 6151 6278 6382
 6154 6281 6367
 6171 6280 6384
 6136 6283 6353
 6155 6282 6368
 6156 6227 6369
 6228 6231 6420
 6102 6287 6301
 6268 6286 6459
 6104 6289 6319
 6213 6288 6461
 6106 6291 6321
 6215 6290 6463
 6108 6293 6323
 6217 6292 6465
 6150 6295 6381
 6167 6294 6397
 6152 6297 6383
 6169 6296 6399
 6172 6299 6385
 6187 6298 6401
 6120 6301 6317
 6286 6300 6497
 6122 6303 6339
 6270 6302 6483
 6124 6305 6341
 6272 6304 6485
 6126 6307 6325
 6274 6306 6467
 6180 6309 6395
 6181 6308 6411
 6168 6311 6398
 6183 6310 6413
 6170 6313 6400
 6185 6312 6415
 6188 6315 6402
 6207 6314 6417
 6140 6317 6335
 6300 6316 6515
 6142 6319 6337
 6288 6318 6499
 6144 6321 6359
 6290 6320 6501
 6146 6323 6343
 6292 6322 6503
 6148 6325 6361
 6306 6324 6505
 6182 6327 6412
 6199 6326 6469
 6184 6329 6414
 6203 6328 6475
 6186 6331 6416
 6205 6330 6477
 6208 6333 6418
 6225 6332 6479
 6139 6335 6355
 6316 6334 6533
 6160 6337 6373
 6318 6336 6517
 6162 6339 6357
 6302 6338 6519
 6164 6341 6377
 6304 6340 6521
 6166 6343 6379
 6322 6342 6523
 6200 6345 6470
 6202 6344 6472
 6201 6347 6471
 6219 6346 6473
 6204 6349 6476
 6221 6348 6489
 6206 6351 6478
 6223 6350 6491
 6226 6353 6480
 6282 6352 6493
 6158 6355 6371
 6334 6354 6551
 6174 6357 6389
 6338 6356 6535
 6176 6359 6375
 6320 6358 6537
 6178 6361 6393
 6324 6360 6541
 6220 6363 6474
 6276 6362 6487
 6222 6365 6490
 6278 6364 6509
 6224 6367 6492
 6280 6366 6513
 6283 6369 6494
 6284 6368 6495
 6190 6371 6387
 6354 6370 6569
 6192 6373 6406
 6336 6372 6553
 6194 6375 6408
 6358 6374 6555
 6196 6377 6391
 6340 6376 6539
 6198 6379 6410
 6342 6378 6557
 6277 6381 6488
 6294 6380 6507
 6279 6383 6510
 6296 6382 6511
 6281 6385 6514
 6298 6384 6531
 6212 6387 6404
 6370 6386 6585
 6214 6389 6462
 6356 6388 6571
 6216 6391 6464
 6376 6390 6573
 6218 6393 6466
 6360 6392 6575
 6275 6396 6468
 6308 6396 6525
 6394 6395 6593
 6295 6398 6508
 6310 6397 6527
 6297 6400 6512
 6312 6399 6529
 6299 6402 6532
 6314 6401 6549
 6211 6404 6458
 6386 6403 6603
 6269 6406 6460
 6372 6405 6587
 6271 6408 6484
 6374 6407 6589
 6273 6410 6486
 6378 6409 6591
 6309 6412 6526
 6326 6411 6543
 6311 6414 6528
 6328 6413 6545
 6313 6416 6530
 6330 6415 6547
 6315 6418 6550
 6332 6417 6567
 6232 6421 6423
 6285 6421 6482
 6419 6420 6621
 6234 6423 6425
 6419 6422 6624
 6236 6425 6427
 6422 6424 6626
 6238 6427 6429
 6424 6426 6628
 6240 6429 6431
 6426 6428 6630
 6242 6431 6433
 6428 6430 6632
 6244 6433 6435
 6430 6432 6634
 6246 6435 6437
 6432 6434 6636
 6248 6437 6439
 6434 6436 6638
 6250 6439 6441
 6436 6438 6640
 6252 6441 6443
 6438 6440 6642
 6254 6443 6445
 6440 6442 6644
 6256 6445 6447
 6442 6444 6646
 6258 6447 6449
 6444 6446 6648
 6260 6449 6450
 6446 6448 6650
 6448 6451 6652
 6262 6450 6453
 6264 6453 6455
 6451 6452 6654
 6266 6455 6457
 6452 6454 6656
 6267 6457 6458
 6454 6456 6658
 6403 6456 6604
 6287 6460 6498
 6405 6459 6661
 6289 6462 6500
 6388 6461 6607
 6291 6464 6502
 6390 6463 6609
 6293 6466 6504
 6392 6465 6611
 6307 6468 6506
 6394 6467 6613
 6327 6470 6544
 6344 6469 6559
 6346 6561 NaN
 6345 6560 NaN
 6347 6474 6562
 6362 6473 6577
 6329 6476 6546
 6348 6475 6563
 6331 6478 6548
 6350 6477 6565
 6333 6480 6568
 6352 6479 6583
 6229 6482 6496
 6420 6481 6622
 6303 6484 6520
 6407 6483 6663
 6305 6486 6522
 6409 6485 6665
 6363 6488 6578
 6380 6487 6595
 6349 6490 6564
 6364 6489 6579
 6351 6492 6566
 6366 6491 6581
 6353 6494 6584
 6368 6493 6601
 6369 6496 6602
 6481 6495 6677
 6301 6498 6516
 6459 6497 6679
 6319 6500 6518
 6461 6499 6681
 6321 6502 6538
 6463 6501 6683
 6323 6504 6524
 6465 6503 6667
 6325 6506 6542
 6467 6505 6685
 6381 6508 6596
 6397 6507 6615
 6365 6510 6580
 6382 6509 6597
 6383 6512 6598
 6399 6511 6617
 6367 6514 6582
 6384 6513 6599
 6317 6516 6534
 6497 6515 6695
 6337 6518 6554
 6499 6517 6697
 6339 6520 6536
 6483 6519 6699
 6341 6522 6540
 6485 6521 6701
 6343 6524 6558
 6503 6523 6703
 6395 6526 6594
 6411 6525 6669
 6398 6528 6616
 6413 6527 6671
 6400 6530 6618
 6415 6529 6673
 6385 6532 6600
 6401 6531 6619
 6335 6534 6552
 6515 6533 6715
 6357 6536 6572
 6519 6535 6717
 6359 6538 6556
 6501 6537 6719
 6377 6540 6574
 6521 6539 6721
 6361 6542 6576
 6505 6541 6723
 6412 6544 6670
 6469 6543 6687
 6414 6546 6672
 6475 6545 6689
 6416 6548 6674
 6477 6547 6691
 6402 6550 6620
 6417 6549 6675
 6355 6552 6570
 6533 6551 6733
 6373 6554 6588
 6517 6553 6735
 6375 6556 6590
 6537 6555 6737
 6379 6558 6592
 6523 6557 6739
 6470 6560 6688
 6472 6559 6706
 6471 6562 6705
 6473 6561 6707
 6476 6564 6690
 6489 6563 6709
 6478 6566 6692
 6491 6565 6711
 6418 6568 6676
 6479 6567 6693
 6371 6570 6586
 6551 6569 6747
 6389 6572 6608
 6535 6571 6749
 6391 6574 6610
 6539 6573 6751
 6393 6576 6612
 6541 6575 6753
 6474 6578 6708
 6487 6577 6725
 6490 6580 6710
 6509 6579 6727
 6492 6582 6712
 6513 6581 6729
 6480 6584 6694
 6493 6583 6713
 6387 6586 6606
 6569 6585 6763
 6406 6588 6662
 6553 6587 6765
 6408 6590 6664
 6555 6589 6767
 6410 6592 6666
 6557 6591 6769
 6396 6594 6614
 6525 6593 6755
 6488 6596 6726
 6507 6595 6741
 6510 6598 6728
 6511 6597 6743
 6514 6600 6730
 6531 6599 6745
 6494 6602 6714
 6495 6601 6731
 6404 6605 6606
 6458 6605 6660
 6603 6604 6799
 6585 6603 6779
 6462 6608 6682
 6571 6607 6781
 6464 6610 6684
 6573 6609 6783
 6466 6612 6668
 6575 6611 6785
 6468 6614 6686
 6593 6613 6809
 6508 6616 6742
 6527 6615 6757
 6512 6618 6744
 6529 6617 6759
 6532 6620 6746
 6549 6619 6761
 6421 6623 6625
 6482 6623 6678
 6621 6622 6819
 6423 6625 6627
 6621 6624 6822
 6425 6627 6629
 6624 6626 6824
 6427 6629 6631
 6626 6628 6826
 6429 6631 6633
 6628 6630 6828
 6431 6633 6635
 6630 6632 6830
 6433 6635 6637
 6632 6634 6832
 6435 6637 6639
 6634 6636 6834
 6437 6639 6641
 6636 6638 6836
 6439 6641 6643
 6638 6640 6838
 6441 6643 6645
 6640 6642 6840
 6443 6645 6647
 6642 6644 6842
 6445 6647 6649
 6644 6646 6844
 6447 6649 6651
 6646 6648 6846
 6449 6651 6653
 6648 6650 6848
 6450 6653 6655
 6650 6652 6850
 6453 6655 6657
 6652 6654 6853
 6455 6657 6659
 6654 6656 6854
 6457 6659 6660
 6656 6658 6856
 6604 6658 6858
 6460 6662 6680
 6587 6661 6801
 6484 6664 6700
 6589 6663 6803
 6486 6666 6702
 6591 6665 6805
 6504 6668 6704
 6611 6667 6807
 6526 6670 6756
 6543 6669 6771
 6528 6672 6758
 6545 6671 6773
 6530 6674 6760
 6547 6673 6775
 6550 6676 6762
 6567 6675 6777
 6496 6678 6732
 6622 6677 6820
 6498 6680 6696
 6661 6679 6861
 6500 6682 6698
 6607 6681 6863
 6502 6684 6720
 6609 6683 6865
 6506 6686 6724
 6613 6685 6867
 6544 6688 6772
 6559 6687 6787
 6546 6690 6774
 6563 6689 6793
 6548 6692 6776
 6565 6691 6795
 6568 6694 6778
 6583 6693 6797
 6516 6696 6716
 6679 6695 6876
 6518 6698 6736
 6681 6697 6892
 6520 6700 6718
 6663 6699 6878
 6522 6702 6722
 6665 6701 6880
 6524 6704 6740
 6667 6703 6882
 6561 6789 NaN
 6560 6788 NaN
 6562 6708 6790
 6577 6707 6791
 6564 6710 6794
 6579 6709 6813
 6566 6712 6796
 6581 6711 6815
 6584 6714 6798
 6601 6713 6817
 6534 6716 6734
 6695 6715 6890
 6536 6718 6750
 6699 6717 6894
 6538 6720 6738
 6683 6719 6896
 6540 6722 6752
 6701 6721 6898
 6542 6724 6754
 6685 6723 6900
 6578 6726 6792
 6595 6725 6811
 6580 6728 6814
 6597 6727 6871
 6582 6730 6816
 6599 6729 6873
 6602 6732 6818
 6677 6731 6875
 6552 6734 6748
 6715 6733 6914
 6554 6736 6766
 6697 6735 6916
 6556 6738 6768
 6719 6737 6918
 6558 6740 6770
 6703 6739 6920
 6596 6742 6812
 6615 6741 6869
 6598 6744 6872
 6617 6743 6886
 6600 6746 6874
 6619 6745 6888
 6570 6748 6764
 6733 6747 6932
 6572 6750 6782
 6717 6749 6934
 6574 6752 6784
 6721 6751 6936
 6576 6754 6786
 6723 6753 6938
 6594 6756 6810
 6669 6755 6902
 6616 6758 6870
 6671 6757 6884
 6618 6760 6887
 6673 6759 6908
 6620 6762 6889
 6675 6761 6912
 6586 6764 6780
 6747 6763 6948
 6588 6766 6802
 6735 6765 6950
 6590 6768 6804
 6737 6767 6952
 6592 6770 6806
 6739 6769 6954
 6670 6772 6903
 6687 6771 6904
 6672 6774 6885
 6689 6773 6906
 6674 6776 6909
 6691 6775 6910
 6676 6778 6913
 6693 6777 6930
 6606 6780 6800
 6763 6779 6966
 6608 6782 6864
 6749 6781 6968
 6610 6784 6866
 6751 6783 6970
 6612 6786 6808
 6753 6785 6956
 6688 6788 6905
 6706 6787 6923
 6705 6790 6922
 6707 6789 6924
 6708 6792 6925
 6725 6791 6940
 6690 6794 6907
 6709 6793 6926
 6692 6796 6911
 6711 6795 6928
 6694 6798 6931
 6713 6797 6946
 6605 6800 6860
 6779 6799 6996
 6662 6802 6862
 6765 6801 6980
 6664 6804 6879
 6767 6803 6982
 6666 6806 6881
 6769 6805 6984
 6668 6808 6883
 6785 6807 6986
 6614 6810 6868
 6755 6809 6972
 6726 6812 6941
 6741 6811 6958
 6710 6814 6927
 6727 6813 6942
 6712 6816 6929
 6729 6815 6944
 6714 6818 6947
 6731 6817 6964
 6623 6821 6823
 6678 6821 6875
 6819 6820 7015
 6625 6823 6825
 6819 6822 7014
 6627 6825 6827
 6822 6824 7017
 6629 6827 6829
 6824 6826 7019
 6631 6829 6831
 6826 6828 7021
 6633 6831 6833
 6828 6830 7023
 6635 6833 6835
 6830 6832 7025
 6637 6835 6837
 6832 6834 7027
 6639 6837 6839
 6834 6836 7029
 6641 6839 6841
 6836 6838 7031
 6643 6841 6843
 6838 6840 7033
 6645 6843 6845
 6840 6842 7035
 6647 6845 6847
 6842 6844 7037
 6649 6847 6849
 6844 6846 7039
 6651 6849 6851
 6846 6848 7041
 6653 6851 6852
 6848 6850 7043
 6850 6853 7045
 6655 6852 6855
 6657 6855 6857
 6853 6854 7047
 6659 6857 6859
 6854 6856 7049
 6660 6859 6860
 6856 6858 7051
 6799 6858 7053
 6680 6862 6877
 6801 6861 7056
 6682 6864 6893
 6781 6863 6998
 6684 6866 6897
 6783 6865 7000
 6686 6868 6901
 6809 6867 7002
 6742 6870 6959
 6757 6869 6974
 6728 6872 6943
 6743 6871 6960
 6730 6874 6945
 6745 6873 6962
 6732 6820 6965
 6696 6877 6891
 6861 6876 7072
 6700 6879 6895
 6803 6878 7058
 6702 6881 6899
 6805 6880 7060
 6704 6883 6921
 6807 6882 7062
 6758 6885 6975
 6773 6884 6990
 6744 6887 6961
 6759 6886 6976
 6746 6889 6963
 6761 6888 6978
 6716 6891 6915
 6876 6890 7092
 6698 6893 6917
 6863 6892 7074
 6718 6895 6935
 6878 6894 7076
 6720 6897 6919
 6865 6896 7078
 6722 6899 6937
 6880 6898 7080
 6724 6901 6939
 6867 6900 7082
 6756 6903 6973
 6771 6902 6988
 6772 6905 6989
 6787 6904 7004
 6774 6907 6991
 6793 6906 7008
 6760 6909 6977
 6775 6908 6992
 6776 6911 6993
 6795 6910 7010
 6762 6913 6979
 6777 6912 6994
 6734 6915 6933
 6890 6914 7106
 6736 6917 6951
 6892 6916 7094
 6738 6919 6953
 6896 6918 7096
 6740 6921 6955
 6882 6920 7098
 6789 7006 NaN
 6788 7005 NaN
 6790 6925 7007
 6791 6924 7064
 6794 6927 7009
 6813 6926 7066
 6796 6929 7011
 6815 6928 7068
 6778 6931 6995
 6797 6930 7012
 6748 6933 6949
 6914 6932 7120
 6750 6935 6969
 6894 6934 7108
 6752 6937 6971
 6898 6936 7110
 6754 6939 6957
 6900 6938 7112
 6792 6941 7065
 6811 6940 7084
 6814 6943 7067
 6871 6942 7086
 6816 6945 7069
 6873 6944 7088
 6798 6947 7013
 6817 6946 7070
 6764 6949 6967
 6932 6948 7141
 6766 6951 6981
 6916 6950 7122
 6768 6953 6983
 6918 6952 7124
 6770 6955 6985
 6920 6954 7126
 6786 6957 6987
 6938 6956 7128
 6812 6959 7085
 6869 6958 7100
 6872 6961 7087
 6886 6960 7102
 6874 6963 7089
 6888 6962 7104
 6818 6965 7071
 6875 6964 7090
 6780 6967 6997
 6948 6966 7159
 6782 6969 6999
 6934 6968 7145
 6784 6971 7001
 6936 6970 7147
 6810 6973 7003
 6902 6972 7130
 6870 6975 7101
 6884 6974 7114
 6887 6977 7103
 6908 6976 7116
 6889 6979 7105
 6912 6978 7118
 6802 6981 7057
 6950 6980 7143
 6804 6983 7059
 6952 6982 7161
 6806 6985 7061
 6954 6984 7163
 6808 6987 7063
 6956 6986 7165
 6903 6989 7131
 6904 6988 7133
 6885 6991 7115
 6906 6990 7135
 6909 6993 7117
 6910 6992 7137
 6913 6995 7119
 6930 6994 7139
 6800 6997 7055
 6966 6996 7177
 6864 6999 7075
 6968 6998 7179
 6866 7001 7079
 6970 7000 7181
 6868 7003 7083
 6972 7002 7185
 6905 7005 7134
 6923 7004 7150
 6922 7007 7149
 6924 7006 7151
 6907 7009 7136
 6926 7008 7153
 6911 7011 7138
 6928 7010 7155
 6931 7013 7140
 6946 7012 7157
 6823 7016 7018
 6821 7016 7091
 7014 7015 7209
 6825 7018 7020
 7014 7017 7211
 6827 7020 7022
 7017 7019 7213
 6829 7022 7024
 7019 7021 7215
 6831 7024 7026
 7021 7023 7217
 6833 7026 7028
 7023 7025 7219
 6835 7028 7030
 7025 7027 7221
 6837 7030 7032
 7027 7029 7267
 6839 7032 7034
 7029 7031 7224
 6841 7034 7036
 7031 7033 7223
 6843 7036 7038
 7033 7035 7226
 6845 7038 7040
 7035 7037 7228
 6847 7040 7042
 7037 7039 7230
 6849 7042 7044
 7039 7041 7232
 6851 7044 7046
 7041 7043 7234
 6852 7046 7048
 7043 7045 7236
 6855 7048 7050
 7045 7047 7239
 6857 7050 7052
 7047 7049 7240
 6859 7052 7054
 7049 7051 7242
 6860 7054 7055
 7051 7053 7244
 6996 7053 7193
 6862 7057 7073
 6980 7056 7195
 6879 7059 7077
 6982 7058 7197
 6881 7061 7081
 6984 7060 7183
 6883 7063 7099
 6986 7062 7199
 6925 7065 7152
 6940 7064 7167
 6927 7067 7154
 6942 7066 7171
 6929 7069 7156
 6944 7068 7173
 6947 7071 7158
 6964 7070 7175
 6877 7073 7093
 7056 7072 7270
 6893 7075 7095
 6998 7074 7247
 6895 7077 7109
 7058 7076 7249
 6897 7079 7097
 7000 7078 7251
 6899 7081 7111
 7060 7080 7253
 6901 7083 7113
 7002 7082 7255
 6941 7085 7168
 6958 7084 7169
 6943 7087 7172
 6960 7086 7189
 6945 7089 7174
 6962 7088 7191
 6965 7091 7176
 7015 7090 7210
 6891 7093 7107
 7072 7092 7271
 6917 7095 7123
 7074 7094 7290
 6919 7097 7125
 7078 7096 7274
 6921 7099 7127
 7062 7098 7276
 6959 7101 7170
 6974 7100 7187
 6961 7103 7190
 6976 7102 7205
 6963 7105 7192
 6978 7104 7207
 6915 7107 7121
 7092 7106 7288
 6935 7109 7146
 7076 7108 7294
 6937 7111 7148
 7080 7110 7296
 6939 7113 7129
 7082 7112 7278
 6975 7115 7188
 6990 7114 7203
 6977 7117 7206
 6992 7116 7263
 6979 7119 7208
 6994 7118 7265
 6933 7121 7142
 7106 7120 7306
 6951 7123 7144
 7094 7122 7291
 6953 7125 7162
 7096 7124 7308
 6955 7127 7164
 7098 7126 7310
 6957 7129 7166
 7112 7128 7312
 6973 7132 7186
 6988 7132 7201
 7130 7131 7330
 6989 7134 7202
 7004 7133 7257
 6991 7136 7204
 7008 7135 7261
 6993 7138 7264
 7010 7137 7284
 6995 7140 7266
 7012 7139 7286
 6949 7142 7160
 7120 7141 7322
 6981 7144 7196
 7122 7143 7324
 6969 7146 7180
 7108 7145 7326
 6971 7148 7182
 7110 7147 7328
 7006 7259 NaN
 7005 7258 NaN
 7007 7152 7260
 7064 7151 7280
 7009 7154 7262
 7066 7153 7282
 7011 7156 7285
 7068 7155 7302
 7013 7158 7287
 7070 7157 7304
 6967 7160 7178
 7141 7159 7338
 6983 7162 7198
 7124 7161 7340
 6985 7164 7184
 7126 7163 7342
 6987 7166 7200
 7128 7165 7344
 7065 7168 7281
 7084 7167 7298
 7085 7170 7299
 7100 7169 7314
 7067 7172 7283
 7086 7171 7300
 7069 7174 7303
 7088 7173 7318
 7071 7176 7305
 7090 7175 7320
 6997 7178 7194
 7159 7177 7354
 6999 7180 7248
 7145 7179 7358
 7001 7182 7252
 7147 7181 7360
 7061 7184 7254
 7163 7183 7362
 7003 7186 7256
 7130 7185 7364
 7101 7188 7315
 7114 7187 7332
 7087 7190 7301
 7102 7189 7316
 7089 7192 7319
 7104 7191 7336
 7055 7194 7246
 7177 7193 7392
 7057 7196 7273
 7143 7195 7356
 7059 7198 7250
 7161 7197 7376
 7063 7200 7277
 7165 7199 7378
 7131 7202 7331
 7133 7201 7346
 7115 7204 7333
 7135 7203 7348
 7103 7206 7317
 7116 7205 7334
 7105 7208 7337
 7118 7207 7352
 7016 7210 7212
 7091 7209 7321
 7018 7212 7214
 7209 7211 7406
 7020 7214 7216
 7211 7213 7409
 7022 7216 7218
 7213 7215 7411
 7024 7218 7220
 7215 7217 7413
 7026 7220 7222
 7217 7219 7415
 7028 7222 7268
 7219 7221 7417
 7034 7225 7227
 7032 7225 7269
 7223 7224 7420
 7036 7227 7229
 7223 7226 7419
 7038 7229 7231
 7226 7228 7422
 7040 7231 7233
 7228 7230 7424
 7042 7233 7235
 7230 7232 7426
 7044 7235 7237
 7232 7234 7428
 7046 7237 7238
 7234 7236 7430
 7236 7239 7432
 7048 7238 7241
 7050 7241 7243
 7239 7240 7434
 7052 7243 7245
 7240 7242 7436
 7054 7245 7246
 7242 7244 7438
 7193 7244 7440
 7075 7248 7293
 7179 7247 7394
 7077 7250 7295
 7197 7249 7445
 7079 7252 7275
 7181 7251 7396
 7081 7254 7297
 7183 7253 7398
 7083 7256 7279
 7185 7255 7380
 7134 7258 7347
 7150 7257 7367
 7149 7260 7366
 7151 7259 7368
 7136 7262 7349
 7153 7261 7370
 7117 7264 7335
 7137 7263 7350
 7119 7266 7353
 7139 7265 7374
 7030 7268 7269
 7221 7267 7459
 7224 7267 7461
 7073 7272 7273
 7093 7272 7289
 7270 7271 7465
 7195 7270 7443
 7097 7275 7309
 7251 7274 7447
 7099 7277 7311
 7199 7276 7449
 7113 7279 7313
 7255 7278 7451
 7152 7281 7369
 7167 7280 7382
 7154 7283 7371
 7171 7282 7384
 7138 7285 7351
 7155 7284 7372
 7140 7287 7375
 7157 7286 7388
 7107 7289 7307
 7271 7288 7464
 7095 7292 7293
 7123 7292 7325
 7290 7291 7486
 7247 7290 7467
 7109 7295 7327
 7249 7294 7469
 7111 7297 7329
 7253 7296 7471
 7168 7299 7383
 7169 7298 7400
 7172 7301 7385
 7189 7300 7402
 7156 7303 7373
 7173 7302 7386
 7158 7305 7389
 7175 7304 7390
 7121 7307 7323
 7288 7306 7481
 7125 7309 7341
 7274 7308 7489
 7127 7311 7343
 7276 7310 7491
 7129 7313 7345
 7278 7312 7493
 7170 7315 7401
 7187 7314 7453
 7190 7317 7403
 7205 7316 7455
 7174 7319 7387
 7191 7318 7404
 7176 7321 7391
 7210 7320 7407
 7142 7323 7339
 7306 7322 7505
 7144 7325 7357
 7291 7324 7485
 7146 7327 7359
 7294 7326 7487
 7148 7329 7361
 7296 7328 7507
 7132 7331 7365
 7201 7330 7473
 7188 7333 7454
 7203 7332 7475
 7206 7335 7456
 7263 7334 7477
 7192 7337 7405
 7207 7336 7457
 7160 7339 7355
 7322 7338 7519
 7162 7341 7377
 7308 7340 7527
 7164 7343 7363
 7310 7342 7509
 7166 7345 7379
 7312 7344 7529
 7202 7347 7474
 7257 7346 7495
 7204 7349 7476
 7261 7348 7499
 7264 7351 7478
 7284 7350 7501
 7208 7353 7458
 7265 7352 7479
 7178 7355 7393
 7338 7354 7539
 7196 7357 7444
 7324 7356 7521
 7180 7359 7395
 7326 7358 7525
 7182 7361 7397
 7328 7360 7541
 7184 7363 7399
 7342 7362 7543
 7186 7365 7381
 7330 7364 7545
 7259 7497 NaN
 7258 7496 NaN
 7260 7369 7498
 7280 7368 7511
 7262 7371 7500
 7282 7370 7513
 7285 7373 7502
 7302 7372 7515
 7266 7375 7480
 7286 7374 7503
 7198 7377 7446
 7340 7376 7557
 7200 7379 7450
 7344 7378 7559
 7256 7381 7452
 7364 7380 7575
 7281 7383 7512
 7298 7382 7531
 7283 7385 7514
 7300 7384 7533
 7303 7387 7516
 7318 7386 7535
 7287 7389 7504
 7304 7388 7517
 7305 7391 7518
 7320 7390 7537
 7194 7393 7442
 7354 7392 7555
 7248 7395 7468
 7358 7394 7569
 7252 7397 7448
 7360 7396 7571
 7254 7399 7472
 7362 7398 7573
 7299 7401 7532
 7314 7400 7547
 7301 7403 7534
 7316 7402 7551
 7319 7405 7536
 7336 7404 7553
 7212 7408 7410
 7321 7408 7538
 7406 7407 7590
 7214 7410 7412
 7406 7409 7589
 7216 7412 7414
 7409 7411 7608
 7218 7414 7416
 7411 7413 7610
 7220 7416 7418
 7413 7415 7612
 7222 7418 7460
 7415 7417 7614
 7227 7421 7423
 7225 7421 7463
 7419 7420 7617
 7229 7423 7425
 7419 7422 7616
 7231 7425 7427
 7422 7424 7619
 7233 7427 7429
 7424 7426 7621
 7235 7429 7431
 7426 7428 7623
 7237 7431 7433
 7428 7430 7625
 7238 7433 7435
 7430 7432 7627
 7241 7435 7437
 7432 7434 7630
 7243 7437 7439
 7434 7436 7631
 7245 7439 7441
 7436 7438 7633
 7246 7441 7442
 7438 7440 7635
 7392 7440 7637
 7273 7444 7484
 7356 7443 7567
 7250 7446 7470
 7376 7445 7592
 7275 7448 7490
 7396 7447 7594
 7277 7450 7492
 7378 7449 7596
 7279 7452 7494
 7380 7451 7598
 7315 7454 7548
 7332 7453 7549
 7317 7456 7552
 7334 7455 7563
 7337 7458 7554
 7352 7457 7565
 7268 7460 7462
 7417 7459 7657
 7269 7462 7463
 7459 7461 7659
 7420 7461 7661
 7289 7466 7482
 7272 7466 7483
 7464 7465 7641
 7293 7468 7524
 7394 7467 7643
 7295 7470 7488
 7445 7469 7666
 7297 7472 7508
 7398 7471 7645
 7331 7474 7546
 7346 7473 7577
 7333 7476 7550
 7348 7475 7561
 7335 7478 7564
 7350 7477 7585
 7353 7480 7566
 7374 7479 7587
 7307 7482 7506
 7464 7481 7682
 7465 7484 7642
 7443 7483 7664
 7325 7486 7522
 7292 7485 7523
 7327 7488 7526
 7469 7487 7667
 7309 7490 7528
 7447 7489 7670
 7311 7492 7510
 7449 7491 7647
 7313 7494 7530
 7451 7493 7672
 7347 7496 7578
 7367 7495 7580
 7366 7498 NaN
 7368 7497 7581
 7349 7500 7562
 7370 7499 7583
 7351 7502 7586
 7372 7501 7604
 7375 7504 7588
 7388 7503 7606
 7323 7506 7520
 7481 7505 7698
 7329 7508 7542
 7471 7507 7686
 7343 7510 7544
 7491 7509 7688
 7369 7512 7582
 7382 7511 7600
 7371 7514 7584
 7384 7513 7602
 7373 7516 7605
 7386 7515 7653
 7389 7518 7607
 7390 7517 7655
 7339 7520 7540
 7505 7519 7718
 7357 7522 7568
 7485 7521 7684
 7486 7524 7685
 7467 7523 7700
 7359 7526 7570
 7487 7525 7702
 7341 7528 7558
 7489 7527 7704
 7345 7530 7560
 7493 7529 7706
 7383 7532 7601
 7400 7531 7649
 7385 7534 7603
 7402 7533 7651
 7387 7536 7654
 7404 7535 7678
 7391 7538 7656
 7407 7537 7680
 7355 7540 7556
 7519 7539 7719
 7361 7542 7572
 7507 7541 7722
 7363 7544 7574
 7509 7543 7724
 7365 7546 7576
 7473 7545 7690
 7401 7548 7650
 7453 7547 7674
 7454 7550 7675
 7475 7549 7692
 7403 7552 7652
 7455 7551 7676
 7405 7554 7679
 7457 7553 7696
 7393 7556 7639
 7539 7555 7734
 7377 7558 7593
 7527 7557 7741
 7379 7560 7597
 7529 7559 7743
 7476 7562 7693
 7499 7561 7712
 7456 7564 7677
 7477 7563 7694
 7458 7566 7697
 7479 7565 7716
 7444 7568 7665
 7521 7567 7737
 7395 7570 7644
 7525 7569 7739
 7397 7572 7595
 7541 7571 7755
 7399 7574 7646
 7543 7573 7757
 7381 7576 7599
 7545 7575 7761
 7474 7578 7691
 7495 7577 7708
 7580 NaN NaN
 7496 7579 7709
 7498 7582 7711
 7511 7581 7726
 7500 7584 7713
 7513 7583 7728
 7478 7586 7695
 7501 7585 7714
 7480 7588 7717
 7503 7587 7732
 7410 7591 7609
 7408 7591 7681
 7589 7590 7785
 7446 7593 7669
 7557 7592 7773
 7448 7595 7671
 7571 7594 7775
 7450 7597 7648
 7559 7596 7759
 7452 7599 7673
 7575 7598 7777
 7512 7601 7727
 7531 7600 7745
 7514 7603 7729
 7533 7602 7747
 7502 7605 7715
 7515 7604 7730
 7504 7607 7733
 7517 7606 7751
 7412 7609 7611
 7589 7608 7787
 7414 7611 7613
 7608 7610 7805
 7416 7613 7615
 7610 7612 7807
 7418 7615 7658
 7612 7614 7809
 7423 7618 7620
 7421 7618 7663
 7616 7617 7811
 7425 7620 7622
 7616 7619 7814
 7427 7622 7624
 7619 7621 7816
 7429 7624 7626
 7621 7623 7818
 7431 7626 7628
 7623 7625 7820
 7433 7628 7629
 7625 7627 7822
 7627 7630 7824
 7435 7629 7632
 7437 7632 7634
 7630 7631 7826
 7439 7634 7636
 7631 7633 7828
 7441 7636 7638
 7633 7635 7830
 7442 7638 7640
 7635 7637 7857
 7555 7640 7735
 7637 7639 7859
 7466 7642 7683
 7483 7641 7753
 7468 7644 7701
 7569 7643 7791
 7472 7646 7687
 7573 7645 7793
 7492 7648 7689
 7596 7647 7795
 7532 7650 7746
 7547 7649 7763
 7534 7652 7748
 7551 7651 7765
 7516 7654 7731
 7535 7653 7749
 7518 7656 7752
 7537 7655 7769
 7460 7658 7660
 7614 7657 7850
 7462 7660 7662
 7657 7659 7852
 7463 7662 7663
 7659 7661 7854
 7617 7661 7812
 7484 7665 7754
 7567 7664 7789
 7470 7668 7669
 7488 7668 7703
 7666 7667 7862
 7592 7666 7834
 7490 7671 7705
 7594 7670 7836
 7494 7673 7707
 7598 7672 7838
 7548 7675 7764
 7549 7674 7779
 7552 7677 7766
 7563 7676 7781
 7536 7679 7750
 7553 7678 7767
 7538 7681 7770
 7590 7680 7786
 7482 7683 7699
 7641 7682 7832
 7522 7685 7738
 7523 7684 7771
 7508 7687 7723
 7645 7686 7863
 7510 7689 7725
 7647 7688 7865
 7546 7691 7762
 7577 7690 7797
 7550 7693 7780
 7561 7692 7799
 7564 7695 7782
 7585 7694 7801
 7554 7697 7768
 7565 7696 7783
 7506 7699 7721
 7682 7698 7889
 7524 7701 7772
 7643 7700 7875
 7526 7703 7740
 7667 7702 7861
 7528 7705 7742
 7670 7704 7877
 7530 7707 7744
 7672 7706 7879
 7578 7709 7798
 7580 7708 7841
 7711 NaN NaN
 7581 7710 7842
 7562 7713 7800
 7583 7712 7844
 7586 7715 7802
 7604 7714 7846
 7566 7717 7784
 7587 7716 7803
 7520 7720 7721
 7540 7720 7736
 7718 7719 7915
 7698 7718 7917
 7542 7723 7756
 7686 7722 7901
 7544 7725 7758
 7688 7724 7903
 7582 7727 7843
 7600 7726 7867
 7584 7729 7845
 7602 7728 7869
 7605 7731 7847
 7653 7730 7871
 7588 7733 7804
 7606 7732 7848
 7556 7735 7736
 7639 7734 7887
 7719 7734 7913
 7568 7738 7790
 7684 7737 7893
 7570 7740 7792
 7702 7739 7895
 7558 7742 7774
 7704 7741 7899
 7560 7744 7760
 7706 7743 7920
 7601 7746 7868
 7649 7745 7881
 7603 7748 7870
 7651 7747 7883
 7654 7750 7872
 7678 7749 7885
 7607 7752 7849
 7655 7751 7873
 7642 7754 7833
 7664 7753 7891
 7572 7756 7776
 7722 7755 7937
 7574 7758 7794
 7724 7757 7939
 7597 7760 7796
 7743 7759 7941
 7576 7762 7778
 7690 7761 7922
 7650 7764 7882
 7674 7763 7905
 7652 7766 7884
 7676 7765 7907
 7679 7768 7886
 7696 7767 7909
 7656 7770 7874
 7680 7769 7911
 7685 7772 7894
 7700 7771 7935
 7593 7774 7835
 7741 7773 7955
 7595 7776 7837
 7755 7775 7971
 7599 7778 7839
 7761 7777 7957
 7675 7780 7906
 7692 7779 7929
 7677 7782 7908
 7694 7781 7931
 7697 7784 7910
 7716 7783 7933
 7591 7786 7788
 7681 7785 7912
 7609 7788 7806
 7785 7787 7985
 7665 7790 7892
 7737 7789 7951
 7644 7792 7876
 7739 7791 7953
 7646 7794 7864
 7757 7793 7973
 7648 7796 7866
 7759 7795 7975
 7691 7798 7923
 7708 7797 7925
 7693 7800 7930
 7712 7799 7945
 7695 7802 7932
 7714 7801 7947
 7717 7804 7934
 7732 7803 7949
 7611 7806 7808
 7787 7805 7986
 7613 7808 7810
 7805 7807 8011
 7615 7810 7851
 7807 7809 8013
 7618 7813 7815
 7663 7813 7856
 7811 7812 8017
 7620 7815 7817
 7811 7814 7989
 7622 7817 7819
 7814 7816 7988
 7624 7819 7821
 7816 7818 7991
 7626 7821 7823
 7818 7820 7993
 7628 7823 7825
 7820 7822 7995
 7629 7825 7827
 7822 7824 8019
 7632 7827 7829
 7824 7826 8022
 7634 7829 7831
 7826 7828 8023
 7636 7831 7858
 7828 7830 8025
 7683 7833 7890
 7753 7832 7969
 7669 7835 7898
 7773 7834 7997
 7671 7837 7878
 7775 7836 7999
 7673 7839 7880
 7777 7838 8001
 7841 NaN NaN
 7709 7840 7926
 7711 7843 7928
 7726 7842 7943
 7713 7845 7946
 7728 7844 7961
 7715 7847 7948
 7730 7846 7965
 7733 7849 7950
 7751 7848 7967
 7658 7851 7853
 7809 7850 8015
 7660 7853 7855
 7850 7852 8043
 7662 7855 7856
 7852 7854 8045
 7812 7854 8047
 7638 7858 7860
 7830 7857 8050
 7640 7860 7888
 7857 7859 8052
 7703 7862 7896
 7668 7861 7897
 7687 7864 7902
 7793 7863 8031
 7689 7866 7904
 7795 7865 8033
 7727 7868 7944
 7745 7867 7959
 7729 7870 7962
 7747 7869 7963
 7731 7872 7966
 7749 7871 7981
 7752 7874 7968
 7769 7873 7983
 7701 7876 7936
 7791 7875 8029
 7705 7878 7900
 7836 7877 8060
 7707 7880 7921
 7838 7879 8062
 7746 7882 7960
 7763 7881 7977
 7748 7884 7964
 7765 7883 7979
 7750 7886 7982
 7767 7885 8007
 7735 7888 7914
 7859 7887 8074
 7699 7890 7919
 7832 7889 8054
 7754 7892 7970
 7789 7891 8056
 7738 7894 7952
 7771 7893 8027
 7740 7896 7954
 7861 7895 8058
 7862 7898 8059
 7834 7897 8076
 7742 7900 7956
 7877 7899 8078
 7723 7902 7938
 7863 7901 8080
 7725 7904 7940
 7865 7903 8082
 7764 7906 7978
 7779 7905 8003
 7766 7908 7980
 7781 7907 8005
 7768 7910 8008
 7783 7909 8041
 7770 7912 7984
 7786 7911 8009
 7736 7914 7916
 7887 7913 8094
 7720 7916 7918
 7913 7915 8106
 7721 7918 7919
 7915 7917 8108
 7889 7917 8110
 7744 7921 7942
 7879 7920 8084
 7762 7924 7958
 7797 7924 8035
 7922 7923 8128
 7798 7926 8036
 7841 7925 8065
 7928 NaN NaN
 7842 7927 8066
 7780 7930 8004
 7799 7929 8037
 7782 7932 8006
 7801 7931 8039
 7784 7934 8042
 7803 7933 8072
 7772 7936 8028
 7875 7935 8096
 7756 7938 7972
 7901 7937 8122
 7758 7940 7974
 7903 7939 8124
 7760 7942 7976
 7920 7941 8126
 7843 7944 8067
 7867 7943 8086
 7800 7946 8038
 7844 7945 8068
 7802 7948 8040
 7846 7947 8070
 7804 7950 8073
 7848 7949 8092
 7790 7952 8057
 7893 7951 8116
 7792 7954 8030
 7895 7953 8118
 7774 7956 7998
 7899 7955 8120
 7778 7958 8002
 7922 7957 8138
 7868 7960 8087
 7881 7959 8098
 7845 7962 8069
 7869 7961 8088
 7870 7964 8089
 7883 7963 8100
 7847 7966 8071
 7871 7965 8090
 7849 7968 8093
 7873 7967 8104
 7833 7970 8055
 7891 7969 8114
 7776 7972 8000
 7937 7971 8148
 7794 7974 8032
 7939 7973 8150
 7796 7976 8034
 7941 7975 8152
 7882 7978 8099
 7905 7977 8130
 7884 7980 8101
 7907 7979 8132
 7872 7982 8091
 7885 7981 8102
 7874 7984 8105
 7911 7983 8136
 7788 7987 8010
 7806 7987 8012
 7985 7986 8164
 7817 7990 7992
 7815 7990 8018
 7988 7989 8186
 7819 7992 7994
 7988 7991 8189
 7821 7994 7996
 7991 7993 8191
 7823 7996 8020
 7993 7995 8193
 7835 7998 8077
 7955 7997 8172
 7837 8000 8061
 7971 7999 8199
 7839 8002 8063
 7957 8001 8174
 7906 8004 8131
 7929 8003 8140
 7908 8006 8133
 7931 8005 8142
 7886 8008 8103
 7909 8007 8134
 7912 8010 8137
 7985 8009 8165
 7808 8012 8014
 7986 8011 8184
 7810 8014 8016
 8011 8013 8213
 7851 8016 8044
 8013 8015 8215
 7813 8018 8049
 7989 8017 8187
 7825 8020 8021
 7995 8019 8195
 8019 8022 8219
 7827 8021 8024
 7829 8024 8026
 8022 8023 8221
 7831 8026 8051
 8023 8025 8223
 7894 8028 8117
 7935 8027 8168
 7876 8030 8097
 7953 8029 8170
 7864 8032 8081
 7973 8031 8201
 7866 8034 8083
 7975 8033 8203
 7923 8036 8129
 7925 8035 8154
 7930 8038 8141
 7945 8037 8158
 7932 8040 8143
 7947 8039 8160
 7910 8042 8135
 7933 8041 8144
 7853 8044 8046
 8015 8043 8237
 7855 8046 8048
 8043 8045 8239
 7856 8048 8049
 8045 8047 8241
 8017 8047 8217
 7858 8051 8053
 8025 8050 8244
 7860 8053 8075
 8050 8052 8246
 7890 8055 8112
 7969 8054 8197
 7892 8057 8115
 7951 8056 8166
 7896 8059 8119
 7897 8058 8146
 7878 8061 8079
 7999 8060 8227
 7880 8063 8085
 8001 8062 8205
 8065 NaN NaN
 7926 8064 8155
 7928 8067 8157
 7943 8066 8176
 7946 8069 8159
 7961 8068 8178
 7948 8071 8161
 7965 8070 8180
 7934 8073 8145
 7949 8072 8162
 7888 8075 8095
 8052 8074 8272
 7898 8077 8147
 7997 8076 8225
 7900 8079 8121
 8060 8078 8254
 7902 8081 8123
 8031 8080 8256
 7904 8083 8125
 8033 8082 8258
 7921 8085 8127
 8062 8084 8260
 7944 8087 8177
 7959 8086 8207
 7962 8089 8179
 7963 8088 8209
 7966 8091 8181
 7981 8090 8211
 7950 8093 8163
 7967 8092 8182
 7914 8095 8107
 8074 8094 8292
 7936 8097 8169
 8029 8096 8250
 7960 8099 8208
 7977 8098 8229
 7964 8101 8210
 7979 8100 8231
 7982 8103 8212
 8007 8102 8233
 7968 8105 8183
 7983 8104 8235
 7916 8107 8109
 8094 8106 8294
 7918 8109 8111
 8106 8108 8308
 7919 8111 8113
 8108 8110 8310
 8054 8113 8274
 8110 8112 8312
 7970 8115 8198
 8056 8114 8276
 7952 8117 8167
 8027 8116 8248
 7954 8119 8171
 8058 8118 8252
 7956 8121 8173
 8078 8120 8278
 7938 8123 8149
 8080 8122 8280
 7940 8125 8151
 8082 8124 8296
 7942 8127 8153
 8084 8126 8298
 7924 8129 8139
 8035 8128 8262
 7978 8131 8230
 8003 8130 8264
 7980 8133 8232
 8005 8132 8266
 8008 8135 8234
 8041 8134 8268
 7984 8137 8236
 8009 8136 8270
 7958 8139 8175
 8128 8138 8341
 8004 8141 8265
 8037 8140 8286
 8006 8143 8267
 8039 8142 8288
 8042 8145 8269
 8072 8144 8290
 8059 8147 8253
 8076 8146 8316
 7972 8149 8200
 8122 8148 8318
 7974 8151 8202
 8124 8150 8337
 7976 8153 8204
 8126 8152 8339
 8036 8155 8263
 8065 8154 8283
 8157 NaN NaN
 8066 8156 8284
 8038 8159 8287
 8068 8158 8302
 8040 8161 8289
 8070 8160 8304
 8073 8163 8291
 8092 8162 8306
 7987 8165 8185
 8010 8164 8271
 8057 8167 8277
 8116 8166 8331
 8028 8169 8249
 8096 8168 8314
 8030 8171 8251
 8118 8170 8333
 7998 8173 8226
 8120 8172 8335
 8002 8175 8206
 8138 8174 8351
 8067 8177 8285
 8086 8176 8300
 8069 8179 8303
 8088 8178 8322
 8071 8181 8305
 8090 8180 8324
 8093 8183 8307
 8104 8182 8326
 8012 8185 8214
 8164 8184 8379
 7990 8188 8190
 8018 8188 8218
 8186 8187 8384
 7992 8190 8192
 8186 8189 8387
 7994 8192 8194
 8189 8191 8389
 7996 8194 8196
 8191 8193 8391
 8020 8196 8220
 8193 8195 8393
 8055 8198 8275
 8114 8197 8329
 8000 8200 8228
 8148 8199 8359
 8032 8202 8257
 8150 8201 8361
 8034 8204 8259
 8152 8203 8363
 8063 8206 8261
 8174 8205 8365
 8087 8208 8301
 8098 8207 8320
 8089 8210 8323
 8100 8209 8345
 8091 8212 8325
 8102 8211 8347
 8014 8214 8216
 8184 8213 8382
 8016 8216 8238
 8213 8215 8417
 8049 8218 8243
 8187 8217 8385
 8021 8220 8222
 8195 8219 8395
 8024 8222 8224
 8219 8221 8422
 8026 8224 8245
 8221 8223 8423
 8077 8226 8317
 8172 8225 8405
 8061 8228 8255
 8199 8227 8429
 8099 8230 8321
 8130 8229 8343
 8101 8232 8346
 8132 8231 8355
 8103 8234 8348
 8134 8233 8357
 8105 8236 8327
 8136 8235 8349
 8044 8238 8240
 8215 8237 8419
 8046 8240 8242
 8237 8239 8443
 8048 8242 8243
 8239 8241 8445
 8217 8241 8461
 8051 8245 8247
 8223 8244 8447
 8053 8247 8273
 8244 8246 8449
 8117 8249 8332
 8168 8248 8399
 8097 8251 8315
 8170 8250 8401
 8119 8253 8334
 8146 8252 8403
 8079 8255 8279
 8227 8254 8428
 8081 8257 8281
 8201 8256 8407
 8083 8259 8297
 8203 8258 8431
 8085 8261 8299
 8205 8260 8433
 8129 8263 8342
 8154 8262 8367
 8131 8265 8344
 8140 8264 8353
 8133 8267 8356
 8142 8266 8373
 8135 8269 8358
 8144 8268 8377
 8137 8271 8350
 8165 8270 8380
 8075 8273 8293
 8246 8272 8465
 8112 8275 8328
 8197 8274 8425
 8115 8277 8330
 8166 8276 8397
 8121 8279 8336
 8254 8278 8427
 8123 8281 8319
 8256 8280 8451
 8283 NaN NaN
 8155 8282 8368
 8157 8285 8370
 8176 8284 8409
 8141 8287 8354
 8158 8286 8371
 8143 8289 8374
 8160 8288 8375
 8145 8291 8378
 8162 8290 8415
 8095 8293 8295
 8272 8292 8467
 8107 8295 8309
 8292 8294 8485
 8125 8297 8338
 8258 8296 8473
 8127 8299 8340
 8260 8298 8475
 8177 8301 8410
 8207 8300 8435
 8159 8303 8372
 8178 8302 8411
 8161 8305 8376
 8180 8304 8413
 8163 8307 8416
 8182 8306 8441
 8109 8309 8311
 8294 8308 8507
 8111 8311 8313
 8308 8310 8509
 8113 8313 8328
 8310 8312 8511
 8169 8315 8400
 8250 8314 8469
 8147 8317 8404
 8225 8316 8471
 8149 8319 8360
 8280 8318 8499
 8208 8321 8436
 8229 8320 8453
 8179 8323 8412
 8209 8322 8437
 8181 8325 8414
 8211 8324 8439
 8183 8327 8442
 8235 8326 8459
 8274 8312 8487
 8198 8330 8426
 8276 8329 8489
 8167 8332 8398
 8248 8331 8491
 8171 8334 8402
 8252 8333 8493
 8173 8336 8406
 8278 8335 8495
 8151 8338 8362
 8296 8337 8513
 8153 8340 8364
 8298 8339 8515
 8139 8342 8352
 8262 8341 8501
 8230 8344 8454
 8264 8343 8477
 8210 8346 8438
 8231 8345 8455
 8212 8348 8440
 8233 8347 8457
 8236 8350 8460
 8270 8349 8483
 8175 8352 8366
 8341 8351 8554
 8265 8354 8478
 8286 8353 8503
 8232 8356 8456
 8266 8355 8479
 8234 8358 8458
 8268 8357 8481
 8200 8360 8430
 8318 8359 8528
 8202 8362 8408
 8337 8361 8550
 8204 8364 8432
 8339 8363 8552
 8206 8366 8434
 8351 8365 8555
 8263 8368 8502
 8283 8367 8518
 8370 NaN NaN
 8284 8369 8519
 8287 8372 8504
 8302 8371 8521
 8267 8374 8480
 8288 8373 8505
 8289 8376 8506
 8304 8375 8523
 8269 8378 8482
 8290 8377 8525
 8185 8381 8383
 8271 8381 8484
 8379 8380 8583
 8214 8383 8418
 8379 8382 8585
 8188 8386 8388
 8218 8386 8463
 8384 8385 8567
 8190 8388 8390
 8384 8387 8569
 8192 8390 8392
 8387 8389 8571
 8194 8392 8394
 8389 8391 8589
 8196 8394 8396
 8391 8393 8591
 8220 8396 8421
 8393 8395 8593
 8277 8398 8490
 8331 8397 8540
 8249 8400 8492
 8314 8399 8542
 8251 8402 8470
 8333 8401 8544
 8253 8404 8494
 8316 8403 8546
 8226 8406 8472
 8335 8405 8548
 8257 8408 8452
 8361 8407 8573
 8285 8410 8520
 8300 8409 8530
 8303 8412 8522
 8322 8411 8532
 8305 8414 8524
 8324 8413 8534
 8291 8416 8526
 8306 8415 8536
 8216 8418 8420
 8382 8417 8587
 8238 8420 8444
 8417 8419 8611
 8395 8422 8613
 8222 8421 8424
 8224 8424 8448
 8422 8423 8615
 8275 8426 8488
 8329 8425 8538
 8279 8428 8496
 8255 8427 8497
 8228 8430 8498
 8359 8429 8595
 8259 8432 8474
 8363 8431 8597
 8261 8434 8476
 8365 8433 8599
 8301 8436 8531
 8320 8435 8559
 8323 8438 8533
 8345 8437 8561
 8325 8440 8535
 8347 8439 8563
 8307 8442 8537
 8326 8441 8565
 8240 8444 8446
 8419 8443 8641
 8242 8446 8462
 8443 8445 8643
 8245 8448 8450
 8423 8447 8617
 8247 8450 8466
 8447 8449 8645
 8281 8452 8500
 8407 8451 8629
 8321 8454 8560
 8343 8453 8575
 8346 8456 8562
 8355 8455 8577
 8348 8458 8564
 8357 8457 8579
 8327 8460 8566
 8349 8459 8581
 8243 8462 8464
 8445 8461 8665
 8385 8464 8568
 8461 8463 8681
 8273 8466 8468
 8449 8465 8647
 8293 8468 8486
 8465 8467 8667
 8315 8470 8543
 8401 8469 8621
 8317 8472 8547
 8405 8471 8625
 8297 8474 8514
 8431 8473 8631
 8299 8476 8516
 8433 8475 8655
 8344 8478 8576
 8353 8477 8605
 8356 8480 8578
 8373 8479 8607
 8358 8482 8580
 8377 8481 8609
 8350 8484 8582
 8380 8483 8584
 8295 8486 8508
 8467 8485 8683
 8328 8488 8527
 8425 8487 8649
 8330 8490 8539
 8397 8489 8651
 8332 8492 8541
 8399 8491 8619
 8334 8494 8545
 8403 8493 8623
 8336 8496 8549
 8427 8495 8627
 8428 8498 8628
 8429 8497 8653
 8319 8500 8529
 8451 8499 8669
 8342 8502 8557
 8367 8501 8601
 8354 8504 8606
 8371 8503 8635
 8374 8506 8608
 8375 8505 8637
 8309 8508 8510
 8485 8507 8685
 8311 8510 8512
 8507 8509 8697
 8313 8512 8527
 8509 8511 8699
 8338 8514 8551
 8473 8513 8671
 8340 8516 8553
 8475 8515 8689
 8518 8603 NaN
 8368 8517 8602
 8370 8520 8604
 8409 8519 8633
 8372 8522 8636
 8411 8521 8659
 8376 8524 8638
 8413 8523 8661
 8378 8526 8610
 8415 8525 8639
 8487 8511 8701
 8360 8529 8596
 8499 8528 8715
 8410 8531 8634
 8435 8530 8657
 8412 8533 8660
 8437 8532 8675
 8414 8535 8662
 8439 8534 8677
 8416 8537 8640
 8441 8536 8663
 8426 8539 8650
 8489 8538 8705
 8398 8541 8652
 8491 8540 8707
 8400 8543 8620
 8469 8542 8709
 8402 8545 8622
 8493 8544 8711
 8404 8547 8624
 8471 8546 8687
 8406 8549 8626
 8495 8548 8713
 8362 8551 8574
 8513 8550 8717
 8364 8553 8598
 8515 8552 8719
 8352 8556 8558
 8366 8556 8600
 8554 8555 8734
 8501 8558 8721
 8554 8557 8735
 8436 8560 8658
 8453 8559 8673
 8438 8562 8676
 8455 8561 8693
 8440 8564 8678
 8457 8563 8695
 8442 8566 8664
 8459 8565 8679
 8386 8568 8570
 8463 8567 8732
 8388 8570 8572
 8567 8569 8762
 8390 8572 8590
 8569 8571 8764
 8408 8574 8630
 8550 8573 8750
 8454 8576 8674
 8477 8575 8691
 8456 8578 8694
 8479 8577 8725
 8458 8580 8696
 8481 8579 8727
 8460 8582 8680
 8483 8581 8730
 8381 8584 8586
 8484 8583 8729
 8383 8586 8588
 8583 8585 8790
 8418 8588 8612
 8585 8587 8792
 8392 8590 8592
 8571 8589 8766
 8394 8592 8594
 8589 8591 8794
 8396 8594 8614
 8591 8593 8796
 8430 8596 8654
 8528 8595 8748
 8432 8598 8632
 8552 8597 8752
 8434 8600 8656
 8555 8599 8780
 8502 8602 8722
 8518 8601 8737
 8517 8736 NaN
 8519 8738 NaN
 8478 8606 8692
 8503 8605 8723
 8480 8608 8726
 8505 8607 8742
 8482 8610 8728
 8525 8609 8744
 8420 8612 8642
 8587 8611 8812
 8421 8614 8616
 8593 8613 8798
 8424 8616 8618
 8613 8615 8817
 8448 8618 8646
 8615 8617 8818
 8492 8620 8708
 8542 8619 8772
 8470 8622 8710
 8544 8621 8774
 8494 8624 8712
 8546 8623 8776
 8472 8626 8688
 8548 8625 8778
 8496 8628 8714
 8497 8627 8746
 8452 8630 8670
 8573 8629 8800
 8474 8632 8672
 8597 8631 8802
 8520 8634 8739
 8530 8633 8754
 8504 8636 8724
 8521 8635 8740
 8506 8638 8743
 8523 8637 8758
 8526 8640 8745
 8536 8639 8760
 8444 8642 8644
 8611 8641 8814
 8446 8644 8666
 8641 8643 8832
 8450 8646 8648
 8617 8645 8834
 8466 8648 8668
 8645 8647 8836
 8488 8650 8703
 8538 8649 8768
 8490 8652 8706
 8540 8651 8770
 8498 8654 8747
 8595 8653 8820
 8476 8656 8690
 8599 8655 8822
 8531 8658 8755
 8559 8657 8782
 8522 8660 8741
 8532 8659 8756
 8524 8662 8759
 8534 8661 8786
 8537 8664 8761
 8565 8663 8788
 8462 8666 8682
 8643 8665 8858
 8468 8668 8684
 8647 8667 8860
 8500 8670 8716
 8629 8669 8842
 8514 8672 8718
 8631 8671 8844
 8560 8674 8783
 8575 8673 8804
 8533 8676 8757
 8561 8675 8784
 8535 8678 8787
 8563 8677 8808
 8566 8680 8789
 8581 8679 8810
 8464 8682 8733
 8665 8681 8882
 8486 8684 8686
 8667 8683 8862
 8508 8686 8698
 8683 8685 8884
 8547 8688 8777
 8625 8687 8838
 8516 8690 8720
 8655 8689 8846
 8576 8692 8805
 8605 8691 8826
 8562 8694 8785
 8577 8693 8806
 8564 8696 8809
 8579 8695 8830
 8510 8698 8700
 8685 8697 8886
 8512 8700 8702
 8697 8699 8906
 8527 8702 8704
 8699 8701 8908
 8649 8704 8864
 8701 8703 8920
 8539 8706 8769
 8651 8705 8866
 8541 8708 8771
 8619 8707 8868
 8543 8710 8773
 8621 8709 8870
 8545 8712 8775
 8623 8711 8872
 8549 8714 8779
 8627 8713 8840
 8529 8716 8749
 8669 8715 8890
 8551 8718 8751
 8671 8717 8892
 8553 8720 8753
 8689 8719 8894
 8557 8722 8825
 8601 8721 8848
 8606 8724 8827
 8635 8723 8852
 8578 8726 8807
 8607 8725 8828
 8580 8728 8831
 8609 8727 8856
 8584 8731 8791
 8582 8731 8811
 8729 8730 8918
 8568 8733 8763
 8681 8732 8904
 8556 8735 8781
 8558 8734 8824
 8603 8737 8850
 8602 8736 8849
 8604 8739 8851
 8633 8738 8874
 8636 8741 8853
 8659 8740 8876
 8608 8743 8829
 8637 8742 8854
 8610 8745 8857
 8639 8744 8880
 8628 8747 8841
 8653 8746 8888
 8596 8749 8821
 8715 8748 8935
 8574 8751 8801
 8717 8750 8937
 8598 8753 8803
 8719 8752 8939
 8634 8755 8875
 8657 8754 8896
 8660 8757 8877
 8675 8756 8898
 8638 8759 8855
 8661 8758 8878
 8640 8761 8881
 8663 8760 8902
 8570 8763 8765
 8732 8762 8951
 8572 8765 8767
 8762 8764 8965
 8590 8767 8795
 8764 8766 8967
 8650 8769 8865
 8705 8768 8923
 8652 8771 8867
 8707 8770 8925
 8620 8773 8869
 8709 8772 8927
 8622 8775 8871
 8711 8774 8929
 8624 8777 8873
 8687 8776 8931
 8626 8779 8839
 8713 8778 8933
 8600 8781 8823
 8734 8780 8941
 8658 8783 8897
 8673 8782 8910
 8676 8785 8899
 8693 8784 8912
 8662 8787 8879
 8677 8786 8900
 8664 8789 8903
 8679 8788 8916
 8586 8791 8793
 8729 8790 8963
 8588 8793 8813
 8790 8792 8985
 8592 8795 8797
 8766 8794 8989
 8594 8797 8799
 8794 8796 8991
 8614 8799 8816
 8796 8798 8993
 8630 8801 8843
 8750 8800 8973
 8632 8803 8845
 8752 8802 8975
 8674 8805 8911
 8691 8804 8945
 8694 8807 8913
 8725 8806 8947
 8678 8809 8901
 8695 8808 8914
 8680 8811 8917
 8730 8810 8919
 8612 8813 8815
 8792 8812 8987
 8642 8815 8833
 8812 8814 9015
 8798 8817 9017
 8616 8816 8819
 8618 8819 8835
 8817 8818 9019
 8654 8821 8889
 8748 8820 8971
 8656 8823 8847
 8780 8822 9005
 8735 8825 8942
 8721 8824 8943
 8692 8827 8946
 8723 8826 8957
 8726 8829 8948
 8742 8828 8959
 8696 8831 8915
 8727 8830 8949
 8644 8833 8859
 8814 8832 9035
 8646 8835 8837
 8818 8834 9037
 8648 8837 8861
 8834 8836 9039
 8688 8839 8932
 8778 8838 9003
 8714 8841 8934
 8746 8840 8969
 8670 8843 8891
 8800 8842 9023
 8672 8845 8893
 8802 8844 9025
 8690 8847 8895
 8822 8846 9027
 8722 8849 8944
 8737 8848 8954
 8736 8953 NaN
 8738 8955 NaN
 8724 8853 8958
 8740 8852 8979
 8743 8855 8960
 8758 8854 8981
 8728 8857 8950
 8744 8856 8961
 8666 8859 8883
 8832 8858 9053
 8668 8861 8863
 8836 8860 9041
 8684 8863 8885
 8860 8862 9057
 8703 8865 8922
 8768 8864 9021
 8706 8867 8924
 8770 8866 8995
 8708 8869 8926
 8772 8868 8997
 8710 8871 8928
 8774 8870 8999
 8712 8873 8930
 8776 8872 9001
 8739 8875 8956
 8754 8874 8977
 8741 8877 8980
 8756 8876 9009
 8759 8879 8982
 8786 8878 9011
 8745 8881 8962
 8760 8880 8983
 8682 8883 8905
 8858 8882 9055
 8686 8885 8887
 8862 8884 9081
 8698 8887 8907
 8884 8886 9083
 8747 8889 8970
 8820 8888 9043
 8716 8891 8936
 8842 8890 9061
 8718 8893 8938
 8844 8892 9063
 8720 8895 8940
 8846 8894 9065
 8755 8897 8978
 8782 8896 9007
 8757 8899 9010
 8784 8898 9031
 8787 8901 9012
 8808 8900 9033
 8761 8903 8984
 8788 8902 9013
 8733 8905 8952
 8882 8904 9079
 8700 8907 8909
 8886 8906 9103
 8702 8909 8921
 8906 8908 9105
 8783 8911 9008
 8804 8910 9029
 8785 8913 9032
 8806 8912 9047
 8809 8915 9034
 8830 8914 9049
 8789 8917 9014
 8810 8916 9051
 8731 8919 8964
 8811 8918 9052
 8704 8921 8922
 8908 8920 9125
 8864 8920 9107
 8769 8924 9022
 8866 8923 9085
 8771 8926 8996
 8868 8925 9087
 8773 8928 8998
 8870 8927 9089
 8775 8930 9000
 8872 8929 9091
 8777 8932 9002
 8838 8931 9093
 8779 8934 9004
 8840 8933 9059
 8749 8936 8972
 8890 8935 9109
 8751 8938 8974
 8892 8937 9111
 8753 8940 8976
 8894 8939 9113
 8781 8942 9006
 8824 8941 9067
 8825 8944 9068
 8848 8943 9069
 8805 8946 9030
 8826 8945 9045
 8807 8948 9048
 8828 8947 9075
 8831 8950 9050
 8856 8949 9077
 8763 8952 8966
 8904 8951 9123
 8850 8954 9071
 8849 8953 9070
 8851 8956 9072
 8874 8955 9095
 8827 8958 9046
 8852 8957 9073
 8829 8960 9076
 8854 8959 9099
 8857 8962 9078
 8880 8961 9101
 8791 8964 8986
 8918 8963 9139
 8765 8966 8968
 8951 8965 9141
 8767 8968 8990
 8965 8967 9170
 8841 8970 9060
 8888 8969 9128
 8821 8972 9044
 8935 8971 9130
 8801 8974 9024
 8937 8973 9155
 8803 8976 9026
 8939 8975 9157
 8875 8978 9096
 8896 8977 9115
 8853 8980 9074
 8876 8979 9097
 8855 8982 9100
 8878 8981 9119
 8881 8984 9102
 8902 8983 9121
 8793 8986 8988
 8963 8985 9168
 8813 8988 9016
 8985 8987 9182
 8795 8990 8992
 8967 8989 9172
 8797 8992 8994
 8989 8991 9184
 8799 8994 9018
 8991 8993 9186
 8867 8996 9086
 8925 8995 9145
 8869 8998 9088
 8927 8997 9147
 8871 9000 9090
 8929 8999 9149
 8873 9002 9092
 8931 9001 9151
 8839 9004 9094
 8933 9003 9153
 8823 9006 9028
 8941 9005 9159
 8897 9008 9116
 8910 9007 9131
 8877 9010 9098
 8898 9009 9117
 8879 9012 9120
 8900 9011 9135
 8903 9014 9122
 8916 9013 9137
 8815 9016 9036
 8987 9015 9208
 8816 9018 9020
 8993 9017 9188
 8819 9020 9038
 9017 9019 9213
 8865 9022 9108
 8923 9021 9143
 8843 9024 9062
 8973 9023 9192
 8845 9026 9064
 8975 9025 9194
 8847 9028 9066
 9005 9027 9196
 8911 9030 9132
 8945 9029 9162
 8899 9032 9118
 8912 9031 9133
 8901 9034 9136
 8914 9033 9166
 8833 9036 9054
 9015 9035 9210
 8835 9038 9040
 9019 9037 9214
 8837 9040 9042
 9037 9039 9230
 8861 9042 9058
 9039 9041 9232
 8889 9044 9129
 8971 9043 9190
 8946 9046 9163
 8957 9045 9176
 8913 9048 9134
 8947 9047 9164
 8915 9050 9167
 8949 9049 9180
 8917 9052 9138
 8919 9051 9140
 8859 9054 9056
 9035 9053 9228
 8883 9056 9080
 9053 9055 9258
 8863 9058 9082
 9041 9057 9260
 8934 9060 9154
 8969 9059 9218
 8891 9062 9110
 9023 9061 9244
 8893 9064 9112
 9025 9063 9246
 8895 9066 9114
 9027 9065 9248
 8942 9068 9160
 8943 9067 9174
 8944 9070 9175
 8954 9069 9199
 8953 9198 NaN
 8955 9200 NaN
 8958 9074 9177
 8979 9073 9202
 8948 9076 9165
 8959 9075 9178
 8950 9078 9181
 8961 9077 9206
 8905 9080 9124
 9055 9079 9270
 8885 9082 9084
 9057 9081 9262
 8887 9084 9104
 9081 9083 9272
 8924 9086 9144
 8995 9085 9236
 8926 9088 9146
 8997 9087 9238
 8928 9090 9148
 8999 9089 9240
 8930 9092 9150
 9001 9091 9242
 8932 9094 9152
 9003 9093 9216
 8956 9096 9201
 8977 9095 9220
 8980 9098 9203
 9009 9097 9222
 8960 9100 9179
 8981 9099 9204
 8962 9102 9207
 8983 9101 9226
 8907 9104 9106
 9083 9103 9274
 8909 9106 9126
 9103 9105 9299
 8922 9108 9127
 9021 9107 9234
 8936 9110 9130
 9061 9109 9280
 8938 9112 9156
 9063 9111 9282
 8940 9114 9158
 9065 9113 9284
 8978 9116 9221
 9007 9115 9250
 9010 9118 9223
 9031 9117 9252
 8982 9120 9205
 9011 9119 9224
 8984 9122 9227
 9013 9121 9256
 8952 9124 9142
 9079 9123 9297
 8921 9126 9127
 9105 9125 9301
 9107 9125 9325
 8970 9129 9219
 9043 9128 9278
 8972 9109 9191
 9008 9132 9251
 9029 9131 9264
 9032 9134 9253
 9047 9133 9266
 9012 9136 9225
 9033 9135 9254
 9014 9138 9257
 9051 9137 9294
 8964 9140 9169
 9052 9139 9295
 8966 9142 9171
 9123 9141 9323
 9022 9144 9235
 9085 9143 9303
 8996 9146 9237
 9087 9145 9305
 8998 9148 9239
 9089 9147 9307
 9000 9150 9241
 9091 9149 9309
 9002 9152 9243
 9093 9151 9311
 9004 9154 9217
 9059 9153 9276
 8974 9156 9193
 9111 9155 9331
 8976 9158 9195
 9113 9157 9333
 9006 9161 9197
 9067 9161 9286
 9159 9160 9373
 9030 9163 9265
 9045 9162 9288
 9048 9165 9267
 9075 9164 9290
 9034 9167 9255
 9049 9166 9268
 8986 9169 9183
 9139 9168 9355
 8968 9171 9173
 9141 9170 9343
 8990 9173 9185
 9170 9172 9357
 9068 9175 9287
 9069 9174 9313
 9046 9177 9289
 9073 9176 9317
 9076 9179 9291
 9099 9178 9319
 9050 9181 9269
 9077 9180 9292
 8988 9183 9209
 9168 9182 9383
 8992 9185 9187
 9172 9184 9359
 8994 9187 9189
 9184 9186 9387
 9018 9189 9212
 9186 9188 9389
 9044 9191 9279
 9130 9190 9329
 9024 9193 9245
 9155 9192 9369
 9026 9195 9247
 9157 9194 9371
 9028 9197 9249
 9159 9196 9374
 9071 9199 9315
 9070 9198 9314
 9072 9201 9316
 9095 9200 9335
 9074 9203 9318
 9097 9202 9337
 9100 9205 9320
 9119 9204 9339
 9078 9207 9293
 9101 9206 9321
 9016 9209 9211
 9182 9208 9385
 9036 9211 9229
 9208 9210 9407
 9188 9213 9409
 9020 9212 9215
 9038 9215 9231
 9213 9214 9412
 9094 9217 9312
 9153 9216 9367
 9060 9219 9277
 9128 9218 9345
 9096 9221 9336
 9115 9220 9347
 9098 9223 9338
 9117 9222 9349
 9120 9225 9340
 9135 9224 9351
 9102 9227 9322
 9121 9226 9341
 9054 9229 9259
 9210 9228 9429
 9040 9231 9233
 9214 9230 9431
 9042 9233 9261
 9230 9232 9433
 9108 9235 9327
 9143 9234 9361
 9086 9237 9304
 9145 9236 9363
 9088 9239 9306
 9147 9238 9365
 9090 9241 9308
 9149 9240 9391
 9092 9243 9310
 9151 9242 9393
 9062 9245 9281
 9192 9244 9415
 9064 9247 9283
 9194 9246 9417
 9066 9249 9285
 9196 9248 9395
 9116 9251 9348
 9131 9250 9377
 9118 9253 9350
 9133 9252 9379
 9136 9255 9352
 9166 9254 9381
 9122 9257 9342
 9137 9256 9353
 9056 9259 9271
 9228 9258 9447
 9058 9261 9263
 9232 9260 9449
 9082 9263 9273
 9260 9262 9451
 9132 9265 9378
 9162 9264 9399
 9134 9267 9380
 9164 9266 9403
 9167 9269 9382
 9180 9268 9405
 9080 9271 9298
 9258 9270 9477
 9084 9273 9275
 9262 9272 9481
 9104 9275 9300
 9272 9274 9483
 9154 9277 9368
 9218 9276 9435
 9129 9279 9346
 9190 9278 9413
 9110 9281 9330
 9244 9280 9465
 9112 9283 9332
 9246 9282 9467
 9114 9285 9334
 9248 9284 9437
 9160 9287 9376
 9174 9286 9397
 9163 9289 9400
 9176 9288 9401
 9165 9291 9404
 9178 9290 9425
 9181 9293 9406
 9206 9292 9427
 9138 9296 9354
 9140 9296 9356
 9294 9295 9491
 9124 9298 9324
 9270 9297 9479
 9106 9300 9302
 9274 9299 9495
 9126 9302 9326
 9299 9301 9497
 9144 9304 9362
 9236 9303 9455
 9146 9306 9364
 9238 9305 9457
 9148 9308 9366
 9240 9307 9459
 9150 9310 9392
 9242 9309 9461
 9152 9312 9394
 9216 9311 9463
 9175 9314 9398
 9199 9313 9420
 9198 9419 NaN
 9200 9421 NaN
 9177 9318 9402
 9202 9317 9423
 9179 9320 9426
 9204 9319 9443
 9207 9322 9428
 9226 9321 9445
 9142 9324 9344
 9297 9323 9493
 9127 9326 9328
 9301 9325 9517
 9234 9328 9453
 9325 9327 9519
 9191 9330 9414
 9280 9329 9501
 9156 9332 9370
 9282 9331 9503
 9158 9334 9372
 9284 9333 9485
 9201 9336 9422
 9220 9335 9439
 9203 9338 9424
 9222 9337 9441
 9205 9340 9444
 9224 9339 9473
 9227 9342 9446
 9256 9341 9475
 9171 9344 9358
 9323 9343 9515
 9219 9346 9436
 9278 9345 9499
 9221 9348 9440
 9250 9347 9469
 9223 9350 9442
 9252 9349 9471
 9225 9352 9474
 9254 9351 9489
 9257 9354 9476
 9294 9353 9492
 9169 9356 9384
 9295 9355 9545
 9173 9358 9360
 9343 9357 9547
 9185 9360 9388
 9357 9359 9564
 9235 9362 9454
 9303 9361 9521
 9237 9364 9456
 9305 9363 9523
 9239 9366 9458
 9307 9365 9525
 9217 9368 9464
 9276 9367 9531
 9193 9370 9416
 9331 9369 9552
 9195 9372 9418
 9333 9371 9533
 9161 9375 9376
 9197 9375 9396
 9373 9374 9570
 9286 9373 9505
 9251 9378 9470
 9264 9377 9487
 9253 9380 9472
 9266 9379 9509
 9255 9382 9490
 9268 9381 9513
 9183 9384 9386
 9355 9383 9562
 9209 9386 9408
 9383 9385 9580
 9187 9388 9390
 9359 9387 9566
 9189 9390 9410
 9387 9389 9582
 9241 9392 9460
 9309 9391 9527
 9243 9394 9462
 9311 9393 9529
 9249 9396 9438
 9374 9395 9594
 9287 9398 9506
 9313 9397 9535
 9265 9400 9488
 9288 9399 9507
 9289 9402 9508
 9317 9401 9539
 9267 9404 9510
 9290 9403 9511
 9269 9406 9514
 9292 9405 9543
 9211 9408 9430
 9385 9407 9604
 9212 9410 9411
 9389 9409 9584
 9409 9412 9606
 9215 9411 9432
 9279 9414 9500
 9329 9413 9550
 9245 9416 9466
 9369 9415 9592
 9247 9418 9468
 9371 9417 9568
 9315 9420 9537
 9314 9419 9536
 9316 9422 9538
 9335 9421 9554
 9318 9424 9540
 9337 9423 9556
 9291 9426 9512
 9319 9425 9541
 9293 9428 9544
 9321 9427 9560
 9229 9430 9448
 9407 9429 9628
 9231 9432 9434
 9412 9431 9608
 9233 9434 9450
 9431 9433 9632
 9277 9436 9532
 9345 9435 9590
 9285 9438 9486
 9395 9437 9620
 9336 9440 9555
 9347 9439 9572
 9338 9442 9557
 9349 9441 9574
 9320 9444 9542
 9339 9443 9558
 9322 9446 9561
 9341 9445 9578
 9259 9448 9478
 9429 9447 9630
 9261 9450 9452
 9433 9449 9634
 9263 9452 9482
 9449 9451 9648
 9327 9454 9549
 9361 9453 9586
 9304 9456 9522
 9363 9455 9610
 9306 9458 9524
 9365 9457 9612
 9308 9460 9526
 9391 9459 9614
 9310 9462 9528
 9393 9461 9616
 9312 9464 9530
 9367 9463 9588
 9281 9466 9502
 9415 9465 9638
 9283 9468 9504
 9417 9467 9618
 9348 9470 9573
 9377 9469 9596
 9350 9472 9575
 9379 9471 9598
 9340 9474 9559
 9351 9473 9576
 9342 9476 9579
 9353 9475 9602
 9271 9478 9480
 9447 9477 9646
 9298 9480 9494
 9477 9479 9666
 9273 9482 9484
 9451 9481 9650
 9275 9484 9496
 9481 9483 9668
 9334 9486 9534
 9437 9485 9654
 9378 9488 9597
 9399 9487 9622
 9352 9490 9577
 9381 9489 9600
 9296 9492 9546
 9354 9491 9603
 9324 9494 9516
 9479 9493 9694
 9300 9496 9498
 9483 9495 9670
 9302 9498 9518
 9495 9497 9696
 9346 9500 9591
 9413 9499 9636
 9330 9502 9551
 9465 9501 9682
 9332 9504 9553
 9467 9503 9684
 9376 9506 9571
 9397 9505 9640
 9400 9508 9623
 9401 9507 9642
 9380 9510 9599
 9403 9509 9624
 9404 9512 9625
 9425 9511 9644
 9382 9514 9601
 9405 9513 9626
 9344 9516 9548
 9493 9515 9710
 9326 9518 9520
 9497 9517 9698
 9328 9520 9549
 9517 9519 9712
 9362 9522 9587
 9455 9521 9672
 9364 9524 9611
 9457 9523 9674
 9366 9526 9613
 9459 9525 9676
 9392 9528 9615
 9461 9527 9678
 9394 9530 9617
 9463 9529 9680
 9368 9532 9589
 9435 9531 9652
 9372 9534 9569
 9485 9533 9700
 9398 9536 9641
 9420 9535 9657
 9419 9656 NaN
 9421 9658 NaN
 9402 9540 9643
 9423 9539 9660
 9426 9542 9645
 9443 9541 9662
 9406 9544 9627
 9427 9543 9664
 9356 9546 9563
 9491 9545 9731
 9358 9548 9565
 9515 9547 9734
 9453 9519 9714
 9414 9551 9637
 9501 9550 9719
 9370 9553 9593
 9503 9552 9721
 9422 9555 9659
 9439 9554 9686
 9424 9557 9661
 9441 9556 9688
 9444 9559 9663
 9473 9558 9690
 9428 9561 9665
 9445 9560 9692
 9384 9563 9581
 9545 9562 9757
 9360 9565 9567
 9547 9564 9736
 9388 9567 9583
 9564 9566 9761
 9418 9569 9619
 9533 9568 9747
 9375 9571 9595
 9505 9570 9723
 9440 9573 9687
 9469 9572 9702
 9442 9575 9689
 9471 9574 9704
 9474 9577 9691
 9489 9576 9706
 9446 9579 9693
 9475 9578 9708
 9386 9581 9605
 9562 9580 9759
 9390 9583 9585
 9566 9582 9781
 9410 9585 9607
 9582 9584 9783
 9454 9587 9715
 9521 9586 9739
 9464 9589 9681
 9531 9588 9745
 9436 9591 9653
 9499 9590 9717
 9416 9593 9639
 9552 9592 9767
 9396 9595 9621
 9570 9594 9790
 9470 9597 9703
 9487 9596 9725
 9472 9599 9705
 9509 9598 9727
 9490 9601 9707
 9513 9600 9729
 9476 9603 9709
 9492 9602 9732
 9408 9605 9629
 9580 9604 9779
 9411 9607 9609
 9584 9606 9802
 9432 9609 9633
 9606 9608 9805
 9456 9611 9673
 9523 9610 9741
 9458 9613 9675
 9525 9612 9743
 9460 9615 9677
 9527 9614 9763
 9462 9617 9679
 9529 9616 9765
 9468 9619 9685
 9568 9618 9787
 9438 9621 9655
 9594 9620 9789
 9488 9623 9726
 9507 9622 9751
 9510 9625 9728
 9511 9624 9753
 9514 9627 9730
 9543 9626 9755
 9430 9629 9631
 9604 9628 9800
 9448 9631 9647
 9628 9630 9823
 9434 9633 9635
 9608 9632 9825
 9450 9635 9649
 9632 9634 9827
 9500 9637 9718
 9550 9636 9785
 9466 9639 9683
 9592 9638 9809
 9506 9641 9724
 9535 9640 9769
 9508 9643 9752
 9539 9642 9773
 9512 9645 9754
 9541 9644 9775
 9478 9647 9667
 9630 9646 9847
 9452 9649 9651
 9634 9648 9849
 9482 9651 9669
 9648 9650 9851
 9532 9653 9746
 9590 9652 9807
 9486 9655 9701
 9620 9654 9811
 9537 9657 9749
 9536 9656 9770
 9538 9659 9750
 9554 9658 9771
 9540 9661 9774
 9556 9660 9794
 9542 9663 9776
 9558 9662 9796
 9544 9665 9756
 9560 9664 9777
 9480 9667 9695
 9646 9666 9863
 9484 9669 9671
 9650 9668 9867
 9496 9671 9697
 9668 9670 9869
 9522 9673 9740
 9610 9672 9829
 9524 9675 9742
 9612 9674 9831
 9526 9677 9744
 9614 9676 9833
 9528 9679 9764
 9616 9678 9835
 9530 9681 9766
 9588 9680 9837
 9502 9683 9720
 9638 9682 9855
 9504 9685 9722
 9618 9684 9839
 9555 9687 9772
 9572 9686 9792
 9557 9689 9795
 9574 9688 9817
 9559 9691 9797
 9576 9690 9819
 9561 9693 9778
 9578 9692 9798
 9494 9695 9711
 9666 9694 9865
 9498 9697 9699
 9670 9696 9891
 9518 9699 9713
 9696 9698 9893
 9534 9701 9748
 9654 9700 9873
 9573 9703 9793
 9596 9702 9815
 9575 9705 9818
 9598 9704 9843
 9577 9707 9820
 9600 9706 9845
 9579 9709 9799
 9602 9708 9821
 9516 9711 9735
 9694 9710 9889
 9520 9713 9738
 9698 9712 9915
 9549 9716 9738
 9586 9716 9806
 9714 9715 9939
 9591 9718 9808
 9636 9717 9853
 9551 9720 9786
 9682 9719 9901
 9553 9722 9768
 9684 9721 9903
 9571 9724 9814
 9640 9723 9875
 9597 9726 9816
 9622 9725 9841
 9599 9728 9844
 9624 9727 9859
 9601 9730 9846
 9626 9729 9861
 9546 9733 9758
 9603 9733 9822
 9731 9732 9933
 9548 9735 9737
 9710 9734 9913
 9565 9737 9762
 9734 9736 9937
 9712 9714 9917
 9587 9740 9806
 9672 9739 9919
 9611 9742 9830
 9674 9741 9895
 9613 9744 9832
 9676 9743 9897
 9589 9746 9838
 9652 9745 9871
 9569 9748 9788
 9700 9747 9923
 9656 9877 NaN
 9658 9879 NaN
 9623 9752 9842
 9642 9751 9857
 9625 9754 9860
 9644 9753 9883
 9627 9756 9862
 9664 9755 9887
 9563 9758 9760
 9731 9757 9935
 9581 9760 9780
 9757 9759 9955
 9567 9762 9782
 9736 9761 9957
 9615 9764 9834
 9678 9763 9921
 9617 9766 9836
 9680 9765 9899
 9593 9768 9810
 9721 9767 9945
 9641 9770 9876
 9657 9769 9878
 9659 9772 9880
 9686 9771 9905
 9643 9774 9858
 9660 9773 9881
 9645 9776 9884
 9662 9775 9885
 9665 9778 9888
 9692 9777 9911
 9605 9780 9801
 9759 9779 9976
 9583 9782 9784
 9761 9781 9959
 9585 9784 9803
 9781 9783 9978
 9637 9786 9854
 9719 9785 9943
 9619 9788 9840
 9747 9787 9966
 9621 9791 9812
 9595 9791 9813
 9789 9790 9947
 9687 9793 9906
 9702 9792 9925
 9661 9795 9882
 9688 9794 9907
 9663 9797 9886
 9690 9796 9909
 9693 9799 9912
 9708 9798 9931
 9629 9801 9824
 9779 9800 10002
 9607 9803 9804
 9783 9802 9980
 9802 9805 10006
 9609 9804 9826
 9715 9739 9961
 9653 9808 9872
 9717 9807 9941
 9639 9810 9856
 9767 9809 9990
 9655 9812 9874
 9789 9811 9992
 9790 9814 9948
 9723 9813 9968
 9703 9816 9926
 9725 9815 9949
 9689 9818 9908
 9704 9817 9927
 9691 9820 9910
 9706 9819 9929
 9709 9822 9932
 9732 9821 9934
 9631 9824 9848
 9800 9823 10004
 9633 9826 9828
 9805 9825 10008
 9635 9828 9850
 9825 9827 10024
 9673 9830 9920
 9741 9829 9982
 9675 9832 9896
 9743 9831 9984
 9677 9834 9898
 9763 9833 9986
 9679 9836 9922
 9765 9835 9988
 9681 9838 9900
 9745 9837 9964
 9685 9840 9904
 9787 9839 10012
 9726 9842 9950
 9751 9841 9972
 9705 9844 9928
 9727 9843 9951
 9707 9846 9930
 9729 9845 9953
 9647 9848 9864
 9823 9847 10022
 9649 9850 9852
 9827 9849 10026
 9651 9852 9868
 9849 9851 10044
 9718 9854 9942
 9785 9853 10010
 9683 9856 9902
 9809 9855 10030
 9752 9858 9973
 9773 9857 9996
 9728 9860 9952
 9753 9859 9974
 9730 9862 9954
 9755 9861 10000
 9667 9864 9866
 9847 9863 10042
 9695 9866 9890
 9863 9865 10066
 9669 9868 9870
 9851 9867 10046
 9671 9870 9892
 9867 9869 10068
 9746 9872 9965
 9807 9871 10028
 9701 9874 9924
 9811 9873 10032
 9724 9876 9969
 9769 9875 9995
 9749 9878 9970
 9770 9877 9994
 9750 9880 9971
 9771 9879 10014
 9774 9882 9997
 9794 9881 10016
 9754 9884 9975
 9775 9883 9998
 9776 9886 9999
 9796 9885 10018
 9756 9888 10001
 9777 9887 10020
 9711 9890 9914
 9865 9889 10089
 9697 9892 9894
 9869 9891 10070
 9699 9894 9916
 9891 9893 10091
 9742 9896 9983
 9831 9895 10050
 9744 9898 9985
 9833 9897 10052
 9766 9900 9989
 9837 9899 10054
 9720 9902 9944
 9855 9901 10076
 9722 9904 9946
 9839 9903 10056
 9772 9906 10015
 9792 9905 10034
 9795 9908 10017
 9817 9907 10036
 9797 9910 10019
 9819 9909 10038
 9778 9912 10021
 9798 9911 10040
 9735 9914 9938
 9889 9913 10107
 9713 9916 9918
 9893 9915 10093
 9738 9918 9940
 9915 9917 10111
 9740 9920 9963
 9829 9919 10048
 9764 9922 9987
 9835 9921 10072
 9748 9924 9967
 9873 9923 10078
 9793 9926 10035
 9815 9925 10060
 9818 9928 10037
 9843 9927 10062
 9820 9930 10039
 9845 9929 10064
 9799 9932 10041
 9821 9931 10086
 9733 9934 9936
 9822 9933 10087
 9758 9936 9956
 9933 9935 10128
 9737 9938 9958
 9913 9937 10109
 9716 9940 9962
 9917 9939 10132
 9808 9942 10029
 9853 9941 10074
 9786 9944 10011
 9901 9943 10117
 9768 9946 9991
 9903 9945 10095
 9791 9948 9993
 9813 9947 10058
 9816 9950 10061
 9841 9949 10080
 9844 9952 10063
 9859 9951 10082
 9846 9954 10065
 9861 9953 10084
 9760 9956 9977
 9935 9955 10157
 9762 9958 9960
 9937 9957 10130
 9782 9960 9979
 9957 9959 10161
 9806 9962 9963
 9939 9961 10134
 9919 9961 10136
 9838 9965 10055
 9871 9964 10115
 9788 9967 10013
 9923 9966 10145
 9814 9969 10059
 9875 9968 10119
 9877 10097 NaN
 9879 10099 NaN
 9842 9973 10081
 9857 9972 10101
 9860 9975 10083
 9883 9974 10103
 9780 9977 10003
 9955 9976 10159
 9784 9979 9981
 9959 9978 10163
 9803 9981 10007
 9978 9980 10180
 9830 9983 10049
 9895 9982 10113
 9832 9985 10051
 9897 9984 10139
 9834 9987 10053
 9921 9986 10141
 9836 9989 10073
 9899 9988 10143
 9810 9991 10031
 9945 9990 10170
 9812 9993 10033
 9947 9992 10147
 9878 9995 10098
 9876 9994 10120
 9858 9997 10102
 9881 9996 10121
 9884 9999 10104
 9885 9998 10123
 9862 10001 10085
 9887 10000 10105
 9801 10003 10005
 9976 10002 10178
 9824 10005 10023
 10002 10004 10190
 9804 10007 10009
 9980 10006 10192
 9826 10009 10025
 10006 10008 10195
 9854 10011 10075
 9943 10010 10168
 9840 10013 10057
 9966 10012 10182
 9880 10015 10100
 9905 10014 10149
 9882 10017 10122
 9907 10016 10153
 9886 10019 10124
 9909 10018 10155
 9888 10021 10106
 9911 10020 10125
 9848 10023 10043
 10004 10022 10220
 9828 10025 10027
 10008 10024 10222
 9850 10027 10045
 10024 10026 10224
 9872 10029 10116
 9941 10028 10166
 9856 10031 10077
 9990 10030 10206
 9874 10033 10079
 9992 10032 10208
 9906 10035 10150
 9925 10034 10151
 9908 10037 10154
 9927 10036 10174
 9910 10039 10156
 9929 10038 10176
 9912 10041 10126
 9931 10040 10127
 9864 10043 10067
 10022 10042 10240
 9852 10045 10047
 10026 10044 10244
 9868 10047 10069
 10044 10046 10246
 9920 10049 10137
 9982 10048 10196
 9896 10051 10114
 9984 10050 10198
 9898 10053 10140
 9986 10052 10200
 9900 10055 10144
 9964 10054 10204
 9904 10057 10096
 10012 10056 10228
 9948 10059 10148
 9968 10058 10210
 9926 10061 10152
 9949 10060 10172
 9928 10063 10175
 9951 10062 10186
 9930 10065 10177
 9953 10064 10188
 9866 10067 10090
 10042 10066 10242
 9870 10069 10071
 10046 10068 10262
 9892 10071 10092
 10068 10070 10264
 9922 10073 10142
 9988 10072 10202
 9942 10075 10167
 10010 10074 10226
 9902 10077 10118
 10030 10076 10250
 9924 10079 10146
 10032 10078 10252
 9950 10081 10173
 9972 10080 10184
 9952 10083 10187
 9974 10082 10216
 9954 10085 10189
 10000 10084 10218
 9932 10088 10127
 9934 10088 10129
 10086 10087 10309
 9890 10090 10108
 10066 10089 10260
 9894 10092 10094
 10070 10091 10288
 9916 10094 10112
 10091 10093 10290
 9946 10096 10171
 10056 10095 10272
 9970 10098 10213
 9994 10097 10274
 9971 10100 10212
 10014 10099 10230
 9973 10102 10185
 9996 10101 10214
 9975 10104 10217
 9998 10103 10234
 10001 10106 10219
 10020 10105 10238
 9914 10108 10110
 10089 10107 10286
 9938 10110 10131
 10107 10109 10313
 9918 10112 10133
 10093 10111 10315
 9983 10114 10197
 10050 10113 10268
 9965 10116 10205
 10028 10115 10248
 9944 10118 10169
 10076 10117 10296
 9969 10120 10211
 9995 10119 10275
 9997 10122 10215
 10016 10121 10232
 9999 10124 10235
 10018 10123 10236
 10021 10126 10239
 10040 10125 10284
 10041 10086 10283
 9936 10129 10158
 10087 10128 10311
 9958 10131 10162
 10109 10130 10329
 9940 10133 10135
 10111 10132 10317
 9962 10135 10165
 10132 10134 10333
 9963 10138 10165
 10048 10138 10266
 10136 10137 10357
 9985 10140 10199
 10052 10139 10270
 9987 10142 10201
 10072 10141 10292
 9989 10144 10203
 10054 10143 10294
 9967 10146 10183
 10078 10145 10298
 9993 10148 10209
 10058 10147 10300
 10015 10150 10231
 10034 10149 10254
 10035 10152 10255
 10060 10151 10277
 10017 10154 10233
 10036 10153 10256
 10019 10156 10237
 10038 10155 10258
 9956 10158 10160
 10128 10157 10327
 9977 10160 10179
 10157 10159 10353
 9960 10162 10164
 10130 10161 10331
 9979 10164 10181
 10161 10163 10355
 10134 10136 10335
 10029 10167 10249
 10074 10166 10319
 10011 10169 10227
 10117 10168 10341
 9991 10171 10207
 10095 10170 10321
 10061 10173 10278
 10080 10172 10303
 10037 10175 10257
 10062 10174 10279
 10039 10177 10259
 10064 10176 10281
 10003 10179 10191
 10159 10178 10378
 9981 10181 10193
 10163 10180 10380
 10013 10183 10229
 10145 10182 10343
 10081 10185 10304
 10101 10184 10323
 10063 10187 10280
 10082 10186 10305
 10065 10189 10282
 10084 10188 10307
 10005 10191 10221
 10178 10190 10395
 10007 10193 10194
 10180 10192 10382
 10192 10195 10399
 10009 10194 10223
 10049 10197 10267
 10113 10196 10337
 10051 10199 10269
 10139 10198 10360
 10053 10201 10271
 10141 10200 10362
 10073 10203 10293
 10143 10202 10364
 10055 10205 10295
 10115 10204 10339
 10031 10207 10251
 10170 10206 10387
 10033 10209 10253
 10147 10208 10366
 10059 10211 10301
 10119 10210 10368
 10099 10345 NaN
 10097 10302 NaN
 10102 10215 10324
 10121 10214 10347
 10083 10217 10306
 10103 10216 10325
 10085 10219 10308
 10105 10218 10351
 10023 10221 10241
 10190 10220 10397
 10025 10223 10225
 10195 10222 10401
 10027 10225 10245
 10222 10224 10415
 10075 10227 10320
 10168 10226 10386
 10057 10229 10273
 10182 10228 10403
 10100 10231 10346
 10149 10230 10370
 10122 10233 10348
 10153 10232 10372
 10104 10235 10326
 10123 10234 10349
 10124 10237 10350
 10155 10236 10374
 10106 10239 10352
 10125 10238 10376
 10043 10241 10243
 10220 10240 10413
 10067 10243 10261
 10240 10242 10437
 10045 10245 10247
 10224 10244 10417
 10047 10247 10263
 10244 10246 10439
 10116 10249 10340
 10166 10248 10384
 10077 10251 10297
 10206 10250 10427
 10079 10253 10299
 10208 10252 10405
 10150 10255 10371
 10151 10254 10389
 10154 10257 10373
 10174 10256 10391
 10156 10259 10375
 10176 10258 10393
 10090 10261 10287
 10242 10260 10457
 10069 10263 10265
 10246 10262 10441
 10071 10265 10289
 10262 10264 10459
 10137 10267 10359
 10196 10266 10419
 10114 10269 10338
 10198 10268 10421
 10140 10271 10361
 10200 10270 10423
 10096 10273 10322
 10228 10272 10447
 10098 10276 10302
 10120 10276 10369
 10274 10275 10495
 10152 10278 10390
 10172 10277 10407
 10175 10280 10392
 10186 10279 10409
 10177 10282 10394
 10188 10281 10411
 10127 10285 10310
 10126 10285 10377
 10283 10284 10477
 10108 10287 10314
 10260 10286 10481
 10092 10289 10291
 10264 10288 10461
 10094 10291 10316
 10288 10290 10485
 10142 10293 10363
 10202 10292 10443
 10144 10295 10365
 10204 10294 10425
 10118 10297 10342
 10250 10296 10465
 10146 10299 10344
 10252 10298 10467
 10148 10301 10367
 10210 10300 10429
 10213 10274 10450
 10173 10304 10408
 10184 10303 10431
 10187 10306 10410
 10216 10305 10433
 10189 10308 10412
 10218 10307 10435
 10088 10310 10312
 10283 10309 10479
 10129 10312 10328
 10309 10311 10503
 10110 10314 10330
 10286 10313 10483
 10112 10316 10318
 10290 10315 10487
 10133 10318 10334
 10315 10317 10507
 10167 10320 10385
 10226 10319 10445
 10171 10322 10388
 10272 10321 10491
 10185 10324 10432
 10214 10323 10451
 10217 10326 10434
 10234 10325 10453
 10158 10328 10354
 10311 10327 10523
 10131 10330 10332
 10313 10329 10505
 10162 10332 10356
 10329 10331 10525
 10135 10334 10336
 10317 10333 10527
 10165 10336 10358
 10333 10335 10529
 10197 10338 10420
 10268 10337 10489
 10205 10340 10426
 10248 10339 10463
 10169 10342 10386
 10296 10341 10533
 10183 10344 10404
 10298 10343 10515
 10212 10346 10449
 10230 10345 10469
 10215 10348 10452
 10232 10347 10473
 10235 10350 10454
 10236 10349 10475
 10219 10352 10436
 10238 10351 10455
 10160 10354 10379
 10327 10353 10545
 10164 10356 10381
 10331 10355 10549
 10138 10358 10359
 10335 10357 10553
 10266 10357 10555
 10199 10361 10422
 10270 10360 10509
 10201 10363 10424
 10292 10362 10511
 10203 10365 10444
 10294 10364 10513
 10209 10367 10406
 10300 10366 10493
 10211 10369 10430
 10275 10368 10537
 10231 10371 10470
 10254 10370 10471
 10233 10373 10474
 10256 10372 10499
 10237 10375 10476
 10258 10374 10501
 10239 10377 10456
 10284 10376 10478
 10179 10379 10396
 10353 10378 10547
 10181 10381 10383
 10355 10380 10551
 10193 10383 10400
 10380 10382 10573
 10249 10385 10464
 10319 10384 10531
 10227 10341 10446
 10207 10388 10428
 10321 10387 10535
 10255 10390 10472
 10277 10389 10497
 10257 10392 10500
 10279 10391 10519
 10259 10394 10502
 10281 10393 10521
 10191 10396 10398
 10378 10395 10571
 10221 10398 10414
 10395 10397 10598
 10194 10400 10402
 10382 10399 10575
 10223 10402 10416
 10399 10401 10601
 10229 10404 10448
 10343 10403 10561
 10253 10406 10468
 10366 10405 10563
 10278 10408 10498
 10303 10407 10517
 10280 10410 10520
 10305 10409 10541
 10282 10412 10522
 10307 10411 10543
 10241 10414 10438
 10397 10413 10616
 10225 10416 10418
 10401 10415 10620
 10245 10418 10440
 10415 10417 10622
 10267 10420 10557
 10337 10419 10559
 10269 10422 10490
 10360 10421 10577
 10271 10424 10510
 10362 10423 10579
 10295 10426 10514
 10339 10425 10581
 10251 10428 10466
 10387 10427 10606
 10301 10430 10494
 10368 10429 10585
 10304 10432 10518
 10323 10431 10539
 10306 10434 10542
 10325 10433 10569
 10308 10436 10544
 10351 10435 10595
 10243 10438 10458
 10413 10437 10618
 10247 10440 10442
 10417 10439 10636
 10263 10442 10460
 10439 10441 10638
 10293 10444 10512
 10364 10443 10602
 10320 10446 10532
 10386 10445 10583
 10273 10448 10492
 10403 10447 10608
 10345 10565 NaN
 10302 10496 NaN
 10324 10452 10540
 10347 10451 10567
 10326 10454 10570
 10349 10453 10591
 10352 10456 10596
 10376 10455 10631
 10261 10458 10482
 10437 10457 10634
 10265 10460 10462
 10441 10459 10655
 10289 10462 10486
 10459 10461 10657
 10340 10464 10582
 10384 10463 10604
 10297 10466 10534
 10427 10465 10642
 10299 10468 10516
 10405 10467 10625
 10346 10470 10566
 10370 10469 10587
 10371 10472 10588
 10389 10471 10610
 10348 10474 10568
 10372 10473 10589
 10350 10476 10592
 10374 10475 10593
 10285 10478 10480
 10377 10477 10632
 10310 10480 10504
 10477 10479 10676
 10287 10482 10484
 10457 10481 10653
 10314 10484 10506
 10481 10483 10678
 10291 10486 10488
 10461 10485 10680
 10316 10488 10508
 10485 10487 10682
 10338 10490 10560
 10421 10489 10640
 10322 10492 10536
 10447 10491 10667
 10367 10494 10564
 10429 10493 10644
 10276 10496 10538
 10450 10495 10647
 10390 10498 10611
 10407 10497 10627
 10373 10500 10590
 10391 10499 10612
 10375 10502 10594
 10393 10501 10614
 10312 10504 10524
 10479 10503 10694
 10330 10506 10526
 10483 10505 10696
 10318 10508 10528
 10487 10507 10700
 10361 10510 10578
 10423 10509 10659
 10363 10512 10580
 10443 10511 10661
 10365 10514 10603
 10425 10513 10663
 10344 10516 10562
 10467 10515 10669
 10408 10518 10628
 10431 10517 10648
 10392 10520 10613
 10409 10519 10650
 10394 10522 10615
 10411 10521 10629
 10328 10524 10546
 10503 10523 10721
 10332 10526 10550
 10505 10525 10698
 10334 10528 10530
 10507 10527 10702
 10336 10530 10554
 10527 10529 10727
 10385 10532 10605
 10445 10531 10665
 10342 10534 10584
 10465 10533 10686
 10388 10536 10607
 10491 10535 10706
 10369 10538 10586
 10495 10537 10710
 10432 10540 10649
 10451 10539 10671
 10410 10542 10651
 10433 10541 10673
 10412 10544 10630
 10435 10543 10652
 10354 10546 10548
 10523 10545 10723
 10379 10548 10572
 10545 10547 10741
 10356 10550 10552
 10525 10549 10725
 10381 10552 10574
 10549 10551 10743
 10358 10554 10556
 10529 10553 10747
 10359 10556 10558
 10553 10555 10749
 10419 10558 10624
 10555 10557 10770
 10420 10560 10624
 10489 10559 10704
 10404 10562 10609
 10515 10561 10735
 10406 10564 10626
 10493 10563 10708
 10449 10566 NaN
 10469 10565 10712
 10452 10568 10672
 10473 10567 10688
 10434 10570 10674
 10453 10569 10690
 10396 10572 10599
 10547 10571 10766
 10383 10574 10576
 10551 10573 10745
 10400 10576 10600
 10573 10575 10768
 10422 10578 10641
 10509 10577 10729
 10424 10580 10660
 10511 10579 10731
 10426 10582 10664
 10463 10581 10684
 10446 10584 10666
 10533 10583 10733
 10430 10586 10645
 10537 10585 10757
 10470 10588 10713
 10471 10587 10715
 10474 10590 10689
 10499 10589 10717
 10454 10592 10691
 10475 10591 10692
 10476 10594 10693
 10501 10593 10719
 10436 10597 10652
 10455 10597 10675
 10595 10596 10846
 10398 10599 10617
 10571 10598 10782
 10575 10601 10786
 10402 10600 10621
 10444 10603 10662
 10513 10602 10751
 10464 10605 10685
 10531 10604 10753
 10428 10607 10643
 10535 10606 10755
 10448 10609 10668
 10561 10608 10772
 10472 10611 10716
 10497 10610 10737
 10500 10613 10718
 10519 10612 10739
 10502 10615 10720
 10521 10614 10763
 10414 10617 10619
 10598 10616 10784
 10438 10619 10635
 10616 10618 10810
 10416 10621 10623
 10601 10620 10788
 10418 10623 10637
 10620 10622 10812
 10557 10559 10790
 10468 10626 10670
 10563 10625 10774
 10498 10628 10738
 10517 10627 10759
 10522 10630 10764
 10543 10629 10807
 10456 10633 10675
 10478 10633 10677
 10631 10632 10850
 10458 10635 10654
 10618 10634 10834
 10440 10637 10639
 10622 10636 10814
 10442 10639 10656
 10636 10638 10836
 10490 10641 10705
 10577 10640 10793
 10466 10643 10687
 10606 10642 10822
 10494 10645 10709
 10585 10644 10826
 10647 10776 NaN
 10496 10646 10711
 10518 10649 10760
 10539 10648 10778
 10520 10651 10740
 10541 10650 10761
 10544 10595 10808
 10482 10654 10679
 10634 10653 10852
 10460 10656 10658
 10638 10655 10838
 10462 10658 10681
 10655 10657 10856
 10510 10660 10730
 10579 10659 10816
 10512 10662 10732
 10602 10661 10818
 10514 10664 10752
 10581 10663 10795
 10532 10666 10754
 10583 10665 10797
 10492 10668 10707
 10608 10667 10824
 10516 10670 10736
 10625 10669 10840
 10540 10672 10779
 10567 10671 10801
 10542 10674 10762
 10569 10673 10780
 10596 10631 10848
 10480 10677 10695
 10632 10676 10870
 10484 10679 10697
 10653 10678 10854
 10486 10681 10683
 10657 10680 10858
 10488 10683 10701
 10680 10682 10874
 10582 10685 10796
 10604 10684 10820
 10534 10687 10734
 10642 10686 10862
 10568 10689 10802
 10589 10688 10830
 10570 10691 10781
 10591 10690 10803
 10592 10693 10804
 10593 10692 10805
 10504 10695 10722
 10676 10694 10892
 10506 10697 10699
 10678 10696 10872
 10526 10699 10726
 10696 10698 10896
 10508 10701 10703
 10682 10700 10876
 10528 10703 10728
 10700 10702 10898
 10560 10705 10792
 10640 10704 10860
 10536 10707 10756
 10667 10706 10884
 10564 10709 10775
 10644 10708 10888
 10538 10711 10758
 10647 10710 10864
 10566 10714 10777
 10587 10714 10799
 10712 10713 10908
 10588 10716 10800
 10610 10715 10828
 10590 10718 10831
 10612 10717 10844
 10594 10720 10806
 10614 10719 10832
 10524 10722 10724
 10694 10721 10894
 10546 10724 10742
 10721 10723 10916
 10550 10726 10744
 10698 10725 10918
 10530 10728 10748
 10702 10727 10922
 10578 10730 10794
 10659 10729 10878
 10580 10732 10817
 10661 10731 10880
 10584 10734 10798
 10686 10733 10904
 10562 10736 10773
 10669 10735 10886
 10611 10738 10829
 10627 10737 10842
 10613 10740 10845
 10650 10739 10868
 10548 10742 10767
 10723 10741 10938
 10552 10744 10746
 10725 10743 10920
 10574 10746 10769
 10743 10745 10942
 10554 10748 10750
 10727 10747 10924
 10556 10750 10771
 10747 10749 10944
 10603 10752 10819
 10663 10751 10900
 10605 10754 10821
 10665 10753 10882
 10607 10756 10823
 10706 10755 10928
 10586 10758 10827
 10710 10757 10906
 10628 10760 10843
 10648 10759 10866
 10651 10762 10869
 10673 10761 10890
 10615 10765 10832
 10629 10765 10833
 10763 10764 11000
 10572 10767 10783
 10741 10766 10940
 10576 10769 10787
 10745 10768 10961
 10558 10771 10791
 10749 10770 10946
 10609 10773 10825
 10735 10772 10950
 10626 10775 10841
 10708 10774 10930
 10646 10865 NaN
 10712 10952 NaN
 10649 10779 10867
 10671 10778 10910
 10674 10781 10891
 10690 10780 10914
 10599 10783 10785
 10766 10782 10959
 10617 10785 10811
 10782 10784 10983
 10600 10787 10789
 10768 10786 10963
 10621 10789 10813
 10786 10788 10986
 10624 10791 10792
 10770 10790 10965
 10704 10790 10926
 10641 10794 10861
 10729 10793 10948
 10664 10796 10901
 10684 10795 10903
 10666 10798 10883
 10733 10797 10973
 10713 10800 10909
 10715 10799 10932
 10672 10802 10911
 10688 10801 10912
 10691 10804 10915
 10692 10803 10937
 10693 10806 10936
 10719 10805 10956
 10630 10809 10833
 10652 10809 10847
 10807 10808 11016
 10619 10811 10835
 10784 10810 11004
 10623 10813 10815
 10788 10812 10987
 10637 10815 10837
 10812 10814 11008
 10660 10817 10879
 10731 10816 10967
 10662 10819 10881
 10751 10818 10969
 10685 10821 10902
 10753 10820 10971
 10643 10823 10863
 10755 10822 10975
 10668 10825 10885
 10772 10824 10991
 10645 10827 10889
 10757 10826 10977
 10716 10829 10933
 10737 10828 10954
 10689 10831 10913
 10717 10830 10934
 10720 10763 10957
 10764 10807 11002
 10635 10835 10853
 10810 10834 11006
 10639 10837 10839
 10814 10836 11022
 10656 10839 10857
 10836 10838 11024
 10670 10841 10887
 10774 10840 10993
 10738 10843 10955
 10759 10842 10979
 10718 10845 10935
 10739 10844 10981
 10597 10847 10849
 10808 10846 11018
 10675 10849 10851
 10846 10848 11049
 10633 10851 10871
 10848 10850 11051
 10654 10853 10855
 10834 10852 11020
 10679 10855 10873
 10852 10854 11053
 10658 10857 10859
 10838 10856 11055
 10681 10859 10875
 10856 10858 11057
 10705 10861 10927
 10793 10860 11010
 10687 10863 10905
 10822 10862 11034
 10711 10865 10907
 10776 10864 11013
 10760 10867 10980
 10778 10866 10995
 10740 10869 10982
 10761 10868 10997
 10677 10871 10893
 10850 10870 11068
 10697 10873 10897
 10854 10872 11072
 10683 10875 10877
 10858 10874 11076
 10701 10877 10899
 10874 10876 11078
 10730 10879 10949
 10816 10878 11026
 10732 10881 10968
 10818 10880 11028
 10754 10883 10972
 10797 10882 11032
 10707 10885 10929
 10824 10884 11036
 10736 10887 10951
 10840 10886 11038
 10709 10889 10931
 10826 10888 11040
 10762 10891 10998
 10780 10890 11046
 10695 10893 10895
 10870 10892 11070
 10722 10895 10917
 10892 10894 11091
 10699 10897 10919
 10872 10896 11074
 10703 10899 10923
 10876 10898 11095
 10752 10901 10970
 10795 10900 11060
 10820 10903 11030
 10796 10902 11059
 10734 10905 10974
 10862 10904 11082
 10758 10907 10978
 10864 10906 11084
 10714 10909 10953
 10799 10908 11042
 10779 10911 10996
 10801 10910 11014
 10802 10913 11015
 10830 10912 11044
 10781 10915 11047
 10803 10914 11088
 10724 10917 10939
 10894 10916 11113
 10726 10919 10921
 10896 10918 11093
 10744 10921 10943
 10918 10920 11117
 10728 10923 10925
 10898 10922 11097
 10748 10925 10945
 10922 10924 11119
 10792 10927 10989
 10860 10926 11080
 10756 10929 10976
 10884 10928 11104
 10775 10931 10994
 10888 10930 11108
 10800 10933 11043
 10828 10932 11063
 10831 10935 11045
 10844 10934 11066
 10805 10937 10999
 10804 10936 11089
 10742 10939 10941
 10916 10938 11115
 10767 10941 10960
 10938 10940 11134
 10746 10943 10962
 10920 10942 11136
 10750 10945 10947
 10924 10944 11121
 10771 10947 10966
 10944 10946 11140
 10794 10949 11011
 10878 10948 11099
 10773 10951 10992
 10886 10950 11106
 10777 10953 11012
 10908 10952 11129
 10829 10955 11062
 10842 10954 11064
 10806 10958 10999
 10832 10958 11001
 10956 10957 11176
 10783 10960 10984
 10940 10959 11156
 10769 10962 10964
 10942 10961 11138
 10787 10964 10985
 10961 10963 11160
 10791 10966 10990
 10946 10965 11162
 10817 10968 11027
 10880 10967 11123
 10819 10970 11029
 10900 10969 11144
 10821 10972 11031
 10882 10971 11102
 10798 10974 11033
 10904 10973 11125
 10823 10976 11035
 10928 10975 11146
 10827 10978 11041
 10906 10977 11127
 10843 10980 11065
 10866 10979 11110
 10845 10982 11067
 10868 10981 11086
 10785 10984 11005
 10959 10983 11158
 10963 10986 11182
 10789 10985 10988
 10813 10988 11009
 10986 10987 11184
 10926 10990 11142
 10965 10989 11164
 10825 10992 11037
 10950 10991 11148
 10841 10994 11039
 10930 10993 11150
 10867 10996 11111
 10910 10995 11131
 10869 10998 11087
 10890 10997 11112
 10936 10956 11154
 10765 11001 11003
 10957 11000 11178
 10833 11003 11017
 11000 11002 11198
 10811 11005 11007
 10983 11004 11180
 10835 11007 11021
 11004 11006 11202
 10815 11009 11023
 10987 11008 11204
 10861 11011 11081
 10948 11010 11166
 10952 11170 NaN
 10865 11085 NaN
 10911 11015 11132
 10912 11014 11152
 10809 11017 11019
 11002 11016 11200
 10847 11019 11050
 11016 11018 11218
 10853 11021 11054
 11006 11020 11222
 10837 11023 11025
 11008 11022 11206
 10839 11025 11056
 11022 11024 11226
 10879 11027 11100
 10967 11026 11186
 10881 11029 11124
 10969 11028 11209
 10902 11031 11101
 10971 11030 11168
 10883 11033 11103
 10973 11032 11188
 10863 11035 11083
 10975 11034 11190
 10885 11037 11105
 10991 11036 11211
 10887 11039 11107
 10993 11038 11213
 10889 11041 11109
 10977 11040 11192
 10909 11043 11130
 10932 11042 11194
 10913 11045 11153
 10934 11044 11174
 10891 11048 11112
 10914 11048 11133
 11046 11047 11306
 10849 11050 11052
 11018 11049 11220
 10851 11052 11069
 11049 11051 11238
 10855 11054 11073
 11020 11053 11224
 10857 11056 11058
 11024 11055 11228
 10859 11058 11077
 11055 11057 11244
 10903 11061 11101
 10901 11061 11145
 11059 11060 11281
 10954 11063 11173
 10933 11062 11195
 10955 11065 11172
 10979 11064 11196
 10935 11067 11175
 10981 11066 11217
 10871 11069 11071
 11051 11068 11241
 10893 11071 11092
 11068 11070 11271
 10873 11073 11075
 11053 11072 11242
 10897 11075 11094
 11072 11074 11273
 10875 11077 11079
 11057 11076 11247
 10877 11079 11096
 11076 11078 11275
 10927 11081 11143
 11010 11080 11230
 10905 11083 11126
 11034 11082 11254
 10907 11085 11128
 11013 11084 11233
 10982 11087 11216
 10997 11086 11269
 10915 11090 11133
 10937 11090 11155
 11088 11089 11310
 10895 11092 11114
 11070 11091 11286
 10919 11094 11118
 11074 11093 11290
 10899 11096 11098
 11078 11095 11277
 10923 11098 11120
 11095 11097 11294
 10949 11100 11167
 11026 11099 11248
 11030 11059 11250
 10972 11103 11169
 11032 11102 11252
 10929 11105 11147
 11036 11104 11256
 10951 11107 11149
 11038 11106 11258
 10931 11109 11151
 11040 11108 11260
 10980 11111 11197
 10995 11110 11234
 10998 11046 11268
 10917 11114 11116
 11091 11113 11288
 10939 11116 11135
 11113 11115 11312
 10921 11118 11137
 11093 11117 11292
 10925 11120 11122
 11097 11119 11316
 10945 11122 11141
 11119 11121 11318
 10968 11124 11187
 11028 11123 11278
 10974 11126 11189
 11082 11125 11298
 10978 11128 11193
 11084 11127 11304
 10953 11130 11171
 11042 11129 11262
 10996 11132 11235
 11014 11131 11236
 11047 11088 11308
 10941 11135 11157
 11115 11134 11335
 10943 11137 11139
 11117 11136 11314
 10962 11139 11161
 11136 11138 11339
 10947 11141 11163
 11121 11140 11341
 10989 11143 11208
 11080 11142 11296
 10970 11145 11210
 11060 11144 11322
 10976 11147 11191
 11104 11146 11300
 10992 11149 11212
 11106 11148 11326
 10994 11151 11214
 11108 11150 11302
 11015 11153 11237
 11044 11152 11264
 10999 11155 11177
 11089 11154 11333
 10960 11157 11159
 11134 11156 11337
 10984 11159 11181
 11156 11158 11351
 10964 11161 11183
 11138 11160 11353
 10966 11163 11165
 11140 11162 11343
 10990 11165 11208
 11162 11164 11357
 11011 11167 11231
 11099 11166 11320
 11031 11169 11251
 11102 11168 11324
 11012 11171 NaN
 11129 11170 11328
 11064 11173 11282
 11062 11172 11331
 11045 11175 11265
 11066 11174 11266
 10958 11177 11179
 11154 11176 11349
 11001 11179 11199
 11176 11178 11376
 11005 11181 11203
 11158 11180 11378
 10985 11183 11185
 11160 11182 11355
 10988 11185 11205
 11182 11184 11382
 11027 11187 11249
 11123 11186 11345
 11033 11189 11253
 11125 11188 11363
 11035 11191 11255
 11146 11190 11365
 11041 11193 11261
 11127 11192 11371
 11043 11195 11263
 11063 11194 11330
 11065 11197 11283
 11110 11196 11347
 11003 11199 11201
 11178 11198 11396
 11017 11201 11219
 11198 11200 11398
 11007 11203 11223
 11180 11202 11380
 11009 11205 11207
 11184 11204 11384
 11023 11207 11227
 11204 11206 11402
 11142 11164 11359
 11029 11210 11279
 11144 11209 11361
 11037 11212 11257
 11148 11211 11367
 11039 11214 11259
 11150 11213 11369
 11216 11217 11454
 11086 11215 11284
 11067 11215 11266
 11019 11219 11221
 11200 11218 11417
 11050 11221 11239
 11218 11220 11419
 11021 11223 11225
 11202 11222 11400
 11054 11225 11243
 11222 11224 11421
 11025 11227 11229
 11206 11226 11423
 11056 11229 11245
 11226 11228 11425
 11081 11231 11295
 11166 11230 11386
 11233 11390 NaN
 11085 11232 11303
 11111 11235 11346
 11131 11234 11374
 11132 11237 11373
 11152 11236 11392
 11052 11239 11240
 11220 11238 11435
 11238 11241 11437
 11069 11240 11270
 11073 11243 11272
 11224 11242 11439
 11058 11245 11246
 11228 11244 11443
 11244 11247 11445
 11077 11246 11274
 11100 11249 11319
 11186 11248 11403
 11101 11251 11280
 11168 11250 11388
 11103 11253 11323
 11188 11252 11405
 11083 11255 11297
 11190 11254 11407
 11105 11257 11299
 11211 11256 11428
 11107 11259 11325
 11213 11258 11430
 11109 11261 11301
 11192 11260 11409
 11130 11263 11327
 11194 11262 11411
 11153 11265 11393
 11174 11264 11413
 11175 11217 11414
 11268 11269 11482
 11112 11267 11305
 11087 11267 11284
 11241 11271 11458
 11071 11270 11285
 11242 11273 11441
 11075 11272 11289
 11247 11275 11464
 11079 11274 11276
 11275 11277 11466
 11096 11276 11293
 11124 11279 11344
 11209 11278 11426
 11250 11281 11449
 11061 11280 11321
 11172 11283 11372
 11196 11282 11432
 11216 11269 11456
 11271 11286 11460
 11092 11285 11287
 11286 11288 11486
 11114 11287 11311
 11273 11290 11462
 11094 11289 11291
 11290 11292 11488
 11118 11291 11313
 11277 11294 11490
 11098 11293 11315
 11230 11296 11447
 11143 11295 11358
 11254 11298 11472
 11126 11297 11362
 11256 11300 11474
 11147 11299 11364
 11260 11302 11478
 11151 11301 11368
 11233 11304 11452
 11128 11303 11370
 11268 11306 11484
 11048 11305 11307
 11306 11308 11503
 11133 11307 11309
 11308 11310 11505
 11090 11309 11332
 11288 11312 11507
 11116 11311 11334
 11292 11314 11511
 11137 11313 11338
 11294 11316 11492
 11120 11315 11317
 11316 11318 11515
 11122 11317 11340
 11248 11320 11468
 11167 11319 11387
 11281 11322 11496
 11145 11321 11360
 11252 11324 11470
 11169 11323 11389
 11258 11326 11476
 11149 11325 11366
 11262 11328 11480
 11171 11327 11391
 11330 11331 11565
 11195 11329 11412
 11173 11329 11372
 11310 11333 11529
 11155 11332 11348
 11312 11335 11509
 11135 11334 11336
 11335 11337 11531
 11157 11336 11350
 11314 11339 11513
 11139 11338 11352
 11318 11341 11517
 11141 11340 11342
 11341 11343 11535
 11163 11342 11356
 11278 11345 11494
 11187 11344 11404
 11234 11347 11500
 11197 11346 11433
 11333 11349 11547
 11177 11348 11375
 11337 11351 11551
 11159 11350 11377
 11339 11353 11533
 11161 11352 11354
 11353 11355 11555
 11183 11354 11381
 11343 11357 11559
 11165 11356 11385
 11296 11359 11519
 11208 11358 11385
 11322 11361 11539
 11210 11360 11427
 11298 11363 11521
 11189 11362 11406
 11300 11365 11523
 11191 11364 11408
 11326 11367 11543
 11212 11366 11429
 11302 11369 11525
 11214 11368 11431
 11304 11371 11527
 11193 11370 11410
 11282 11331 11498
 11236 11374 11434
 11235 11373 11501
 11349 11376 11549
 11179 11375 11395
 11351 11378 11553
 11181 11377 11379
 11378 11380 11571
 11203 11379 11399
 11355 11382 11557
 11185 11381 11383
 11382 11384 11574
 11205 11383 11401
 11357 11359 11561
 11231 11387 11448
 11320 11386 11537
 11251 11389 11450
 11324 11388 11541
 11232 11451 NaN
 11328 11545 NaN
 11237 11394 11434
 11264 11394 11453
 11392 11393 11609
 11376 11396 11569
 11199 11395 11397
 11396 11398 11591
 11201 11397 11416
 11380 11400 11595
 11223 11399 11420
 11384 11402 11597
 11207 11401 11422
 11249 11404 11469
 11345 11403 11563
 11253 11406 11471
 11363 11405 11577
 11255 11408 11473
 11365 11407 11579
 11261 11410 11479
 11371 11409 11585
 11263 11412 11481
 11330 11411 11587
 11265 11415 11453
 11266 11415 11455
 11413 11414 11633
 11398 11417 11593
 11219 11416 11418
 11417 11419 11611
 11221 11418 11436
 11400 11421 11615
 11225 11420 11440
 11402 11423 11599
 11227 11422 11424
 11423 11425 11619
 11229 11424 11444
 11279 11427 11495
 11361 11426 11603
 11257 11429 11475
 11367 11428 11581
 11259 11431 11477
 11369 11430 11583
 11283 11433 11499
 11347 11432 11567
 11373 11392 11589
 11239 11436 11438
 11419 11435 11613
 11240 11438 11459
 11435 11437 11637
 11243 11440 11442
 11421 11439 11617
 11272 11442 11463
 11439 11441 11641
 11245 11444 11446
 11425 11443 11621
 11246 11446 11465
 11443 11445 11643
 11295 11448 11520
 11386 11447 11601
 11280 11450 11497
 11388 11449 11605
 11390 11452 11607
 11303 11451 11528
 11393 11413 11631
 11215 11455 11457
 11414 11454 11635
 11284 11457 11483
 11454 11456 11657
 11270 11459 11461
 11437 11458 11639
 11285 11461 11487
 11458 11460 11659
 11289 11463 11489
 11441 11462 11661
 11274 11465 11467
 11445 11464 11645
 11276 11467 11491
 11464 11466 11665
 11319 11469 11538
 11403 11468 11623
 11323 11471 11542
 11405 11470 11649
 11297 11473 11522
 11407 11472 11625
 11299 11475 11524
 11428 11474 11627
 11325 11477 11544
 11430 11476 11651
 11301 11479 11526
 11409 11478 11629
 11327 11481 11546
 11411 11480 11653
 11267 11483 11485
 11456 11482 11675
 11305 11485 11504
 11482 11484 11677
 11287 11487 11508
 11460 11486 11679
 11291 11489 11512
 11462 11488 11663
 11293 11491 11493
 11466 11490 11667
 11315 11493 11516
 11490 11492 11685
 11344 11495 11564
 11426 11494 11647
 11321 11497 11540
 11449 11496 11671
 11372 11499 11566
 11432 11498 11655
 11346 11502 11568
 11374 11502 11590
 11500 11501 11746
 11307 11504 11506
 11484 11503 11701
 11309 11506 11530
 11503 11505 11703
 11311 11508 11510
 11486 11507 11681
 11334 11510 11532
 11507 11509 11705
 11313 11512 11514
 11488 11511 11683
 11338 11514 11534
 11511 11513 11707
 11317 11516 11518
 11492 11515 11687
 11340 11518 11536
 11515 11517 11709
 11358 11520 11575
 11447 11519 11669
 11362 11522 11578
 11472 11521 11691
 11364 11524 11580
 11474 11523 11693
 11368 11526 11584
 11478 11525 11697
 11370 11528 11586
 11452 11527 11673
 11332 11530 11548
 11505 11529 11719
 11336 11532 11552
 11509 11531 11723
 11352 11534 11556
 11513 11533 11727
 11342 11536 11560
 11517 11535 11731
 11387 11538 11602
 11468 11537 11689
 11360 11540 11604
 11496 11539 11713
 11389 11542 11606
 11470 11541 11715
 11366 11544 11582
 11476 11543 11695
 11391 11546 11608
 11480 11545 11699
 11348 11548 11550
 11529 11547 11721
 11375 11550 11570
 11547 11549 11748
 11350 11552 11554
 11531 11551 11725
 11377 11554 11572
 11551 11553 11750
 11354 11556 11558
 11533 11555 11729
 11381 11558 11573
 11555 11557 11752
 11356 11560 11562
 11535 11559 11733
 11385 11562 11576
 11559 11561 11754
 11404 11564 11624
 11494 11563 11711
 11329 11566 11588
 11498 11565 11717
 11433 11568 11656
 11500 11567 11745
 11395 11570 11592
 11549 11569 11771
 11379 11572 11596
 11553 11571 11775
 11557 11574 11779
 11383 11573 11598
 11519 11576 11735
 11561 11575 11783
 11406 11578 11650
 11521 11577 11737
 11408 11580 11626
 11523 11579 11739
 11429 11582 11628
 11543 11581 11762
 11431 11584 11652
 11525 11583 11741
 11410 11586 11630
 11527 11585 11743
 11412 11588 11654
 11565 11587 11766
 11434 11590 11610
 11501 11589 11769
 11397 11592 11594
 11569 11591 11773
 11416 11594 11612
 11591 11593 11791
 11399 11596 11616
 11571 11595 11777
 11401 11598 11600
 11574 11597 11781
 11422 11600 11620
 11597 11599 11795
 11448 11602 11670
 11537 11601 11756
 11427 11604 11648
 11539 11603 11758
 11450 11606 11672
 11541 11605 11760
 11451 11674 NaN
 11545 11764 NaN
 11394 11610 11632
 11589 11609 11789
 11418 11612 11614
 11593 11611 11810
 11436 11614 11638
 11611 11613 11812
 11420 11616 11618
 11595 11615 11793
 11440 11618 11642
 11615 11617 11814
 11424 11620 11622
 11599 11619 11816
 11444 11622 11644
 11619 11621 11818
 11469 11624 11690
 11563 11623 11785
 11473 11626 11692
 11579 11625 11800
 11475 11628 11694
 11581 11627 11802
 11479 11630 11698
 11585 11629 11787
 11453 11632 11634
 11609 11631 11808
 11415 11634 11636
 11631 11633 11826
 11455 11636 11658
 11633 11635 11828
 11438 11638 11640
 11613 11637 11830
 11459 11640 11660
 11637 11639 11832
 11442 11642 11662
 11617 11641 11834
 11446 11644 11646
 11621 11643 11838
 11465 11646 11666
 11643 11645 11840
 11495 11648 11712
 11603 11647 11822
 11471 11650 11716
 11577 11649 11798
 11477 11652 11696
 11583 11651 11804
 11481 11654 11700
 11587 11653 11806
 11499 11656 11718
 11567 11655 11768
 11457 11658 11676
 11635 11657 11854
 11461 11660 11680
 11639 11659 11858
 11463 11662 11664
 11641 11661 11836
 11489 11664 11684
 11661 11663 11862
 11467 11666 11668
 11645 11665 11864
 11491 11668 11686
 11665 11667 11866
 11520 11670 11736
 11601 11669 11820
 11497 11672 11714
 11605 11671 11824
 11528 11674 11744
 11607 11673 11853
 11483 11676 11678
 11657 11675 11856
 11485 11678 11702
 11675 11677 11874
 11487 11680 11682
 11659 11679 11860
 11508 11682 11706
 11679 11681 11878
 11512 11684 11708
 11663 11683 11880
 11493 11686 11688
 11667 11685 11884
 11516 11688 11710
 11685 11687 11886
 11538 11690 11757
 11623 11689 11842
 11522 11692 11738
 11625 11691 11844
 11524 11694 11740
 11627 11693 11846
 11544 11696 11763
 11651 11695 11848
 11526 11698 11742
 11629 11697 11850
 11546 11700 11765
 11653 11699 11872
 11504 11702 11704
 11677 11701 11876
 11506 11704 11720
 11701 11703 11897
 11510 11706 11724
 11681 11705 11901
 11514 11708 11728
 11683 11707 11882
 11518 11710 11732
 11687 11709 11907
 11564 11712 11786
 11647 11711 11890
 11540 11714 11759
 11671 11713 11868
 11542 11716 11761
 11649 11715 11870
 11566 11718 11767
 11655 11717 11894
 11530 11720 11722
 11703 11719 11899
 11548 11722 11749
 11719 11721 11923
 11532 11724 11726
 11705 11723 11903
 11552 11726 11751
 11723 11725 11925
 11534 11728 11730
 11707 11727 11905
 11556 11730 11753
 11727 11729 11927
 11536 11732 11734
 11709 11731 11909
 11560 11734 11755
 11731 11733 11929
 11575 11736 11797
 11669 11735 11888
 11578 11738 11799
 11691 11737 11913
 11580 11740 11801
 11693 11739 11915
 11584 11742 11805
 11697 11741 11919
 11586 11744 11788
 11673 11743 11892
 11568 11747 11768
 11502 11747 11770
 11745 11746 11963
 11550 11749 11772
 11721 11748 11937
 11554 11751 11776
 11725 11750 11941
 11558 11753 11780
 11729 11752 11945
 11562 11755 11784
 11733 11754 11949
 11602 11757 11821
 11689 11756 11911
 11604 11759 11823
 11713 11758 11931
 11606 11761 11825
 11715 11760 11933
 11582 11763 11803
 11695 11762 11917
 11608 11765 NaN
 11699 11764 11921
 11588 11767 11807
 11717 11766 11935
 11656 11745 11895
 11590 11770 11790
 11746 11769 11965
 11570 11772 11774
 11748 11771 11939
 11592 11774 11792
 11771 11773 11967
 11572 11776 11778
 11750 11775 11943
 11596 11778 11794
 11775 11777 11969
 11573 11780 11782
 11752 11779 11947
 11598 11782 11796
 11779 11781 11972
 11576 11784 11797
 11754 11783 11951
 11624 11786 11843
 11711 11785 11953
 11630 11788 11851
 11743 11787 11961
 11610 11790 11809
 11769 11789 11987
 11594 11792 11811
 11773 11791 11989
 11616 11794 11815
 11777 11793 11993
 11600 11796 11817
 11781 11795 11997
 11735 11783 11973
 11650 11799 11871
 11737 11798 11981
 11626 11801 11845
 11739 11800 11955
 11628 11803 11847
 11762 11802 11957
 11652 11805 11849
 11741 11804 11959
 11654 11807 11873
 11766 11806 11985
 11632 11809 11827
 11789 11808 12006
 11612 11811 11813
 11791 11810 11991
 11614 11813 11831
 11810 11812 12010
 11618 11815 11835
 11793 11814 11995
 11620 11817 11819
 11795 11816 11999
 11622 11819 11839
 11816 11818 12016
 11670 11821 11889
 11756 11820 11975
 11648 11823 11891
 11758 11822 11977
 11672 11825 11869
 11760 11824 11979
 11634 11827 11829
 11808 11826 12008
 11636 11829 11855
 11826 11828 12030
 11638 11831 11833
 11812 11830 12012
 11640 11833 11859
 11830 11832 12034
 11642 11835 11837
 11814 11834 12014
 11662 11837 11863
 11834 11836 12036
 11644 11839 11841
 11818 11838 12018
 11646 11841 11865
 11838 11840 12038
 11690 11843 11912
 11785 11842 12002
 11692 11845 11914
 11800 11844 12022
 11694 11847 11916
 11802 11846 12024
 11696 11849 11918
 11804 11848 12026
 11698 11851 11920
 11787 11850 12004
 11853 NaN NaN
 11674 11852 11893
 11658 11855 11857
 11828 11854 12032
 11676 11857 11875
 11854 11856 12048
 11660 11859 11861
 11832 11858 12050
 11680 11861 11879
 11858 11860 12052
 11664 11863 11881
 11836 11862 12054
 11666 11865 11867
 11840 11864 12040
 11668 11867 11885
 11864 11866 12058
 11714 11869 11932
 11824 11868 12046
 11716 11871 11934
 11798 11870 12020
 11700 11873 11922
 11806 11872 12028
 11678 11875 11877
 11856 11874 12074
 11702 11877 11898
 11874 11876 12076
 11682 11879 11902
 11860 11878 12078
 11684 11881 11883
 11862 11880 12056
 11708 11883 11906
 11880 11882 12082
 11686 11885 11887
 11866 11884 12060
 11688 11887 11908
 11884 11886 12084
 11736 11889 11974
 11820 11888 12042
 11712 11891 11954
 11822 11890 12044
 11744 11893 11962
 11853 11892 12073
 11718 11896 11936
 11768 11896 11964
 11894 11895 12111
 11704 11898 11900
 11876 11897 12094
 11720 11900 11924
 11897 11899 12096
 11706 11902 11904
 11878 11901 12080
 11724 11904 11926
 11901 11903 12098
 11728 11906 11928
 11882 11905 12100
 11710 11908 11910
 11886 11907 12086
 11732 11910 11930
 11907 11909 12102
 11757 11912 11976
 11842 11911 12062
 11738 11914 11982
 11844 11913 12064
 11740 11916 11956
 11846 11915 12066
 11763 11918 11958
 11848 11917 12068
 11742 11920 11960
 11850 11919 12070
 11765 11922 11984
 11872 11921 12092
 11722 11924 11938
 11899 11923 12113
 11726 11926 11942
 11903 11925 12117
 11730 11928 11946
 11905 11927 12121
 11734 11930 11950
 11909 11929 12125
 11759 11932 11978
 11868 11931 12088
 11761 11934 11980
 11870 11933 12090
 11767 11936 11986
 11894 11935 12110
 11749 11938 11940
 11923 11937 12115
 11772 11940 11968
 11937 11939 12145
 11751 11942 11944
 11925 11941 12119
 11776 11944 11970
 11941 11943 12147
 11753 11946 11948
 11927 11945 12123
 11780 11948 11971
 11945 11947 12149
 11755 11950 11952
 11929 11949 12127
 11784 11952 12001
 11949 11951 12151
 11786 11954 12003
 11890 11953 12106
 11801 11956 12023
 11915 11955 12133
 11803 11958 12025
 11917 11957 12135
 11805 11960 12027
 11919 11959 12137
 11788 11962 12005
 11892 11961 12108
 11747 11964 11966
 11895 11963 12143
 11770 11966 11988
 11963 11965 12157
 11774 11968 11990
 11939 11967 12161
 11778 11970 11994
 11943 11969 12165
 11947 11972 12169
 11782 11971 11998
 11797 11974 12001
 11888 11973 12104
 11821 11976 12043
 11911 11975 12129
 11823 11978 12045
 11931 11977 12153
 11825 11980 12047
 11933 11979 12155
 11799 11982 12021
 11913 11981 12131
 11984 NaN NaN
 11921 11983 12139
 11807 11986 12029
 11935 11985 12141
 11790 11988 12007
 11965 11987 12159
 11792 11990 11992
 11967 11989 12163
 11811 11992 12011
 11989 11991 12187
 11794 11994 11996
 11969 11993 12167
 11815 11996 12015
 11993 11995 12189
 11796 11998 12000
 11972 11997 12171
 11817 12000 12017
 11997 11999 12191
 11951 11973 12173
 11843 12003 12063
 11953 12002 12175
 11851 12005 12071
 11961 12004 12183
 11809 12007 12009
 11987 12006 12185
 11827 12009 12031
 12006 12008 12203
 11813 12011 12013
 11991 12010 12205
 11831 12013 12035
 12010 12012 12207
 11835 12015 12037
 11995 12014 12209
 11819 12017 12019
 11999 12016 12213
 11839 12019 12039
 12016 12018 12215
 11871 12021 12091
 11981 12020 12197
 11845 12023 12065
 11955 12022 12177
 11847 12025 12067
 11957 12024 12179
 11849 12027 12069
 11959 12026 12181
 11873 12029 12093
 11985 12028 12201
 11829 12031 12033
 12008 12030 12223
 11855 12033 12049
 12030 12032 12225
 11833 12035 12051
 12012 12034 12227
 11837 12037 12055
 12014 12036 12211
 11841 12039 12041
 12018 12038 12233
 11865 12041 12059
 12038 12040 12235
 11889 12043 12105
 11975 12042 12217
 11891 12045 12107
 11977 12044 12219
 11869 12047 12089
 11979 12046 12195
 11857 12049 12075
 12032 12048 12249
 11859 12051 12053
 12034 12050 12229
 11861 12053 12079
 12050 12052 12253
 11863 12055 12057
 12036 12054 12231
 11881 12057 12083
 12054 12056 12257
 11867 12059 12061
 12040 12058 12259
 11885 12061 12085
 12058 12060 12261
 11912 12063 12130
 12002 12062 12237
 11914 12065 12132
 12022 12064 12241
 11916 12067 12134
 12024 12066 12243
 11918 12069 12136
 12026 12068 12245
 11920 12071 12138
 12004 12070 12221
 12073 12199 NaN
 11893 12072 12109
 11875 12075 12077
 12048 12074 12251
 11877 12077 12095
 12074 12076 12267
 11879 12079 12081
 12052 12078 12255
 11902 12081 12099
 12078 12080 12271
 11883 12083 12101
 12056 12082 12273
 11887 12085 12087
 12060 12084 12277
 11908 12087 12103
 12084 12086 12279
 11932 12089 12154
 12046 12088 12265
 11934 12091 12156
 12020 12090 12239
 11922 12093 12140
 12028 12092 12247
 11898 12095 12097
 12076 12094 12269
 11900 12097 12114
 12094 12096 12293
 11904 12099 12118
 12080 12098 12295
 11906 12101 12122
 12082 12100 12275
 11910 12103 12126
 12086 12102 12281
 11974 12105 12193
 12042 12104 12283
 11954 12107 12176
 12044 12106 12263
 11962 12109 12184
 12073 12108 12291
 11936 12112 12142
 11896 12112 12144
 12110 12111 12313
 11924 12114 12116
 12096 12113 12315
 11938 12116 12146
 12113 12115 12317
 11926 12118 12120
 12098 12117 12297
 11942 12120 12148
 12117 12119 12319
 11928 12122 12124
 12100 12121 12299
 11946 12124 12150
 12121 12123 12321
 11930 12126 12128
 12102 12125 12301
 11950 12128 12152
 12125 12127 12323
 11976 12130 12218
 12062 12129 12303
 11982 12132 12198
 12064 12131 12309
 11956 12134 12178
 12066 12133 12285
 11958 12136 12180
 12068 12135 12287
 11960 12138 12182
 12070 12137 12289
 11984 12140 12200
 12092 12139 12311
 11986 12142 12202
 12110 12141 12314
 11964 12144 12158
 12111 12143 12332
 11940 12146 12162
 12115 12145 12334
 11944 12148 12166
 12119 12147 12338
 11948 12150 12170
 12123 12149 12342
 11952 12152 12174
 12127 12151 12325
 11978 12154 12220
 12088 12153 12305
 11980 12156 12196
 12090 12155 12307
 11966 12158 12160
 12143 12157 12362
 11988 12160 12186
 12157 12159 12364
 11968 12162 12164
 12145 12161 12336
 11990 12164 12188
 12161 12163 12366
 11970 12166 12168
 12147 12165 12340
 11994 12168 12190
 12165 12167 12368
 11971 12170 12172
 12149 12169 12344
 11998 12172 12192
 12169 12171 12371
 12001 12174 12194
 12151 12173 12346
 12003 12176 12238
 12106 12175 12328
 12023 12178 12242
 12133 12177 12352
 12025 12180 12244
 12135 12179 12354
 12027 12182 12246
 12137 12181 12356
 12005 12184 12222
 12108 12183 12330
 12007 12186 12204
 12159 12185 12376
 11992 12188 12206
 12163 12187 12378
 11996 12190 12210
 12167 12189 12382
 12000 12192 12214
 12171 12191 12386
 12104 12194 12327
 12173 12193 12390
 12047 12196 12266
 12155 12195 12374
 12021 12198 12240
 12131 12197 12350
 12072 12292 NaN
 12139 12358 NaN
 12029 12202 12248
 12141 12201 12360
 12009 12204 12224
 12185 12203 12402
 12011 12206 12208
 12187 12205 12380
 12013 12208 12228
 12205 12207 12406
 12015 12210 12212
 12189 12209 12384
 12037 12212 12232
 12209 12211 12410
 12017 12214 12216
 12191 12213 12388
 12019 12216 12234
 12213 12215 12412
 12043 12218 12284
 12129 12217 12348
 12045 12220 12264
 12153 12219 12372
 12071 12222 12290
 12183 12221 12400
 12031 12224 12226
 12203 12223 12404
 12033 12226 12250
 12223 12225 12422
 12035 12228 12230
 12207 12227 12408
 12051 12230 12254
 12227 12229 12426
 12055 12232 12258
 12211 12231 12428
 12039 12234 12236
 12215 12233 12432
 12041 12236 12260
 12233 12235 12434
 12063 12238 12304
 12175 12237 12392
 12091 12240 12308
 12197 12239 12416
 12065 12242 12310
 12177 12241 12394
 12067 12244 12286
 12179 12243 12396
 12069 12246 12288
 12181 12245 12398
 12093 12248 12312
 12201 12247 12420
 12049 12250 12252
 12225 12249 12424
 12075 12252 12268
 12249 12251 12444
 12053 12254 12256
 12229 12253 12446
 12079 12256 12272
 12253 12255 12448
 12057 12258 12274
 12231 12257 12430
 12059 12260 12262
 12235 12259 12436
 12061 12262 12278
 12259 12261 12452
 12107 12264 12329
 12219 12263 12440
 12089 12266 12306
 12195 12265 12414
 12077 12268 12270
 12251 12267 12470
 12095 12270 12294
 12267 12269 12472
 12081 12272 12296
 12255 12271 12474
 12083 12274 12276
 12257 12273 12450
 12101 12276 12300
 12273 12275 12478
 12085 12278 12280
 12261 12277 12454
 12087 12280 12282
 12277 12279 12480
 12103 12282 12302
 12279 12281 12482
 12105 12284 12327
 12217 12283 12438
 12134 12286 12353
 12243 12285 12464
 12136 12288 12355
 12245 12287 12466
 12138 12290 12357
 12221 12289 12442
 12109 12292 12331
 12199 12291 12419
 12097 12294 12316
 12269 12293 12490
 12099 12296 12298
 12271 12295 12476
 12118 12298 12320
 12295 12297 12494
 12122 12300 12322
 12275 12299 12496
 12126 12302 12324
 12281 12301 12484
 12130 12304 12349
 12237 12303 12458
 12154 12306 12373
 12265 12305 12488
 12156 12308 12375
 12239 12307 12460
 12132 12310 12351
 12241 12309 12462
 12140 12312 12359
 12247 12311 12468
 12112 12314 12333
 12142 12313 12361
 12114 12316 12318
 12293 12315 12492
 12116 12318 12335
 12315 12317 12513
 12120 12320 12339
 12297 12319 12517
 12124 12322 12343
 12299 12321 12498
 12128 12324 12326
 12301 12323 12523
 12152 12326 12347
 12323 12325 12500
 12193 12283 12456
 12176 12329 12393
 12263 12328 12486
 12184 12331 12401
 12291 12330 12508
 12144 12333 12363
 12313 12332 12510
 12146 12335 12337
 12317 12334 12515
 12162 12337 12367
 12334 12336 12537
 12148 12339 12341
 12319 12338 12519
 12166 12341 12369
 12338 12340 12539
 12150 12343 12345
 12321 12342 12521
 12170 12345 12370
 12342 12344 12541
 12174 12347 12391
 12325 12346 12501
 12218 12349 12439
 12303 12348 12527
 12198 12351 12417
 12309 12350 12531
 12178 12353 12395
 12285 12352 12502
 12180 12355 12397
 12287 12354 12504
 12182 12357 12399
 12289 12356 12506
 12200 12359 12418
 12311 12358 12533
 12202 12361 12421
 12314 12360 12511
 12158 12363 12365
 12332 12362 12535
 12160 12365 12377
 12362 12364 12549
 12164 12367 12379
 12336 12366 12553
 12168 12369 12383
 12340 12368 12557
 12344 12371 12561
 12172 12370 12387
 12220 12373 12441
 12305 12372 12545
 12196 12375 12415
 12307 12374 12529
 12186 12377 12403
 12364 12376 12551
 12188 12379 12381
 12366 12378 12555
 12206 12381 12407
 12378 12380 12583
 12190 12383 12385
 12368 12382 12559
 12210 12385 12411
 12382 12384 12585
 12192 12387 12389
 12371 12386 12587
 12214 12389 12413
 12386 12388 12589
 12194 12391 12457
 12346 12390 12565
 12238 12393 12459
 12328 12392 12543
 12242 12395 12463
 12352 12394 12571
 12244 12397 12465
 12354 12396 12573
 12246 12399 12467
 12356 12398 12575
 12222 12401 12443
 12330 12400 12547
 12204 12403 12405
 12376 12402 12581
 12224 12405 12423
 12402 12404 12596
 12208 12407 12409
 12380 12406 12598
 12228 12409 12427
 12406 12408 12600
 12212 12411 12429
 12384 12410 12602
 12216 12413 12433
 12388 12412 12590
 12266 12415 12489
 12374 12414 12594
 12240 12417 12461
 12350 12416 12569
 12358 12577 NaN
 12292 12509 NaN
 12248 12421 12469
 12360 12420 12579
 12226 12423 12425
 12404 12422 12623
 12250 12425 12445
 12422 12424 12625
 12230 12427 12447
 12408 12426 12627
 12232 12429 12431
 12410 12428 12604
 12258 12431 12451
 12428 12430 12631
 12234 12433 12435
 12412 12432 12607
 12236 12435 12437
 12432 12434 12633
 12260 12437 12453
 12434 12436 12635
 12284 12439 12525
 12348 12438 12567
 12264 12441 12487
 12372 12440 12592
 12290 12443 12507
 12400 12442 12619
 12252 12445 12471
 12424 12444 12641
 12254 12447 12449
 12426 12446 12629
 12256 12449 12475
 12446 12448 12645
 12274 12451 12479
 12430 12450 12649
 12262 12453 12455
 12436 12452 12653
 12278 12455 12481
 12452 12454 12655
 12327 12457 12526
 12390 12456 12609
 12304 12459 12528
 12392 12458 12611
 12308 12461 12530
 12416 12460 12639
 12310 12463 12532
 12394 12462 12613
 12286 12465 12503
 12396 12464 12615
 12288 12467 12505
 12398 12466 12617
 12312 12469 12534
 12420 12468 12621
 12268 12471 12473
 12444 12470 12643
 12270 12473 12491
 12470 12472 12667
 12272 12475 12477
 12448 12474 12647
 12296 12477 12495
 12474 12476 12671
 12276 12479 12497
 12450 12478 12651
 12280 12481 12483
 12454 12480 12675
 12282 12483 12485
 12480 12482 12657
 12302 12485 12524
 12482 12484 12658
 12329 12487 12544
 12440 12486 12661
 12306 12489 12546
 12414 12488 12637
 12294 12491 12493
 12472 12490 12669
 12316 12493 12514
 12490 12492 12687
 12298 12495 12518
 12476 12494 12689
 12300 12497 12499
 12478 12496 12673
 12322 12499 12522
 12496 12498 12693
 12326 12501 12563
 12347 12500 12566
 12353 12503 12572
 12464 12502 12681
 12355 12505 12574
 12466 12504 12683
 12357 12507 12576
 12442 12506 12663
 12331 12509 12548
 12419 12508 12666
 12333 12512 12536
 12361 12512 12580
 12510 12511 12707
 12318 12514 12516
 12492 12513 12710
 12335 12516 12538
 12513 12515 12712
 12320 12518 12520
 12494 12517 12691
 12339 12520 12540
 12517 12519 12714
 12343 12522 12542
 12498 12521 12716
 12324 12524 12564
 12484 12523 12697
 12438 12526 12659
 12456 12525 12701
 12349 12528 12568
 12458 12527 12677
 12375 12530 12595
 12460 12529 12705
 12351 12532 12570
 12462 12531 12679
 12359 12534 12578
 12468 12533 12685
 12363 12536 12550
 12510 12535 12708
 12337 12538 12554
 12515 12537 12732
 12341 12540 12558
 12519 12539 12736
 12345 12542 12562
 12521 12541 12740
 12393 12544 12612
 12486 12543 12718
 12373 12546 12593
 12488 12545 12703
 12401 12548 12620
 12508 12547 12726
 12365 12550 12552
 12535 12549 12730
 12377 12552 12582
 12549 12551 12754
 12367 12554 12556
 12537 12553 12734
 12379 12556 12584
 12553 12555 12756
 12369 12558 12560
 12539 12557 12738
 12383 12560 12586
 12557 12559 12758
 12370 12562 12588
 12541 12561 12742
 12500 12564 12700
 12523 12563 12744
 12391 12566 12610
 12501 12565 12699
 12439 12568 12660
 12527 12567 12746
 12417 12570 12640
 12531 12569 12750
 12395 12572 12614
 12502 12571 12720
 12397 12574 12616
 12504 12573 12722
 12399 12576 12618
 12506 12575 12724
 12418 12578 NaN
 12533 12577 12752
 12421 12580 12622
 12511 12579 12728
 12403 12582 12597
 12551 12581 12776
 12381 12584 12599
 12555 12583 12778
 12385 12586 12603
 12559 12585 12760
 12387 12588 12606
 12561 12587 12763
 12389 12591 12606
 12413 12591 12608
 12589 12590 12785
 12441 12593 12662
 12545 12592 12770
 12415 12595 12638
 12529 12594 12748
 12405 12597 12624
 12581 12596 12798
 12407 12599 12601
 12583 12598 12780
 12409 12601 12628
 12598 12600 12802
 12411 12603 12605
 12585 12602 12782
 12429 12605 12632
 12602 12604 12806
 12587 12589 12810
 12433 12608 12634
 12590 12607 12784
 12457 12610 12702
 12565 12609 12764
 12459 12612 12678
 12543 12611 12768
 12463 12614 12680
 12571 12613 12790
 12465 12616 12682
 12573 12615 12792
 12467 12618 12684
 12575 12617 12772
 12443 12620 12664
 12547 12619 12774
 12469 12622 12686
 12579 12621 12796
 12423 12624 12626
 12596 12623 12800
 12425 12626 12642
 12623 12625 12819
 12427 12628 12630
 12600 12627 12804
 12447 12630 12646
 12627 12629 12823
 12431 12632 12650
 12604 12631 12808
 12435 12634 12636
 12607 12633 12812
 12437 12636 12654
 12633 12635 12813
 12489 12638 12704
 12594 12637 12817
 12461 12640 12706
 12569 12639 12788
 12445 12642 12644
 12625 12641 12821
 12471 12644 12668
 12641 12643 12845
 12449 12646 12648
 12629 12645 12847
 12475 12648 12672
 12645 12647 12849
 12451 12650 12652
 12631 12649 12825
 12479 12652 12674
 12649 12651 12851
 12453 12654 12656
 12635 12653 12855
 12455 12656 12676
 12653 12655 12830
 12483 12658 12695
 12485 12657 12698
 12525 12660 12766
 12567 12659 12786
 12487 12662 12719
 12592 12661 12815
 12507 12664 12725
 12619 12663 12841
 12666 12794 NaN
 12509 12665 12727
 12473 12668 12670
 12643 12667 12865
 12491 12670 12688
 12667 12669 12867
 12477 12672 12690
 12647 12671 12869
 12497 12674 12694
 12651 12673 12873
 12481 12676 12696
 12655 12675 12829
 12528 12678 12747
 12611 12677 12835
 12532 12680 12751
 12613 12679 12863
 12503 12682 12721
 12615 12681 12837
 12505 12684 12723
 12617 12683 12839
 12534 12686 12753
 12621 12685 12843
 12493 12688 12711
 12669 12687 12886
 12495 12690 12692
 12671 12689 12871
 12518 12692 12715
 12689 12691 12890
 12499 12694 12717
 12673 12693 12875
 12657 12696 12832
 12675 12695 12877
 12524 12698 12745
 12658 12697 12831
 12566 12700 12765
 12563 12699 12833
 12526 12702 12767
 12609 12701 12857
 12546 12704 12771
 12637 12703 12859
 12530 12706 12749
 12639 12705 12861
 12512 12709 12729
 12536 12709 12731
 12707 12708 12906
 12514 12711 12713
 12687 12710 12888
 12516 12713 12733
 12710 12712 12909
 12520 12715 12737
 12691 12714 12913
 12522 12717 12741
 12693 12716 12892
 12544 12719 12769
 12661 12718 12880
 12572 12721 12791
 12681 12720 12900
 12574 12723 12793
 12683 12722 12902
 12576 12725 12773
 12663 12724 12882
 12548 12727 12775
 12666 12726 12885
 12580 12729 12797
 12707 12728 12907
 12550 12731 12755
 12708 12730 12933
 12538 12733 12735
 12712 12732 12911
 12554 12735 12757
 12732 12734 12935
 12540 12737 12739
 12714 12736 12915
 12558 12739 12759
 12736 12738 12937
 12542 12741 12743
 12716 12740 12917
 12562 12743 12762
 12740 12742 12920
 12564 12745 12834
 12697 12744 12921
 12568 12747 12787
 12677 12746 12896
 12595 12749 12818
 12705 12748 12929
 12570 12751 12789
 12679 12750 12898
 12578 12753 12795
 12685 12752 12904
 12552 12755 12777
 12730 12754 12951
 12556 12757 12779
 12734 12756 12955
 12560 12759 12761
 12738 12758 12939
 12586 12761 12783
 12758 12760 12959
 12742 12763 12919
 12588 12762 12811
 12610 12765 12858
 12699 12764 12923
 12659 12767 12879
 12701 12766 12925
 12612 12769 12836
 12718 12768 12941
 12593 12771 12816
 12703 12770 12927
 12618 12773 12840
 12724 12772 12947
 12620 12775 12842
 12726 12774 12931
 12582 12777 12799
 12754 12776 12953
 12584 12779 12781
 12756 12778 12957
 12599 12781 12803
 12778 12780 12977
 12603 12783 12807
 12760 12782 12979
 12608 12785 12828
 12591 12784 12853
 12660 12787 12879
 12746 12786 12967
 12640 12789 12862
 12750 12788 12971
 12614 12791 12864
 12720 12790 12943
 12616 12793 12838
 12722 12792 12945
 12665 12884 NaN
 12752 12973 NaN
 12622 12797 12844
 12728 12796 12949
 12597 12799 12801
 12776 12798 12975
 12624 12801 12820
 12798 12800 12997
 12601 12803 12805
 12780 12802 13001
 12628 12805 12824
 12802 12804 13003
 12605 12807 12809
 12782 12806 12981
 12632 12809 12826
 12806 12808 13005
 12606 12811 12854
 12763 12810 12962
 12634 12814 12827
 12636 12814 12856
 12812 12813 12963
 12662 12816 12881
 12770 12815 12991
 12638 12818 12860
 12748 12817 12969
 12626 12820 12822
 12800 12819 12999
 12642 12822 12846
 12819 12821 13021
 12630 12824 12848
 12804 12823 13023
 12650 12826 12852
 12808 12825 13027
 12812 12828 12964
 12784 12827 12985
 12676 12830 12878
 12656 12829 12894
 12698 12832 12922
 12695 12831 12965
 12700 12834 12924
 12744 12833 12987
 12678 12836 12897
 12768 12835 12989
 12682 12838 12901
 12792 12837 13015
 12684 12840 12903
 12772 12839 12993
 12664 12842 12883
 12774 12841 12995
 12686 12844 12905
 12796 12843 13019
 12644 12846 12866
 12821 12845 13041
 12646 12848 12850
 12823 12847 13025
 12648 12850 12870
 12847 12849 13045
 12652 12852 12874
 12825 12851 13029
 12785 12854 12986
 12810 12853 13031
 12654 12856 12895
 12813 12855 13033
 12702 12858 12926
 12764 12857 13007
 12704 12860 12928
 12817 12859 13039
 12706 12862 12930
 12788 12861 13011
 12680 12864 12899
 12790 12863 13013
 12668 12866 12868
 12845 12865 13043
 12670 12868 12887
 12865 12867 13063
 12672 12870 12872
 12849 12869 13047
 12690 12872 12891
 12869 12871 13067
 12674 12874 12876
 12851 12873 13049
 12694 12876 12893
 12873 12875 13069
 12696 12878 12966
 12829 12877 13035
 12766 12786 13009
 12719 12881 12942
 12815 12880 13037
 12725 12883 12948
 12841 12882 13059
 12794 12885 13017
 12727 12884 12932
 12688 12887 12889
 12867 12886 13065
 12711 12889 12910
 12886 12888 13085
 12692 12891 12914
 12871 12890 13087
 12717 12893 12918
 12875 12892 13091
 12830 12895 13036
 12855 12894 13073
 12747 12897 12968
 12835 12896 13053
 12751 12899 12972
 12863 12898 13083
 12721 12901 12944
 12837 12900 13055
 12723 12903 12946
 12839 12902 13057
 12753 12905 12974
 12843 12904 13061
 12709 12908 12934
 12729 12908 12950
 12906 12907 13103
 12713 12910 12912
 12888 12909 13105
 12733 12912 12936
 12909 12911 13107
 12715 12914 12916
 12890 12913 13089
 12737 12916 12938
 12913 12915 13109
 12741 12918 12984
 12892 12917 13093
 12762 12920 12961
 12743 12919 12983
 12745 12922 12988
 12831 12921 13051
 12765 12924 13008
 12833 12923 13075
 12767 12926 13010
 12857 12925 13077
 12771 12928 12992
 12859 12927 13097
 12749 12930 12970
 12861 12929 13081
 12775 12932 12996
 12885 12931 13101
 12731 12934 12952
 12906 12933 13127
 12735 12936 12956
 12911 12935 13129
 12739 12938 12940
 12915 12937 13111
 12759 12940 12960
 12937 12939 13133
 12769 12942 12990
 12880 12941 13095
 12791 12944 13014
 12900 12943 13121
 12793 12946 13016
 12902 12945 13123
 12773 12948 12994
 12882 12947 13099
 12797 12950 13020
 12907 12949 13104
 12755 12952 12954
 12933 12951 13149
 12777 12954 12976
 12951 12953 13151
 12757 12956 12958
 12935 12955 13131
 12779 12958 12978
 12955 12957 13153
 12761 12960 12980
 12939 12959 13155
 12919 12962 13113
 12811 12961 13032
 12814 12964 13034
 12827 12963 13071
 12832 12966 13052
 12877 12965 13115
 12787 12968 13079
 12896 12967 13117
 12818 12970 13040
 12929 12969 13145
 12789 12972 13012
 12898 12971 13119
 12795 12974 13018
 12904 12973 13125
 12799 12976 12998
 12953 12975 13173
 12781 12978 13002
 12957 12977 13177
 12783 12980 12982
 12959 12979 13157
 12807 12982 13006
 12979 12981 13181
 12920 12984 13114
 12917 12983 13135
 12828 12986 13072
 12853 12985 13137
 12834 12988 13076
 12921 12987 13139
 12836 12990 13054
 12941 12989 13163
 12816 12992 13038
 12927 12991 13143
 12840 12994 13058
 12947 12993 13169
 12842 12996 13060
 12931 12995 13147
 12801 12998 13000
 12975 12997 13175
 12820 13000 13022
 12997 12999 13195
 12803 13002 13004
 12977 13001 13179
 12805 13004 13024
 13001 13003 13197
 12809 13006 13028
 12981 13005 13201
 12858 13008 13078
 12923 13007 13141
 12879 13010 13080
 12925 13009 13161
 12862 13012 13082
 12971 13011 13191
 12864 13014 13084
 12943 13013 13165
 12838 13016 13056
 12945 13015 13167
 12884 13102 NaN
 12973 13193 NaN
 12844 13020 13062
 12949 13019 13171
 12822 13022 13042
 12999 13021 13219
 12824 13024 13026
 13003 13023 13199
 12848 13026 13046
 13023 13025 13223
 12826 13028 13030
 13005 13027 13203
 12852 13030 13050
 13027 13029 13225
 12854 13032 13138
 12962 13031 13184
 12856 13034 13074
 12963 13033 13185
 12878 13036 13116
 12894 13035 13159
 12881 13038 13096
 12991 13037 13213
 12860 13040 13098
 12969 13039 13189
 12846 13042 13044
 13021 13041 13221
 12866 13044 13064
 13041 13043 13239
 12850 13046 13048
 13025 13045 13241
 12870 13048 13068
 13045 13047 13243
 12874 13050 13070
 13029 13049 13245
 12922 13052 13140
 12965 13051 13207
 12897 13054 13118
 12989 13053 13211
 12901 13056 13122
 13015 13055 13235
 12903 13058 13124
 12993 13057 13215
 12883 13060 13100
 12995 13059 13217
 12905 13062 13126
 13019 13061 13237
 12868 13064 13066
 13043 13063 13259
 12887 13066 13086
 13063 13065 13261
 12872 13068 13088
 13047 13067 13263
 12876 13070 13092
 13049 13069 13247
 12964 13072 13186
 12985 13071 13205
 12895 13074 13160
 13033 13073 13251
 12924 13076 13142
 12987 13075 13209
 12926 13078 13162
 13007 13077 13227
 12967 13080 13187
 13009 13079 13229
 12930 13082 13146
 13011 13081 13231
 12899 13084 13120
 13013 13083 13233
 12889 13086 13106
 13065 13085 13285
 12891 13088 13090
 13067 13087 13265
 12914 13090 13110
 13087 13089 13289
 12893 13092 13094
 13069 13091 13267
 12918 13094 13136
 13091 13093 13291
 12942 13096 13164
 13037 13095 13275
 12928 13098 13144
 13039 13097 13255
 12948 13100 13170
 13059 13099 13281
 12932 13102 13148
 13017 13101 13258
 12908 13104 13128
 12950 13103 13172
 12910 13106 13108
 13085 13105 13287
 12912 13108 13130
 13105 13107 13301
 12916 13110 13112
 13089 13109 13303
 12938 13112 13134
 13109 13111 13305
 12961 13114 13183
 12983 13113 13249
 12966 13116 13208
 13035 13115 13253
 12968 13118 13188
 13053 13117 13273
 12972 13120 13192
 13083 13119 13299
 12944 13122 13166
 13055 13121 13277
 12946 13124 13168
 13057 13123 13279
 12974 13126 13194
 13061 13125 13283
 12934 13128 13150
 13103 13127 13323
 12936 13130 13132
 13107 13129 13328
 12956 13132 13154
 13129 13131 13330
 12940 13134 13156
 13111 13133 13332
 12984 13136 13250
 13093 13135 13307
 12986 13138 13206
 13031 13137 13269
 12988 13140 13210
 13051 13139 13271
 13008 13142 13228
 13075 13141 13293
 12992 13144 13214
 13097 13143 13317
 12970 13146 13190
 13081 13145 13297
 12996 13148 13218
 13101 13147 13321
 12952 13150 13152
 13127 13149 13326
 12954 13152 13174
 13149 13151 13348
 12958 13154 13178
 13131 13153 13350
 12960 13156 13158
 13133 13155 13334
 12980 13158 13182
 13155 13157 13354
 13036 13160 13254
 13073 13159 13310
 13010 13162 13230
 13077 13161 13295
 12990 13164 13212
 13095 13163 13315
 13014 13166 13234
 13121 13165 13342
 13016 13168 13236
 13123 13167 13344
 12994 13170 13216
 13099 13169 13319
 13020 13172 13238
 13104 13171 13324
 12976 13174 13176
 13151 13173 13368
 12998 13176 13196
 13173 13175 13370
 12978 13178 13180
 13153 13177 13352
 13002 13180 13198
 13177 13179 13372
 12982 13182 13202
 13157 13181 13374
 13113 13184 13336
 13032 13183 13270
 13034 13186 13252
 13071 13185 13308
 13079 13188 13312
 13117 13187 13314
 13040 13190 13256
 13145 13189 13364
 13012 13192 13232
 13119 13191 13340
 13018 13194 NaN
 13125 13193 13346
 13000 13196 13220
 13175 13195 13392
 13004 13198 13200
 13179 13197 13396
 13024 13200 13224
 13197 13199 13398
 13006 13202 13204
 13181 13201 13376
 13028 13204 13226
 13201 13203 13400
 13072 13206 13309
 13137 13205 13356
 13052 13208 13272
 13115 13207 13338
 13076 13210 13294
 13139 13209 13358
 13054 13212 13274
 13163 13211 13382
 13038 13214 13276
 13143 13213 13362
 13058 13216 13280
 13169 13215 13388
 13060 13218 13282
 13147 13217 13366
 13022 13220 13222
 13195 13219 13394
 13042 13222 13240
 13219 13221 13416
 13026 13224 13242
 13199 13223 13418
 13030 13226 13246
 13203 13225 13402
 13078 13228 13296
 13141 13227 13360
 13080 13230 13313
 13161 13229 13380
 13082 13232 13298
 13191 13231 13412
 13084 13234 13300
 13165 13233 13384
 13056 13236 13278
 13167 13235 13386
 13062 13238 13284
 13171 13237 13390
 13044 13240 13260
 13221 13239 13436
 13046 13242 13244
 13223 13241 13420
 13048 13244 13264
 13241 13243 13440
 13050 13246 13248
 13225 13245 13422
 13070 13248 13268
 13245 13247 13444
 13114 13250 13337
 13135 13249 13404
 13074 13252 13311
 13185 13251 13378
 13116 13254 13339
 13159 13253 13406
 13098 13256 13318
 13189 13255 13410
 13258 NaN NaN
 13102 13257 13322
 13064 13260 13262
 13239 13259 13438
 13066 13262 13286
 13259 13261 13460
 13068 13264 13266
 13243 13263 13442
 13088 13266 13290
 13263 13265 13464
 13092 13268 13292
 13247 13267 13466
 13138 13270 13357
 13184 13269 13425
 13140 13272 13359
 13207 13271 13426
 13118 13274 13314
 13211 13273 13450
 13096 13276 13316
 13213 13275 13430
 13122 13278 13343
 13235 13277 13456
 13124 13280 13345
 13215 13279 13432
 13100 13282 13320
 13217 13281 13434
 13126 13284 13347
 13237 13283 13458
 13086 13286 13288
 13261 13285 13462
 13106 13288 13302
 13285 13287 13478
 13090 13290 13304
 13265 13289 13480
 13094 13292 13307
 13267 13291 13484
 13142 13294 13361
 13209 13293 13428
 13162 13296 13381
 13227 13295 13448
 13146 13298 13365
 13231 13297 13452
 13120 13300 13341
 13233 13299 13454
 13108 13302 13329
 13287 13301 13502
 13110 13304 13306
 13289 13303 13482
 13112 13306 13333
 13303 13305 13506
 13136 13291 13405
 13186 13309 13379
 13205 13308 13446
 13160 13311 13407
 13251 13310 13468
 13187 13313 13409
 13229 13312 13472
 13188 13273 13408
 13164 13316 13383
 13275 13315 13492
 13144 13318 13363
 13255 13317 13474
 13170 13320 13389
 13281 13319 13498
 13148 13322 13367
 13258 13321 13477
 13128 13325 13327
 13172 13325 13391
 13323 13324 13521
 13150 13327 13349
 13323 13326 13520
 13130 13329 13331
 13301 13328 13504
 13132 13331 13351
 13328 13330 13525
 13134 13333 13335
 13305 13332 13508
 13156 13335 13355
 13332 13334 13529
 13183 13337 13424
 13249 13336 13486
 13208 13339 13427
 13253 13338 13470
 13192 13341 13413
 13299 13340 13518
 13166 13343 13385
 13277 13342 13494
 13168 13345 13387
 13279 13344 13496
 13194 13347 13415
 13283 13346 13500
 13152 13349 13369
 13326 13348 13523
 13154 13351 13353
 13330 13350 13527
 13178 13353 13373
 13350 13352 13549
 13158 13355 13375
 13334 13354 13551
 13206 13357 13447
 13269 13356 13512
 13210 13359 13429
 13271 13358 13488
 13228 13361 13449
 13293 13360 13514
 13214 13363 13431
 13317 13362 13539
 13190 13365 13411
 13297 13364 13516
 13218 13367 13435
 13321 13366 13543
 13174 13369 13371
 13348 13368 13547
 13176 13371 13393
 13368 13370 13569
 13180 13373 13397
 13352 13372 13573
 13182 13375 13377
 13354 13374 13553
 13202 13377 13401
 13374 13376 13577
 13252 13379 13469
 13308 13378 13531
 13230 13381 13473
 13295 13380 13535
 13212 13383 13451
 13315 13382 13537
 13234 13385 13455
 13342 13384 13563
 13236 13387 13457
 13344 13386 13565
 13216 13389 13433
 13319 13388 13541
 13238 13391 13459
 13324 13390 13545
 13196 13393 13395
 13370 13392 13571
 13220 13395 13417
 13392 13394 13591
 13198 13397 13399
 13372 13396 13575
 13200 13399 13419
 13396 13398 13593
 13204 13401 13403
 13376 13400 13579
 13226 13403 13423
 13400 13402 13597
 13250 13405 13487
 13307 13404 13510
 13254 13407 13471
 13310 13406 13533
 13314 13409 13490
 13312 13408 13559
 13256 13411 13475
 13364 13410 13587
 13232 13413 13453
 13340 13412 13561
 13415 NaN NaN
 13346 13414 13567
 13222 13417 13437
 13394 13416 13617
 13224 13419 13421
 13398 13418 13595
 13242 13421 13441
 13418 13420 13621
 13246 13423 13445
 13402 13422 13623
 13336 13425 13555
 13270 13424 13513
 13272 13427 13489
 13338 13426 13557
 13294 13429 13515
 13358 13428 13583
 13276 13431 13493
 13362 13430 13585
 13280 13433 13497
 13388 13432 13613
 13282 13435 13499
 13366 13434 13589
 13240 13437 13439
 13416 13436 13619
 13260 13439 13461
 13436 13438 13637
 13244 13441 13443
 13420 13440 13641
 13264 13443 13465
 13440 13442 13643
 13248 13445 13467
 13422 13444 13625
 13309 13447 13532
 13356 13446 13581
 13296 13449 13536
 13360 13448 13601
 13274 13451 13491
 13382 13450 13607
 13298 13453 13517
 13412 13452 13633
 13300 13455 13519
 13384 13454 13609
 13278 13457 13495
 13386 13456 13611
 13284 13459 13501
 13390 13458 13615
 13262 13461 13463
 13438 13460 13639
 13286 13463 13479
 13460 13462 13657
 13266 13465 13481
 13442 13464 13659
 13268 13467 13485
 13444 13466 13645
 13311 13469 13534
 13378 13468 13599
 13339 13471 13558
 13406 13470 13629
 13313 13473 13560
 13380 13472 13603
 13318 13475 13540
 13410 13474 13631
 13477 13635 NaN
 13322 13476 13544
 13288 13479 13503
 13462 13478 13679
 13290 13481 13483
 13464 13480 13661
 13304 13483 13507
 13480 13482 13683
 13292 13485 13511
 13466 13484 13663
 13337 13487 13556
 13404 13486 13627
 13359 13489 13584
 13426 13488 13649
 13408 13491 13605
 13450 13490 13671
 13316 13493 13538
 13430 13492 13651
 13343 13495 13564
 13456 13494 13675
 13345 13497 13566
 13432 13496 13653
 13320 13499 13542
 13434 13498 13655
 13347 13501 13568
 13458 13500 13677
 13302 13503 13505
 13478 13502 13681
 13329 13505 13526
 13502 13504 13697
 13306 13507 13509
 13482 13506 13699
 13333 13509 13530
 13506 13508 13701
 13405 13511 13628
 13484 13510 13685
 13357 13513 13582
 13425 13512 13647
 13361 13515 13602
 13428 13514 13667
 13365 13517 13588
 13452 13516 13693
 13341 13519 13562
 13454 13518 13673
 13327 13522 13524
 13325 13522 13546
 13520 13521 13718
 13349 13524 13548
 13520 13523 13720
 13331 13526 13528
 13504 13525 13722
 13351 13528 13550
 13525 13527 13724
 13335 13530 13552
 13508 13529 13726
 13379 13532 13600
 13446 13531 13665
 13407 13534 13630
 13468 13533 13687
 13381 13536 13604
 13448 13535 13669
 13383 13538 13608
 13492 13537 13708
 13363 13540 13586
 13474 13539 13691
 13389 13542 13614
 13498 13541 13714
 13367 13544 13590
 13477 13543 13696
 13391 13546 13616
 13521 13545 13719
 13369 13548 13570
 13523 13547 13740
 13353 13550 13574
 13527 13549 13742
 13355 13552 13554
 13529 13551 13728
 13375 13554 13578
 13551 13553 13746
 13424 13556 13648
 13486 13555 13703
 13427 13558 13650
 13470 13557 13705
 13409 13560 13606
 13472 13559 13689
 13413 13562 13634
 13518 13561 13738
 13385 13564 13610
 13494 13563 13710
 13387 13566 13612
 13496 13565 13712
 13415 13568 13636
 13500 13567 13716
 13371 13570 13572
 13547 13569 13766
 13393 13572 13592
 13569 13571 13768
 13373 13574 13576
 13549 13573 13744
 13397 13576 13594
 13573 13575 13770
 13377 13578 13580
 13553 13577 13748
 13401 13580 13598
 13577 13579 13772
 13447 13582 13666
 13512 13581 13730
 13429 13584 13668
 13488 13583 13732
 13431 13586 13652
 13539 13585 13758
 13411 13588 13632
 13516 13587 13736
 13435 13590 13656
 13543 13589 13762
 13395 13592 13618
 13571 13591 13786
 13399 13594 13596
 13575 13593 13790
 13419 13596 13622
 13593 13595 13792
 13403 13598 13624
 13579 13597 13794
 13469 13600 13688
 13531 13599 13752
 13449 13602 13670
 13514 13601 13734
 13473 13604 13690
 13535 13603 13754
 13490 13606 13707
 13559 13605 13776
 13451 13608 13672
 13537 13607 13756
 13455 13610 13674
 13563 13609 13780
 13457 13612 13676
 13565 13611 13782
 13433 13614 13654
 13541 13613 13760
 13459 13616 13678
 13545 13615 13764
 13417 13618 13620
 13591 13617 13788
 13437 13620 13638
 13617 13619 13810
 13421 13622 13642
 13595 13621 13812
 13423 13624 13626
 13597 13623 13796
 13445 13626 13646
 13623 13625 13816
 13487 13628 13704
 13510 13627 13750
 13471 13630 13706
 13533 13629 13774
 13475 13632 13692
 13587 13631 13806
 13453 13634 13694
 13561 13633 13778
 13476 13695 NaN
 13567 13784 NaN
 13439 13638 13640
 13619 13637 13830
 13461 13640 13658
 13637 13639 13832
 13441 13642 13644
 13621 13641 13814
 13443 13644 13660
 13641 13643 13834
 13467 13646 13664
 13625 13645 13838
 13513 13648 13731
 13555 13647 13799
 13489 13650 13733
 13557 13649 13800
 13493 13652 13709
 13585 13651 13804
 13497 13654 13713
 13613 13653 13826
 13499 13656 13715
 13589 13655 13808
 13463 13658 13680
 13639 13657 13860
 13465 13660 13662
 13643 13659 13836
 13481 13662 13684
 13659 13661 13864
 13485 13664 13686
 13645 13663 13840
 13532 13666 13753
 13581 13665 13818
 13515 13668 13735
 13583 13667 13802
 13536 13670 13755
 13601 13669 13820
 13491 13672 13707
 13607 13671 13822
 13519 13674 13739
 13609 13673 13856
 13495 13676 13711
 13611 13675 13824
 13501 13678 13717
 13615 13677 13828
 13479 13680 13682
 13657 13679 13862
 13503 13682 13698
 13679 13681 13878
 13483 13684 13700
 13661 13683 13880
 13511 13686 13751
 13663 13685 13866
 13534 13688 13775
 13599 13687 13844
 13560 13690 13777
 13603 13689 13848
 13540 13692 13759
 13631 13691 13852
 13517 13694 13737
 13633 13693 13854
 13635 13696 13858
 13544 13695 13763
 13505 13698 13723
 13681 13697 13894
 13507 13700 13702
 13683 13699 13882
 13509 13702 13727
 13699 13701 13898
 13556 13704 13798
 13627 13703 13842
 13558 13706 13801
 13629 13705 13846
 13605 13671 13850
 13538 13709 13757
 13651 13708 13872
 13564 13711 13781
 13675 13710 13890
 13566 13713 13783
 13653 13712 13874
 13542 13715 13761
 13655 13714 13876
 13568 13717 13785
 13677 13716 13892
 13522 13719 13721
 13546 13718 13765
 13524 13721 13741
 13718 13720 13918
 13526 13723 13725
 13697 13722 13896
 13528 13725 13743
 13722 13724 13921
 13530 13727 13729
 13701 13726 13900
 13552 13729 13747
 13726 13728 13925
 13582 13731 13819
 13647 13730 13868
 13584 13733 13803
 13649 13732 13870
 13602 13735 13821
 13667 13734 13886
 13588 13737 13807
 13693 13736 13914
 13562 13739 13779
 13673 13738 13888
 13548 13741 13767
 13720 13740 13941
 13550 13743 13745
 13724 13742 13923
 13574 13745 13771
 13742 13744 13945
 13554 13747 13749
 13728 13746 13947
 13578 13749 13773
 13746 13748 13949
 13628 13751 13843
 13685 13750 13902
 13600 13753 13845
 13665 13752 13884
 13604 13755 13849
 13669 13754 13906
 13608 13757 13823
 13708 13756 13931
 13586 13759 13805
 13691 13758 13912
 13614 13761 13827
 13714 13760 13937
 13590 13763 13809
 13696 13762 13916
 13616 13765 13829
 13719 13764 13919
 13570 13767 13769
 13740 13766 13943
 13572 13769 13787
 13766 13768 13959
 13576 13771 13791
 13744 13770 13963
 13580 13773 13795
 13748 13772 13967
 13630 13775 13847
 13687 13774 13904
 13606 13777 13851
 13689 13776 13908
 13634 13779 13855
 13738 13778 13957
 13610 13781 13857
 13710 13780 13933
 13612 13783 13825
 13712 13782 13935
 13636 13785 13859
 13716 13784 13939
 13592 13787 13789
 13768 13786 13961
 13618 13789 13811
 13786 13788 13987
 13594 13791 13793
 13770 13790 13965
 13596 13793 13813
 13790 13792 13989
 13598 13795 13797
 13772 13794 13969
 13624 13797 13817
 13794 13796 13993
 13703 13799 13927
 13648 13798 13869
 13650 13801 13871
 13705 13800 13929
 13668 13803 13887
 13732 13802 13953
 13652 13805 13873
 13758 13804 13979
 13632 13807 13853
 13736 13806 13955
 13656 13809 13877
 13762 13808 13983
 13620 13811 13831
 13788 13810 14011
 13622 13813 13815
 13792 13812 13991
 13642 13815 13835
 13812 13814 14015
 13626 13817 13839
 13796 13816 13995
 13666 13819 13885
 13730 13818 13951
 13670 13821 13907
 13734 13820 13973
 13672 13823 13910
 13756 13822 13977
 13676 13825 13891
 13782 13824 14007
 13654 13827 13875
 13760 13826 13981
 13678 13829 13893
 13764 13828 13985
 13638 13831 13833
 13810 13830 14013
 13640 13833 13861
 13830 13832 14029
 13644 13835 13837
 13814 13834 14033
 13660 13837 13865
 13834 13836 14035
 13646 13839 13841
 13816 13838 14017
 13664 13841 13867
 13838 13840 14037
 13704 13843 13928
 13750 13842 13997
 13688 13845 13905
 13752 13844 13971
 13706 13847 13930
 13774 13846 13999
 13690 13849 13909
 13754 13848 13975
 13707 13851 13911
 13776 13850 14001
 13692 13853 13913
 13806 13852 14025
 13694 13855 13915
 13778 13854 14003
 13674 13857 13889
 13780 13856 14005
 13695 13917 NaN
 13784 14009 NaN
 13658 13861 13863
 13832 13860 14031
 13680 13863 13879
 13860 13862 14055
 13662 13865 13881
 13836 13864 14057
 13686 13867 13903
 13840 13866 14039
 13731 13869 13952
 13799 13868 14020
 13733 13871 13954
 13800 13870 14021
 13709 13873 13932
 13804 13872 14023
 13713 13875 13936
 13826 13874 14051
 13715 13877 13938
 13808 13876 14027
 13682 13879 13895
 13862 13878 14072
 13684 13881 13883
 13864 13880 14059
 13700 13883 13899
 13880 13882 14076
 13753 13885 13972
 13818 13884 14041
 13735 13887 13974
 13802 13886 14043
 13739 13889 13958
 13856 13888 14070
 13711 13891 13934
 13824 13890 14049
 13717 13893 13940
 13828 13892 14053
 13698 13895 13897
 13878 13894 14074
 13723 13897 13922
 13894 13896 14096
 13702 13899 13901
 13882 13898 14078
 13727 13901 13926
 13898 13900 14098
 13751 13903 13998
 13866 13902 14061
 13775 13905 14000
 13844 13904 14062
 13755 13907 13976
 13820 13906 14045
 13777 13909 14002
 13848 13908 14064
 13822 13911 14047
 13850 13910 14066
 13759 13913 13980
 13852 13912 14088
 13737 13915 13956
 13854 13914 14068
 13763 13917 13984
 13858 13916 14095
 13721 13920 13942
 13765 13920 13986
 13918 13919 14110
 13725 13922 13924
 13896 13921 14113
 13743 13924 13946
 13921 13923 14115
 13729 13926 13948
 13900 13925 14117
 13798 13928 14019
 13842 13927 14080
 13801 13930 14022
 13846 13929 14082
 13757 13932 13978
 13872 13931 14086
 13781 13934 14006
 13890 13933 14106
 13783 13936 14008
 13874 13935 14090
 13761 13938 13982
 13876 13937 14092
 13785 13940 14010
 13892 13939 14108
 13741 13942 13944
 13918 13941 14111
 13767 13944 13960
 13941 13943 14133
 13745 13946 13964
 13923 13945 14137
 13747 13948 13950
 13925 13947 14119
 13749 13950 13968
 13947 13949 14141
 13819 13952 14042
 13868 13951 14100
 13803 13954 14044
 13870 13953 14084
 13807 13956 14026
 13914 13955 14127
 13779 13958 14004
 13888 13957 14104
 13769 13960 13962
 13943 13959 14135
 13787 13962 13988
 13959 13961 14167
 13771 13964 13966
 13945 13963 14139
 13791 13966 13990
 13963 13965 14169
 13773 13968 13970
 13949 13967 14143
 13795 13970 13994
 13967 13969 14171
 13845 13972 14063
 13884 13971 14121
 13821 13974 14046
 13886 13973 14102
 13849 13976 14065
 13906 13975 14123
 13823 13978 14048
 13931 13977 14157
 13805 13980 14024
 13912 13979 14125
 13827 13982 14052
 13937 13981 14163
 13809 13984 14028
 13916 13983 14129
 13829 13986 14054
 13919 13985 14131
 13789 13988 14012
 13961 13987 14183
 13793 13990 13992
 13965 13989 14187
 13813 13992 14016
 13989 13991 14189
 13797 13994 13996
 13969 13993 14173
 13817 13996 14018
 13993 13995 14191
 13843 13998 14081
 13902 13997 14145
 13847 14000 14083
 13904 13999 14149
 13851 14002 14067
 13908 14001 14153
 13855 14004 14069
 13957 14003 14181
 13857 14006 14071
 13933 14005 14159
 13825 14008 14050
 13935 14007 14161
 13859 14010 NaN
 13939 14009 14165
 13811 14012 14014
 13987 14011 14185
 13831 14014 14030
 14011 14013 14207
 13815 14016 14034
 13991 14015 14211
 13839 14018 14038
 13995 14017 14215
 13927 14020 14147
 13869 14019 14101
 13871 14022 14085
 13929 14021 14151
 13873 14024 14087
 13979 14023 14199
 13853 14026 14089
 13955 14025 14179
 13877 14028 14093
 13983 14027 14203
 13833 14030 14032
 14013 14029 14209
 13861 14032 14056
 14029 14031 14235
 13835 14034 14036
 14015 14033 14213
 13837 14036 14058
 14033 14035 14237
 13841 14038 14040
 14017 14037 14217
 13867 14040 14061
 14037 14039 14241
 13885 14042 14122
 13951 14041 14175
 13887 14044 14103
 13953 14043 14177
 13907 14046 14124
 13973 14045 14195
 13910 14048 14155
 13977 14047 14197
 13891 14050 14107
 14007 14049 14231
 13875 14052 14091
 13981 14051 14201
 13893 14054 14109
 13985 14053 14205
 13863 14056 14073
 14031 14055 14254
 13865 14058 14060
 14035 14057 14239
 13881 14060 14077
 14057 14059 14258
 13903 14039 14146
 13905 14063 14150
 13971 14062 14193
 13909 14065 14154
 13975 14064 14223
 13911 14067 14156
 14001 14066 14225
 13915 14069 14128
 14003 14068 14227
 13889 14071 14105
 14005 14070 14229
 13879 14073 14075
 14055 14072 14256
 13895 14075 14097
 14072 14074 14272
 13883 14077 14079
 14059 14076 14274
 13899 14079 14099
 14076 14078 14276
 13928 14081 14148
 13997 14080 14219
 13930 14083 14152
 13999 14082 14221
 13954 14085 14178
 14021 14084 14245
 13932 14087 14158
 14023 14086 14248
 13913 14089 14126
 14025 14088 14250
 13936 14091 14162
 14051 14090 14268
 13938 14093 14164
 14027 14092 14252
 14095 NaN NaN
 13917 14094 14130
 13897 14097 14114
 14074 14096 14290
 13901 14099 14118
 14078 14098 14294
 13952 14101 14176
 14020 14100 14244
 13974 14103 14196
 14043 14102 14262
 13958 14105 14182
 14070 14104 14286
 13934 14107 14160
 14049 14106 14266
 13940 14109 14166
 14053 14108 14270
 13920 14112 14132
 13942 14112 14134
 14110 14111 14313
 13922 14114 14116
 14096 14113 14292
 13924 14116 14138
 14113 14115 14315
 13926 14118 14120
 14098 14117 14296
 13948 14120 14142
 14117 14119 14319
 13972 14122 14194
 14041 14121 14260
 13976 14124 14224
 14045 14123 14264
 13980 14126 14200
 14088 14125 14306
 13956 14128 14180
 14068 14127 14284
 13984 14130 14204
 14095 14129 14289
 13986 14132 14206
 14110 14131 14312
 13944 14134 14136
 14111 14133 14336
 13960 14136 14168
 14133 14135 14338
 13946 14138 14140
 14115 14137 14317
 13964 14140 14170
 14137 14139 14340
 13950 14142 14144
 14119 14141 14321
 13968 14144 14172
 14141 14143 14342
 13998 14146 14220
 14061 14145 14278
 14019 14148 14243
 14080 14147 14298
 14000 14150 14222
 14062 14149 14280
 14022 14152 14246
 14082 14151 14300
 14002 14154 14226
 14064 14153 14282
 14047 14156 14247
 14066 14155 14302
 13978 14158 14198
 14086 14157 14304
 14006 14160 14230
 14106 14159 14331
 14008 14162 14232
 14090 14161 14308
 13982 14164 14202
 14092 14163 14310
 14010 14166 14234
 14108 14165 14333
 13962 14168 14184
 14135 14167 14354
 13966 14170 14188
 14139 14169 14358
 13970 14172 14174
 14143 14171 14362
 13994 14174 14192
 14171 14173 14364
 14042 14176 14261
 14100 14175 14323
 14044 14178 14263
 14084 14177 14325
 14026 14180 14251
 14127 14179 14350
 14004 14182 14228
 14104 14181 14329
 13988 14184 14186
 14167 14183 14356
 14012 14186 14208
 14183 14185 14382
 13990 14188 14190
 14169 14187 14360
 13992 14190 14212
 14187 14189 14384
 13996 14192 14216
 14173 14191 14388
 14063 14194 14281
 14121 14193 14344
 14046 14196 14265
 14102 14195 14327
 14048 14198 14247
 14157 14197 14372
 14024 14200 14249
 14125 14199 14348
 14052 14202 14269
 14163 14201 14378
 14028 14204 14253
 14129 14203 14352
 14054 14206 14271
 14131 14205 14335
 14014 14208 14210
 14185 14207 14404
 14030 14210 14236
 14207 14209 14406
 14016 14212 14214
 14189 14211 14386
 14034 14214 14238
 14211 14213 14408
 14018 14216 14218
 14191 14215 14390
 14038 14218 14242
 14215 14217 14410
 14081 14220 14299
 14145 14219 14366
 14083 14222 14301
 14149 14221 14368
 14065 14224 14283
 14123 14223 14346
 14067 14226 14303
 14153 14225 14370
 14069 14228 14285
 14181 14227 14402
 14071 14230 14287
 14159 14229 14374
 14050 14232 14267
 14161 14231 14376
 14234 NaN NaN
 14165 14233 14380
 14032 14236 14255
 14209 14235 14424
 14036 14238 14240
 14213 14237 14428
 14058 14240 14259
 14237 14239 14430
 14040 14242 14279
 14217 14241 14412
 14147 14244 14392
 14101 14243 14324
 14085 14246 14326
 14151 14245 14394
 14155 14197 14398
 14087 14249 14305
 14199 14248 14418
 14089 14251 14307
 14179 14250 14400
 14093 14253 14311
 14203 14252 14422
 14056 14255 14257
 14235 14254 14426
 14073 14257 14273
 14254 14256 14452
 14060 14259 14275
 14239 14258 14454
 14122 14261 14345
 14175 14260 14414
 14103 14263 14328
 14177 14262 14396
 14124 14265 14347
 14195 14264 14416
 14107 14267 14332
 14231 14266 14448
 14091 14269 14309
 14201 14268 14420
 14109 14271 14334
 14205 14270 14466
 14075 14273 14291
 14256 14272 14469
 14077 14275 14277
 14258 14274 14456
 14079 14277 14295
 14274 14276 14473
 14146 14279 14367
 14241 14278 14432
 14150 14281 14369
 14193 14280 14434
 14154 14283 14371
 14223 14282 14438
 14128 14285 14351
 14227 14284 14444
 14105 14287 14330
 14229 14286 14446
 14289 14450 NaN
 14130 14288 14353
 14097 14291 14293
 14272 14290 14471
 14114 14293 14316
 14290 14292 14491
 14099 14295 14297
 14276 14294 14475
 14118 14297 14320
 14294 14296 14493
 14148 14299 14393
 14219 14298 14458
 14152 14301 14395
 14221 14300 14436
 14156 14303 14399
 14225 14302 14440
 14158 14305 14373
 14248 14304 14483
 14126 14307 14349
 14250 14306 14462
 14162 14309 14377
 14268 14308 14487
 14164 14311 14379
 14252 14310 14464
 14132 14314 14335
 14112 14314 14337
 14312 14313 14509
 14116 14316 14318
 14292 14315 14513
 14138 14318 14341
 14315 14317 14515
 14120 14320 14322
 14296 14319 14517
 14142 14322 14343
 14319 14321 14519
 14176 14324 14415
 14244 14323 14478
 14178 14326 14397
 14245 14325 14460
 14196 14328 14417
 14262 14327 14481
 14182 14330 14403
 14286 14329 14505
 14160 14332 14375
 14266 14331 14485
 14166 14334 14381
 14270 14333 14489
 14206 14312 14467
 14134 14337 14339
 14313 14336 14511
 14136 14339 14355
 14336 14338 14537
 14140 14341 14359
 14317 14340 14541
 14144 14343 14363
 14321 14342 14545
 14194 14345 14435
 14260 14344 14479
 14224 14347 14439
 14264 14346 14499
 14200 14349 14419
 14306 14348 14529
 14180 14351 14401
 14284 14350 14503
 14204 14353 14423
 14289 14352 14507
 14168 14355 14357
 14338 14354 14539
 14184 14357 14383
 14354 14356 14557
 14170 14359 14361
 14340 14358 14543
 14188 14361 14385
 14358 14360 14559
 14172 14363 14365
 14342 14362 14547
 14174 14365 14389
 14362 14364 14561
 14220 14367 14459
 14278 14366 14495
 14222 14369 14437
 14280 14368 14497
 14226 14371 14441
 14282 14370 14501
 14198 14373 14442
 14304 14372 14527
 14230 14375 14447
 14331 14374 14555
 14232 14377 14449
 14308 14376 14531
 14202 14379 14421
 14310 14378 14533
 14234 14381 14451
 14333 14380 14535
 14186 14383 14405
 14356 14382 14577
 14190 14385 14387
 14360 14384 14581
 14212 14387 14409
 14384 14386 14583
 14192 14389 14391
 14364 14388 14563
 14216 14391 14411
 14388 14390 14585
 14243 14393 14477
 14298 14392 14521
 14246 14395 14461
 14300 14394 14523
 14263 14397 14482
 14325 14396 14551
 14247 14399 14443
 14302 14398 14525
 14251 14401 14463
 14350 14400 14573
 14228 14403 14445
 14329 14402 14553
 14208 14405 14407
 14382 14404 14579
 14210 14407 14425
 14404 14406 14605
 14214 14409 14429
 14386 14408 14609
 14218 14411 14413
 14390 14410 14587
 14242 14413 14433
 14410 14412 14613
 14261 14415 14480
 14323 14414 14549
 14265 14417 14500
 14327 14416 14567
 14249 14419 14484
 14348 14418 14571
 14269 14421 14488
 14378 14420 14601
 14253 14423 14465
 14352 14422 14575
 14236 14425 14427
 14406 14424 14607
 14255 14427 14453
 14424 14426 14627
 14238 14429 14431
 14408 14428 14611
 14240 14431 14455
 14428 14430 14629
 14279 14433 14496
 14412 14432 14615
 14281 14435 14498
 14344 14434 14565
 14301 14437 14524
 14368 14436 14591
 14283 14439 14502
 14346 14438 14569
 14303 14441 14526
 14370 14440 14593
 14372 14443 14595
 14398 14442 14621
 14285 14445 14504
 14402 14444 14625
 14287 14447 14506
 14374 14446 14597
 14267 14449 14486
 14376 14448 14599
 14288 14508 NaN
 14380 14603 NaN
 14257 14453 14470
 14426 14452 14645
 14259 14455 14457
 14430 14454 14631
 14275 14457 14474
 14454 14456 14649
 14299 14459 14522
 14366 14458 14589
 14326 14461 14552
 14394 14460 14619
 14307 14463 14530
 14400 14462 14623
 14311 14465 14534
 14422 14464 14643
 14271 14468 14490
 14335 14468 14510
 14466 14467 14663
 14273 14470 14472
 14452 14469 14647
 14291 14472 14492
 14469 14471 14665
 14277 14474 14476
 14456 14473 14667
 14295 14476 14494
 14473 14475 14669
 14392 14478 14617
 14324 14477 14550
 14345 14480 14566
 14414 14479 14633
 14328 14482 14568
 14396 14481 14635
 14305 14484 14528
 14418 14483 14639
 14332 14486 14556
 14448 14485 14660
 14309 14488 14532
 14420 14487 14641
 14334 14490 14536
 14466 14489 14662
 14293 14492 14514
 14471 14491 14689
 14297 14494 14518
 14475 14493 14693
 14367 14496 14590
 14432 14495 14651
 14369 14498 14592
 14434 14497 14653
 14347 14500 14570
 14416 14499 14637
 14371 14502 14594
 14438 14501 14655
 14351 14504 14574
 14444 14503 14679
 14330 14506 14554
 14446 14505 14658
 14353 14508 14576
 14450 14507 14684
 14314 14510 14512
 14467 14509 14687
 14337 14512 14538
 14509 14511 14709
 14316 14514 14516
 14491 14513 14691
 14318 14516 14542
 14513 14515 14711
 14320 14518 14520
 14493 14517 14695
 14322 14520 14546
 14517 14519 14715
 14393 14522 14618
 14458 14521 14671
 14395 14524 14620
 14436 14523 14673
 14399 14526 14622
 14440 14525 14675
 14373 14528 14596
 14483 14527 14703
 14349 14530 14572
 14462 14529 14677
 14377 14532 14600
 14487 14531 14707
 14379 14534 14602
 14464 14533 14681
 14381 14536 14604
 14489 14535 14685
 14339 14538 14540
 14511 14537 14729
 14355 14540 14558
 14537 14539 14731
 14341 14542 14544
 14515 14541 14713
 14359 14544 14560
 14541 14543 14733
 14343 14546 14548
 14519 14545 14717
 14363 14548 14562
 14545 14547 14735
 14415 14550 14634
 14478 14549 14698
 14397 14552 14636
 14460 14551 14699
 14403 14554 14626
 14505 14553 14725
 14375 14556 14598
 14485 14555 14705
 14357 14558 14578
 14539 14557 14757
 14361 14560 14582
 14543 14559 14761
 14365 14562 14564
 14547 14561 14737
 14389 14564 14586
 14561 14563 14765
 14435 14566 14654
 14479 14565 14719
 14417 14568 14638
 14481 14567 14701
 14439 14570 14656
 14499 14569 14721
 14419 14572 14640
 14529 14571 14749
 14401 14574 14624
 14503 14573 14723
 14423 14576 14644
 14507 14575 14727
 14383 14578 14580
 14557 14577 14759
 14405 14580 14606
 14577 14579 14777
 14385 14582 14584
 14559 14581 14763
 14387 14584 14610
 14581 14583 14781
 14391 14586 14588
 14563 14585 14785
 14411 14588 14614
 14585 14587 14787
 14459 14590 14672
 14495 14589 14739
 14437 14592 14674
 14497 14591 14741
 14441 14594 14676
 14501 14593 14745
 14442 14596 14657
 14527 14595 14747
 14447 14598 14659
 14555 14597 14775
 14449 14600 14661
 14531 14599 14751
 14421 14602 14642
 14533 14601 14753
 14451 14604 14683
 14535 14603 14755
 14407 14606 14608
 14579 14605 14779
 14425 14608 14628
 14605 14607 14801
 14409 14610 14612
 14583 14609 14783
 14429 14612 14630
 14609 14611 14803
 14413 14614 14616
 14587 14613 14805
 14433 14616 14652
 14613 14615 14807
 14477 14618 14697
 14521 14617 14767
 14461 14620 14700
 14523 14619 14743
 14443 14622 14657
 14525 14621 14771
 14463 14624 14678
 14573 14623 14797
 14445 14626 14680
 14553 14625 14773
 14427 14628 14646
 14607 14627 14826
 14431 14630 14632
 14611 14629 14830
 14455 14632 14650
 14629 14631 14832
 14480 14634 14720
 14549 14633 14789
 14482 14636 14702
 14551 14635 14769
 14500 14638 14722
 14567 14637 14793
 14484 14640 14704
 14571 14639 14795
 14488 14642 14708
 14601 14641 14822
 14465 14644 14682
 14575 14643 14799
 14453 14646 14648
 14627 14645 14828
 14470 14648 14666
 14645 14647 14846
 14457 14650 14668
 14631 14649 14848
 14496 14652 14740
 14615 14651 14809
 14498 14654 14742
 14565 14653 14791
 14502 14656 14746
 14569 14655 14812
 14595 14621 14816
 14506 14659 14726
 14597 14658 14818
 14486 14661 14706
 14599 14660 14820
 14490 14664 14686
 14468 14664 14688
 14662 14663 14882
 14472 14666 14690
 14647 14665 14862
 14474 14668 14670
 14649 14667 14850
 14476 14670 14694
 14667 14669 14866
 14522 14672 14768
 14589 14671 14834
 14524 14674 14744
 14591 14673 14810
 14526 14676 14772
 14593 14675 14814
 14530 14678 14750
 14623 14677 14842
 14504 14680 14724
 14625 14679 14844
 14534 14682 14754
 14643 14681 14860
 14603 14824 NaN
 14508 14728 NaN
 14536 14686 14756
 14662 14685 14880
 14510 14688 14710
 14663 14687 14884
 14492 14690 14692
 14665 14689 14864
 14514 14692 14712
 14689 14691 14886
 14494 14694 14696
 14669 14693 14868
 14518 14696 14716
 14693 14695 14888
 14617 14698 14836
 14550 14697 14790
 14552 14700 14770
 14619 14699 14838
 14568 14702 14794
 14635 14701 14854
 14528 14704 14748
 14639 14703 14856
 14556 14706 14776
 14660 14705 14878
 14532 14708 14752
 14641 14707 14858
 14512 14710 14730
 14687 14709 14906
 14516 14712 14714
 14691 14711 14910
 14542 14714 14734
 14711 14713 14912
 14520 14716 14718
 14695 14715 14914
 14546 14718 14736
 14715 14717 14916
 14566 14720 14792
 14633 14719 14852
 14570 14722 14813
 14637 14721 14872
 14574 14724 14798
 14679 14723 14900
 14554 14726 14774
 14658 14725 14876
 14576 14728 14800
 14684 14727 14905
 14538 14730 14732
 14709 14729 14908
 14540 14732 14758
 14729 14731 14928
 14544 14734 14762
 14713 14733 14932
 14548 14736 14738
 14717 14735 14936
 14562 14738 14766
 14735 14737 14938
 14590 14740 14835
 14651 14739 14890
 14592 14742 14811
 14653 14741 14870
 14620 14744 14839
 14673 14743 14894
 14594 14746 14815
 14655 14745 14874
 14596 14748 14817
 14703 14747 14922
 14572 14750 14796
 14677 14749 14898
 14600 14752 14821
 14707 14751 14926
 14602 14754 14823
 14681 14753 14902
 14604 14756 14825
 14685 14755 14881
 14558 14758 14760
 14731 14757 14930
 14578 14760 14778
 14757 14759 14952
 14560 14762 14764
 14733 14761 14934
 14582 14764 14782
 14761 14763 14956
 14564 14766 14786
 14737 14765 14958
 14618 14768 14837
 14671 14767 14892
 14636 14770 14855
 14699 14769 14920
 14622 14772 14840
 14675 14771 14896
 14626 14774 14845
 14725 14773 14948
 14598 14776 14819
 14705 14775 14924
 14580 14778 14780
 14759 14777 14954
 14606 14780 14802
 14777 14779 14976
 14584 14782 14784
 14763 14781 14978
 14610 14784 14804
 14781 14783 14980
 14586 14786 14788
 14765 14785 14960
 14588 14788 14806
 14785 14787 14982
 14634 14790 14853
 14698 14789 14918
 14654 14792 14871
 14719 14791 14940
 14638 14794 14873
 14701 14793 14942
 14640 14796 14857
 14749 14795 14970
 14624 14798 14843
 14723 14797 14946
 14644 14800 14861
 14727 14799 14950
 14608 14802 14827
 14779 14801 14998
 14612 14804 14831
 14783 14803 15002
 14614 14806 14808
 14787 14805 14984
 14616 14808 14809
 14805 14807 15006
 14652 14807 14891
 14674 14811 14895
 14741 14810 14964
 14656 14813 14875
 14721 14812 14944
 14676 14815 14897
 14745 14814 14966
 14657 14817 14841
 14747 14816 14968
 14659 14819 14877
 14775 14818 14996
 14661 14821 14879
 14751 14820 14972
 14642 14823 14859
 14753 14822 14974
 14683 14825 NaN
 14755 14824 15022
 14628 14827 14829
 14801 14826 15000
 14646 14829 14847
 14826 14828 15025
 14630 14831 14833
 14803 14830 15004
 14632 14833 14849
 14830 14832 15027
 14672 14835 14893
 14739 14834 14962
 14697 14837 14919
 14767 14836 14986
 14700 14839 14921
 14743 14838 14988
 14771 14841 14992
 14816 14840 15035
 14678 14843 14899
 14797 14842 15016
 14680 14845 14901
 14773 14844 14994
 14648 14847 14863
 14828 14846 15043
 14650 14849 14851
 14832 14848 15029
 14668 14851 14867
 14848 14850 15047
 14720 14853 14941
 14789 14852 15010
 14702 14855 14943
 14769 14854 14990
 14704 14857 14923
 14795 14856 15014
 14708 14859 14927
 14822 14858 15018
 14682 14861 14903
 14799 14860 15020
 14666 14863 14865
 14846 14862 15045
 14690 14865 14887
 14862 14864 15061
 14670 14867 14869
 14850 14866 15063
 14694 14869 14889
 14866 14868 15065
 14742 14871 14965
 14791 14870 15031
 14722 14873 14945
 14793 14872 15012
 14746 14875 14967
 14812 14874 15033
 14726 14877 14949
 14818 14876 15037
 14706 14879 14925
 14820 14878 15039
 14686 14881 14883
 14756 14880 15023
 14664 14883 14885
 14880 14882 15078
 14688 14885 14907
 14882 14884 15080
 14692 14887 14911
 14864 14886 15082
 14696 14889 14915
 14868 14888 15086
 14740 14891 14963
 14809 14890 15008
 14768 14893 14987
 14834 14892 15049
 14744 14895 14989
 14810 14894 15051
 14772 14897 14993
 14814 14896 15055
 14750 14899 14971
 14842 14898 15057
 14724 14901 14947
 14844 14900 15059
 14754 14903 14975
 14860 14902 15076
 14905 15041 NaN
 14728 14904 14951
 14710 14907 14909
 14884 14906 15100
 14730 14909 14929
 14906 14908 15102
 14712 14911 14913
 14886 14910 15084
 14714 14913 14933
 14910 14912 15104
 14716 14915 14917
 14888 14914 15088
 14718 14917 14937
 14914 14916 15108
 14790 14919 15011
 14836 14918 15068
 14770 14921 14991
 14838 14920 15053
 14748 14923 14969
 14856 14922 15072
 14776 14925 14997
 14878 14924 15098
 14752 14927 14973
 14858 14926 15074
 14732 14929 14931
 14908 14928 15128
 14758 14931 14953
 14928 14930 15130
 14734 14933 14935
 14912 14932 15106
 14762 14935 14957
 14932 14934 15132
 14736 14937 14939
 14916 14936 15110
 14738 14939 14959
 14936 14938 15134
 14792 14941 15032
 14852 14940 15090
 14794 14943 15013
 14854 14942 15069
 14813 14945 15034
 14872 14944 15094
 14798 14947 15017
 14900 14946 15122
 14774 14949 14995
 14876 14948 15096
 14800 14951 15021
 14905 14950 15127
 14760 14953 14955
 14930 14952 15150
 14778 14955 14977
 14952 14954 15152
 14764 14957 14979
 14934 14956 15154
 14766 14959 14961
 14938 14958 15136
 14786 14961 14983
 14958 14960 15158
 14835 14963 15050
 14890 14962 15112
 14811 14965 15052
 14870 14964 15092
 14815 14967 15056
 14874 14966 15116
 14817 14969 15036
 14922 14968 15144
 14796 14971 15015
 14898 14970 15120
 14821 14973 15040
 14926 14972 15148
 14823 14975 15019
 14902 14974 15124
 14780 14977 14999
 14954 14976 15172
 14782 14979 14981
 14956 14978 15156
 14784 14981 15003
 14978 14980 15176
 14788 14983 14985
 14960 14982 15160
 14806 14985 15007
 14982 14984 15178
 14837 14987 15067
 14892 14986 15138
 14839 14989 15054
 14894 14988 15114
 14855 14991 15070
 14920 14990 15142
 14840 14993 15071
 14896 14992 15118
 14845 14995 15060
 14948 14994 15168
 14819 14997 15038
 14924 14996 15146
 14802 14999 15001
 14976 14998 15174
 14827 15001 15026
 14998 15000 15196
 14804 15003 15005
 14980 15002 15198
 14831 15005 15028
 15002 15004 15200
 14808 15007 15009
 14984 15006 15180
 14891 15009 15113
 15006 15008 15202
 14853 15011 15091
 14918 15010 15140
 14873 15013 15095
 14942 15012 15164
 14857 15015 15073
 14970 15014 15190
 14843 15017 15058
 14946 15016 15166
 14859 15019 15075
 14974 15018 15194
 14861 15021 15077
 14950 15020 15170
 14825 15024 15042
 14881 15024 15079
 15022 15023 15217
 14829 15026 15044
 15000 15025 15218
 14833 15028 15030
 15004 15027 15222
 14849 15030 15048
 15027 15029 15224
 14871 15032 15093
 14940 15031 15162
 14875 15034 15117
 14944 15033 15184
 14841 15036 15071
 14968 15035 15188
 14877 15038 15097
 14996 15037 15214
 14879 15040 15099
 14972 15039 15192
 14904 15126 NaN
 15022 15216 NaN
 14847 15044 15046
 15025 15043 15220
 14863 15046 15062
 15043 15045 15241
 14851 15048 15064
 15029 15047 15243
 14893 15050 15139
 14962 15049 15204
 14895 15052 15115
 14964 15051 15182
 14921 15054 15143
 14988 15053 15208
 14897 15056 15119
 14966 15055 15186
 14899 15058 15121
 15016 15057 15235
 14901 15060 15123
 14994 15059 15212
 14865 15062 15083
 15045 15061 15259
 14867 15064 15066
 15047 15063 15245
 14869 15066 15087
 15063 15065 15263
 14986 15068 15206
 14919 15067 15141
 14943 15070 15165
 14990 15069 15229
 14992 15035 15210
 14923 15073 15145
 15014 15072 15233
 14927 15075 15149
 15018 15074 15237
 14903 15077 15125
 15020 15076 15239
 14883 15079 15081
 15023 15078 15277
 14885 15081 15101
 15078 15080 15279
 14887 15083 15085
 15061 15082 15261
 14911 15085 15105
 15082 15084 15283
 14889 15087 15089
 15065 15086 15265
 14915 15089 15109
 15086 15088 15285
 14941 15091 15163
 15010 15090 15227
 14965 15093 15183
 15031 15092 15247
 14945 15095 15185
 15012 15094 15231
 14949 15097 15169
 15037 15096 15253
 14925 15099 15147
 15039 15098 15255
 14907 15101 15103
 15080 15100 15281
 14909 15103 15129
 15100 15102 15301
 14913 15105 15107
 15084 15104 15305
 14933 15107 15133
 15104 15106 15307
 14917 15109 15111
 15088 15108 15287
 14937 15111 15135
 15108 15110 15309
 14963 15113 15205
 15008 15112 15226
 14989 15115 15209
 15051 15114 15269
 14967 15117 15187
 15033 15116 15249
 14993 15119 15211
 15055 15118 15271
 14971 15121 15191
 15057 15120 15273
 14947 15123 15167
 15059 15122 15275
 14975 15125 15195
 15076 15124 15299
 15041 15127 15257
 14951 15126 15171
 14929 15129 15131
 15102 15128 15303
 14931 15131 15151
 15128 15130 15319
 14935 15133 15155
 15106 15132 15323
 14939 15135 15137
 15110 15134 15327
 14959 15137 15159
 15134 15136 15329
 14987 15139 15207
 15049 15138 15267
 15011 15141 15228
 15068 15140 15290
 14991 15143 15230
 15053 15142 15291
 14969 15145 15189
 15072 15144 15295
 14997 15147 15215
 15098 15146 15317
 14973 15149 15193
 15074 15148 15297
 14953 15151 15153
 15130 15150 15321
 14955 15153 15173
 15150 15152 15345
 14957 15155 15157
 15132 15154 15325
 14979 15157 15177
 15154 15156 15349
 14961 15159 15161
 15136 15158 15351
 14983 15161 15179
 15158 15160 15353
 15032 15163 15248
 15090 15162 15311
 15013 15165 15232
 15069 15164 15293
 15017 15167 15236
 15122 15166 15339
 14995 15169 15213
 15096 15168 15315
 15021 15171 15240
 15127 15170 15343
 14977 15173 15175
 15152 15172 15347
 14999 15175 15197
 15172 15174 15370
 14981 15177 15199
 15156 15176 15372
 14985 15179 15181
 15160 15178 15376
 15007 15181 15203
 15178 15180 15378
 15052 15183 15270
 15092 15182 15331
 15034 15185 15250
 15094 15184 15313
 15056 15187 15272
 15116 15186 15335
 15036 15189 15251
 15144 15188 15364
 15015 15191 15234
 15120 15190 15337
 15040 15193 15256
 15148 15192 15368
 15019 15195 15238
 15124 15194 15341
 15001 15197 15219
 15174 15196 15392
 15003 15199 15201
 15176 15198 15374
 15005 15201 15223
 15198 15200 15396
 15009 15203 15226
 15180 15202 15380
 15050 15205 15268
 15112 15204 15356
 15067 15207 15289
 15138 15206 15358
 15054 15209 15292
 15114 15208 15333
 15071 15211 15252
 15118 15210 15362
 15060 15213 15276
 15168 15212 15388
 15038 15215 15254
 15146 15214 15366
 15042 15217 15258
 15024 15216 15278
 15026 15219 15221
 15196 15218 15394
 15044 15221 15242
 15218 15220 15417
 15028 15223 15225
 15200 15222 15398
 15030 15225 15244
 15222 15224 15419
 15113 15202 15355
 15091 15228 15312
 15140 15227 15382
 15070 15230 15294
 15142 15229 15360
 15095 15232 15314
 15164 15231 15384
 15073 15234 15296
 15190 15233 15411
 15058 15236 15274
 15166 15235 15386
 15075 15238 15298
 15194 15237 15415
 15077 15240 15300
 15170 15239 15390
 15046 15242 15260
 15220 15241 15432
 15048 15244 15246
 15224 15243 15436
 15064 15246 15264
 15243 15245 15438
 15093 15248 15332
 15162 15247 15401
 15117 15250 15336
 15184 15249 15405
 15188 15252 15409
 15210 15251 15446
 15097 15254 15316
 15214 15253 15427
 15099 15256 15318
 15192 15255 15413
 15126 15344 NaN
 15216 15429 NaN
 15062 15260 15262
 15241 15259 15434
 15083 15262 15284
 15259 15261 15456
 15066 15264 15266
 15245 15263 15458
 15087 15266 15286
 15263 15265 15460
 15139 15268 15359
 15204 15267 15421
 15115 15270 15334
 15182 15269 15403
 15119 15272 15363
 15186 15271 15407
 15121 15274 15338
 15235 15273 15450
 15123 15276 15340
 15212 15275 15425
 15079 15278 15280
 15217 15277 15430
 15081 15280 15282
 15277 15279 15472
 15101 15282 15302
 15279 15281 15474
 15085 15284 15306
 15261 15283 15478
 15089 15286 15288
 15265 15285 15482
 15109 15288 15310
 15285 15287 15484
 15206 15290 15440
 15141 15289 15383
 15143 15292 15361
 15208 15291 15423
 15165 15294 15385
 15229 15293 15444
 15145 15296 15365
 15233 15295 15448
 15149 15298 15369
 15237 15297 15452
 15125 15300 15342
 15239 15299 15454
 15103 15302 15304
 15281 15301 15476
 15129 15304 15320
 15301 15303 15497
 15105 15306 15308
 15283 15305 15480
 15107 15308 15324
 15305 15307 15501
 15111 15310 15328
 15287 15309 15505
 15163 15312 15402
 15227 15311 15442
 15185 15314 15406
 15231 15313 15464
 15169 15316 15389
 15253 15315 15495
 15147 15318 15367
 15255 15317 15468
 15131 15320 15322
 15303 15319 15499
 15151 15322 15346
 15319 15321 15521
 15133 15324 15326
 15307 15323 15503
 15155 15326 15350
 15323 15325 15525
 15135 15328 15330
 15309 15327 15507
 15137 15330 15352
 15327 15329 15527
 15183 15332 15404
 15247 15331 15462
 15209 15334 15424
 15269 15333 15488
 15187 15336 15408
 15249 15335 15466
 15191 15338 15412
 15273 15337 15515
 15167 15340 15387
 15275 15339 15493
 15195 15342 15416
 15299 15341 15519
 15171 15344 15391
 15257 15343 15471
 15153 15346 15348
 15321 15345 15523
 15173 15348 15371
 15345 15347 15541
 15157 15350 15373
 15325 15349 15543
 15159 15352 15354
 15329 15351 15529
 15161 15354 15377
 15351 15353 15547
 15226 15357 15400
 15205 15357 15422
 15355 15356 15575
 15207 15359 15441
 15267 15358 15486
 15230 15361 15445
 15291 15360 15511
 15211 15363 15447
 15271 15362 15490
 15189 15365 15410
 15295 15364 15513
 15215 15367 15428
 15317 15366 15539
 15193 15369 15414
 15297 15368 15517
 15175 15371 15393
 15347 15370 15563
 15177 15373 15375
 15349 15372 15545
 15199 15375 15397
 15372 15374 15567
 15179 15377 15379
 15353 15376 15549
 15181 15379 15381
 15376 15378 15569
 15203 15381 15400
 15378 15380 15571
 15228 15383 15443
 15290 15382 15510
 15232 15385 15465
 15293 15384 15533
 15236 15387 15451
 15339 15386 15557
 15213 15389 15426
 15315 15388 15537
 15240 15391 15455
 15343 15390 15561
 15197 15393 15395
 15370 15392 15565
 15219 15395 15418
 15392 15394 15591
 15201 15397 15399
 15374 15396 15595
 15223 15399 15420
 15396 15398 15597
 15355 15380 15573
 15248 15402 15463
 15311 15401 15531
 15270 15404 15489
 15331 15403 15551
 15250 15406 15467
 15313 15405 15535
 15272 15408 15491
 15335 15407 15553
 15251 15410 15492
 15364 15409 15585
 15234 15412 15449
 15337 15411 15555
 15256 15414 15469
 15368 15413 15589
 15238 15416 15453
 15341 15415 15559
 15221 15418 15433
 15394 15417 15593
 15225 15420 15437
 15398 15419 15611
 15268 15422 15487
 15356 15421 15577
 15292 15424 15512
 15333 15423 15581
 15276 15426 15494
 15388 15425 15607
 15254 15428 15496
 15366 15427 15587
 15258 15431 15470
 15278 15431 15473
 15429 15430 15648
 15242 15433 15435
 15417 15432 15609
 15260 15435 15457
 15432 15434 15629
 15244 15437 15439
 15419 15436 15613
 15246 15439 15459
 15436 15438 15631
 15289 15441 15509
 15358 15440 15579
 15312 15443 15532
 15382 15442 15599
 15294 15445 15534
 15360 15444 15601
 15252 15447 15492
 15362 15446 15583
 15296 15449 15514
 15411 15448 15621
 15274 15451 15516
 15386 15450 15605
 15298 15453 15518
 15415 15452 15625
 15300 15455 15520
 15390 15454 15627
 15262 15457 15479
 15434 15456 15652
 15264 15459 15461
 15438 15458 15633
 15266 15461 15483
 15458 15460 15656
 15332 15463 15552
 15401 15462 15615
 15314 15465 15536
 15384 15464 15603
 15336 15467 15554
 15405 15466 15617
 15318 15469 15540
 15413 15468 15623
 15429 15647 NaN
 15344 15562 NaN
 15280 15473 15475
 15430 15472 15650
 15282 15475 15477
 15472 15474 15674
 15302 15477 15498
 15474 15476 15676
 15284 15479 15481
 15456 15478 15654
 15306 15481 15502
 15478 15480 15678
 15286 15483 15485
 15460 15482 15658
 15288 15485 15506
 15482 15484 15680
 15359 15487 15580
 15421 15486 15635
 15334 15489 15582
 15403 15488 15637
 15363 15491 15584
 15407 15490 15641
 15409 15446 15619
 15340 15494 15558
 15425 15493 15643
 15316 15496 15538
 15427 15495 15645
 15304 15498 15500
 15476 15497 15694
 15320 15500 15522
 15497 15499 15696
 15308 15502 15504
 15480 15501 15698
 15324 15504 15526
 15501 15503 15700
 15310 15506 15508
 15484 15505 15682
 15328 15508 15528
 15505 15507 15702
 15440 15510 15660
 15383 15509 15600
 15361 15512 15602
 15423 15511 15639
 15365 15514 15586
 15448 15513 15666
 15338 15516 15556
 15450 15515 15668
 15369 15518 15590
 15452 15517 15670
 15342 15520 15560
 15454 15519 15672
 15322 15522 15524
 15499 15521 15716
 15346 15524 15542
 15521 15523 15718
 15326 15526 15544
 15503 15525 15720
 15330 15528 15530
 15507 15527 15704
 15352 15530 15548
 15527 15529 15724
 15402 15532 15616
 15442 15531 15684
 15385 15534 15604
 15444 15533 15662
 15406 15536 15618
 15464 15535 15688
 15389 15538 15608
 15495 15537 15714
 15367 15540 15588
 15468 15539 15690
 15348 15542 15564
 15523 15541 15740
 15350 15544 15546
 15525 15543 15722
 15373 15546 15568
 15543 15545 15744
 15354 15548 15550
 15529 15547 15726
 15377 15550 15570
 15547 15549 15746
 15404 15552 15638
 15462 15551 15686
 15408 15554 15642
 15466 15553 15708
 15412 15556 15622
 15515 15555 15734
 15387 15558 15606
 15493 15557 15712
 15416 15560 15626
 15519 15559 15738
 15391 15562 15628
 15471 15561 15693
 15371 15564 15566
 15541 15563 15742
 15393 15566 15592
 15563 15565 15762
 15375 15568 15596
 15545 15567 15766
 15379 15570 15572
 15549 15569 15748
 15381 15572 15574
 15569 15571 15770
 15400 15574 15576
 15571 15573 15772
 15357 15576 15578
 15573 15575 15792
 15422 15578 15636
 15575 15577 15794
 15441 15580 15661
 15486 15579 15728
 15424 15582 15640
 15488 15581 15706
 15447 15584 15664
 15490 15583 15710
 15410 15586 15620
 15513 15585 15732
 15428 15588 15646
 15539 15587 15758
 15414 15590 15624
 15517 15589 15736
 15395 15592 15594
 15565 15591 15764
 15418 15594 15610
 15591 15593 15786
 15397 15596 15598
 15567 15595 15768
 15399 15598 15612
 15595 15597 15788
 15443 15600 15685
 15510 15599 15751
 15445 15602 15663
 15511 15601 15730
 15465 15604 15689
 15533 15603 15754
 15451 15606 15669
 15557 15605 15782
 15426 15608 15644
 15537 15607 15756
 15433 15610 15630
 15593 15609 15809
 15420 15612 15614
 15597 15611 15790
 15437 15614 15632
 15611 15613 15813
 15463 15616 15687
 15531 15615 15752
 15467 15618 15709
 15535 15617 15776
 15492 15620 15665
 15585 15619 15803
 15449 15622 15667
 15555 15621 15780
 15469 15624 15691
 15589 15623 15807
 15453 15626 15671
 15559 15625 15784
 15455 15628 15673
 15561 15627 15760
 15435 15630 15653
 15609 15629 15811
 15439 15632 15634
 15613 15631 15825
 15459 15634 15657
 15631 15633 15827
 15487 15636 15729
 15577 15635 15796
 15489 15638 15707
 15551 15637 15774
 15512 15640 15731
 15581 15639 15799
 15491 15642 15711
 15553 15641 15778
 15494 15644 15713
 15607 15643 15821
 15496 15646 15715
 15587 15645 15805
 15470 15649 NaN
 15431 15649 15651
 15647 15648 15846
 15473 15651 15675
 15648 15650 15845
 15457 15653 15655
 15629 15652 15823
 15479 15655 15679
 15652 15654 15850
 15461 15657 15659
 15633 15656 15852
 15483 15659 15681
 15656 15658 15854
 15509 15661 15750
 15579 15660 15797
 15534 15663 15755
 15601 15662 15817
 15583 15665 15801
 15619 15664 15835
 15514 15667 15733
 15621 15666 15837
 15516 15669 15735
 15605 15668 15819
 15518 15671 15737
 15625 15670 15841
 15520 15673 15739
 15627 15672 15843
 15475 15675 15677
 15650 15674 15848
 15477 15677 15695
 15674 15676 15868
 15481 15679 15699
 15654 15678 15872
 15485 15681 15683
 15658 15680 15876
 15506 15683 15703
 15680 15682 15878
 15532 15685 15753
 15599 15684 15815
 15552 15687 15775
 15615 15686 15829
 15536 15689 15777
 15603 15688 15831
 15540 15691 15759
 15623 15690 15839
 15693 15866 NaN
 15562 15692 15761
 15498 15695 15697
 15676 15694 15870
 15500 15697 15717
 15694 15696 15896
 15502 15699 15701
 15678 15698 15874
 15504 15701 15721
 15698 15700 15900
 15508 15703 15705
 15682 15702 15902
 15528 15705 15725
 15702 15704 15904
 15582 15707 15800
 15637 15706 15858
 15554 15709 15779
 15617 15708 15833
 15584 15711 15802
 15641 15710 15860
 15558 15713 15783
 15643 15712 15862
 15538 15715 15757
 15645 15714 15864
 15522 15717 15719
 15696 15716 15898
 15524 15719 15741
 15716 15718 15913
 15526 15721 15723
 15700 15720 15917
 15544 15723 15745
 15720 15722 15919
 15530 15725 15727
 15704 15724 15921
 15548 15727 15747
 15724 15726 15923
 15580 15729 15798
 15635 15728 15856
 15602 15731 15818
 15639 15730 15882
 15586 15733 15804
 15666 15732 15888
 15556 15735 15781
 15668 15734 15890
 15590 15737 15808
 15670 15736 15892
 15560 15739 15785
 15672 15738 15894
 15542 15741 15743
 15718 15740 15915
 15564 15743 15763
 15740 15742 15935
 15546 15745 15767
 15722 15744 15939
 15550 15747 15749
 15726 15746 15943
 15570 15749 15771
 15746 15748 15945
 15660 15751 15880
 15600 15750 15816
 15616 15753 15830
 15684 15752 15906
 15604 15755 15832
 15662 15754 15884
 15608 15757 15822
 15714 15756 15931
 15588 15759 15806
 15690 15758 15910
 15628 15761 15844
 15693 15760 15912
 15566 15763 15765
 15742 15762 15937
 15592 15765 15787
 15762 15764 15963
 15568 15767 15769
 15744 15766 15941
 15596 15769 15789
 15766 15768 15965
 15572 15771 15773
 15748 15770 15947
 15574 15773 15793
 15770 15772 15967
 15638 15775 15859
 15686 15774 15925
 15618 15777 15834
 15688 15776 15908
 15642 15779 15861
 15708 15778 15927
 15622 15781 15838
 15734 15780 15959
 15606 15783 15820
 15712 15782 15929
 15626 15785 15842
 15738 15784 15933
 15594 15787 15810
 15764 15786 15979
 15598 15789 15791
 15768 15788 15983
 15612 15791 15814
 15788 15790 15985
 15576 15793 15795
 15772 15792 15969
 15578 15795 15796
 15792 15794 15987
 15636 15794 15857
 15661 15798 15881
 15728 15797 15949
 15640 15800 15883
 15706 15799 15951
 15664 15802 15886
 15710 15801 15955
 15620 15804 15836
 15732 15803 15957
 15646 15806 15865
 15758 15805 15977
 15624 15808 15840
 15736 15807 15961
 15610 15810 15812
 15786 15809 15981
 15630 15812 15824
 15809 15811 16003
 15614 15814 15826
 15790 15813 16005
 15685 15816 15907
 15751 15815 15972
 15663 15818 15885
 15730 15817 15953
 15669 15820 15891
 15782 15819 15999
 15644 15822 15863
 15756 15821 15975
 15653 15824 15851
 15811 15823 16021
 15632 15826 15828
 15813 15825 16007
 15634 15828 15853
 15825 15827 16025
 15687 15830 15926
 15752 15829 15991
 15689 15832 15909
 15754 15831 15973
 15709 15834 15928
 15776 15833 15995
 15665 15836 15887
 15803 15835 16015
 15667 15838 15889
 15780 15837 15997
 15691 15840 15911
 15807 15839 16019
 15671 15842 15893
 15784 15841 16001
 15673 15844 15895
 15760 15843 16037
 15651 15847 15849
 15649 15847 15867
 15845 15846 16041
 15675 15849 15869
 15845 15848 16043
 15655 15851 15873
 15823 15850 16023
 15657 15853 15855
 15827 15852 16027
 15659 15855 15877
 15852 15854 16047
 15729 15857 15950
 15796 15856 15989
 15707 15859 15952
 15774 15858 15993
 15711 15861 15956
 15778 15860 16011
 15713 15863 15930
 15821 15862 16035
 15715 15865 15932
 15805 15864 16017
 15692 15912 NaN
 15846 16040 NaN
 15677 15869 15871
 15848 15868 16069
 15695 15871 15897
 15868 15870 16071
 15679 15873 15875
 15850 15872 16045
 15699 15875 15901
 15872 15874 16075
 15681 15877 15879
 15854 15876 16049
 15683 15879 15903
 15876 15878 16077
 15750 15881 15971
 15797 15880 16029
 15731 15883 15954
 15799 15882 16009
 15755 15885 15974
 15817 15884 16031
 15801 15887 16013
 15835 15886 16059
 15733 15889 15958
 15837 15888 16061
 15735 15891 15960
 15819 15890 16033
 15737 15893 15962
 15841 15892 16065
 15739 15895 15934
 15843 15894 16067
 15697 15897 15899
 15870 15896 16073
 15717 15899 15914
 15896 15898 16090
 15701 15901 15918
 15874 15900 16094
 15703 15903 15905
 15878 15902 16079
 15705 15905 15922
 15902 15904 16098
 15753 15907 15992
 15815 15906 16051
 15777 15909 15996
 15831 15908 16055
 15759 15911 15978
 15839 15910 16063
 15761 15866 16038
 15719 15914 15916
 15898 15913 16092
 15741 15916 15936
 15913 15915 16115
 15721 15918 15920
 15900 15917 16096
 15723 15920 15940
 15917 15919 16119
 15725 15922 15924
 15904 15921 16100
 15727 15924 15944
 15921 15923 16121
 15775 15926 15994
 15829 15925 16053
 15779 15928 16012
 15833 15927 16057
 15783 15930 16000
 15862 15929 16085
 15757 15932 15976
 15864 15931 16087
 15785 15934 16002
 15894 15933 16113
 15743 15936 15938
 15915 15935 16117
 15763 15938 15964
 15935 15937 16135
 15745 15940 15942
 15919 15939 16137
 15767 15942 15966
 15939 15941 16139
 15747 15944 15946
 15923 15943 16123
 15749 15946 15948
 15943 15945 16141
 15771 15948 15968
 15945 15947 16143
 15798 15950 16030
 15856 15949 16102
 15800 15952 16010
 15858 15951 16081
 15818 15954 16032
 15882 15953 16106
 15802 15956 16014
 15860 15955 16083
 15804 15958 16016
 15888 15957 16131
 15781 15960 15998
 15890 15959 16109
 15808 15962 16020
 15892 15961 16111
 15765 15964 15980
 15937 15963 16157
 15769 15966 15984
 15941 15965 16161
 15773 15968 15970
 15947 15967 16145
 15793 15970 15988
 15967 15969 16165
 15880 15972 16104
 15816 15971 16052
 15832 15974 16056
 15884 15973 16127
 15822 15976 16036
 15931 15975 16153
 15806 15978 16018
 15910 15977 16133
 15787 15980 15982
 15963 15979 16159
 15810 15982 16004
 15979 15981 16183
 15789 15984 15986
 15965 15983 16163
 15791 15986 16006
 15983 15985 16185
 15795 15988 15990
 15969 15987 16167
 15857 15990 16103
 15987 15989 16169
 15830 15992 16054
 15906 15991 16125
 15859 15994 16082
 15925 15993 16147
 15834 15996 16058
 15908 15995 16129
 15838 15998 16062
 15959 15997 16179
 15820 16000 16034
 15929 15999 16151
 15842 16002 16066
 15933 16001 16155
 15812 16004 16022
 15981 16003 16199
 15814 16006 16008
 15985 16005 16187
 15826 16008 16026
 16005 16007 16203
 15883 16010 16107
 15951 16009 16173
 15861 16012 16084
 15927 16011 16149
 15886 16014 16108
 15955 16013 16175
 15836 16016 16060
 15957 16015 16177
 15865 16018 16088
 15977 16017 16197
 15840 16020 16064
 15961 16019 16181
 15824 16022 16024
 16003 16021 16201
 15851 16024 16046
 16021 16023 16217
 15828 16026 16028
 16007 16025 16219
 15853 16028 16048
 16025 16027 16221
 15881 16030 16105
 15949 16029 16171
 15885 16032 16128
 15953 16031 16191
 15891 16034 16110
 15999 16033 16213
 15863 16036 16086
 15975 16035 16195
 15844 16039 16068
 15912 16039 16089
 16037 16038 16235
 15867 16042 NaN
 15847 16042 16044
 16040 16041 16240
 15849 16044 16070
 16041 16043 16241
 15873 16046 16076
 16023 16045 16243
 15855 16048 16050
 16027 16047 16245
 15877 16050 16078
 16047 16049 16247
 15907 16052 16126
 15972 16051 16189
 15926 16054 16148
 15991 16053 16207
 15909 16056 16130
 15973 16055 16193
 15928 16058 16150
 15995 16057 16209
 15887 16060 16108
 16015 16059 16229
 15889 16062 16132
 15997 16061 16211
 15911 16064 16134
 16019 16063 16233
 15893 16066 16112
 16001 16065 16215
 15895 16068 16114
 16037 16067 16236
 15869 16070 16072
 16043 16069 16260
 15871 16072 16074
 16069 16071 16262
 15897 16074 16091
 16071 16073 16264
 15875 16076 16095
 16045 16075 16266
 15879 16078 16080
 16049 16077 16270
 15903 16080 16099
 16077 16079 16272
 15952 16082 16174
 15993 16081 16223
 15956 16084 16176
 16011 16083 16227
 15930 16086 16152
 16035 16085 16257
 15932 16088 16154
 16017 16087 16231
 16038 16238 NaN
 15899 16091 16093
 16073 16090 16286
 15914 16093 16116
 16090 16092 16288
 15901 16095 16097
 16075 16094 16268
 15918 16097 16120
 16094 16096 16292
 15905 16099 16101
 16079 16098 16294
 15922 16101 16122
 16098 16100 16296
 15950 16103 16172
 15989 16102 16205
 15971 16105 16190
 16029 16104 16249
 15954 16107 16192
 16009 16106 16225
 16013 16059 16253
 15960 16110 16180
 16033 16109 16255
 15962 16112 16182
 16065 16111 16282
 15934 16114 16156
 16067 16113 16284
 15916 16116 16118
 16092 16115 16290
 15936 16118 16136
 16115 16117 16316
 15920 16120 16138
 16096 16119 16318
 15924 16122 16124
 16100 16121 16298
 15944 16124 16142
 16121 16123 16322
 15992 16126 16208
 16051 16125 16274
 15974 16128 16194
 16031 16127 16251
 15996 16130 16210
 16055 16129 16276
 15958 16132 16178
 16061 16131 16278
 15978 16134 16198
 16063 16133 16280
 15938 16136 16158
 16117 16135 16334
 15940 16138 16140
 16119 16137 16320
 15942 16140 16162
 16137 16139 16338
 15946 16142 16144
 16123 16141 16324
 15948 16144 16146
 16141 16143 16342
 15968 16146 16166
 16143 16145 16344
 15994 16148 16224
 16053 16147 16300
 16012 16150 16228
 16057 16149 16304
 16000 16152 16214
 16085 16151 16310
 15976 16154 16196
 16087 16153 16312
 16002 16156 16216
 16113 16155 16314
 15964 16158 16160
 16135 16157 16336
 15980 16160 16184
 16157 16159 16356
 15966 16162 16164
 16139 16161 16340
 15984 16164 16186
 16161 16163 16358
 15970 16166 16168
 16145 16165 16360
 15988 16168 16170
 16165 16167 16362
 15990 16170 16206
 16167 16169 16364
 16030 16172 16250
 16102 16171 16326
 16010 16174 16226
 16081 16173 16302
 16014 16176 16254
 16083 16175 16306
 16016 16178 16230
 16131 16177 16352
 15998 16180 16212
 16109 16179 16330
 16020 16182 16234
 16111 16181 16332
 15982 16184 16200
 16159 16183 16378
 15986 16186 16188
 16163 16185 16382
 16006 16188 16204
 16185 16187 16384
 16052 16190 16275
 16104 16189 16347
 16032 16192 16252
 16106 16191 16328
 16056 16194 16277
 16127 16193 16350
 16036 16196 16258
 16153 16195 16374
 16018 16198 16232
 16133 16197 16354
 16004 16200 16202
 16183 16199 16380
 16022 16202 16218
 16199 16201 16398
 16008 16204 16220
 16187 16203 16400
 16103 16206 16327
 16169 16205 16386
 16054 16208 16301
 16125 16207 16348
 16058 16210 16305
 16129 16209 16368
 16062 16212 16279
 16179 16211 16394
 16034 16214 16256
 16151 16213 16372
 16066 16216 16283
 16155 16215 16376
 16024 16218 16244
 16201 16217 16414
 16026 16220 16222
 16203 16219 16402
 16028 16222 16246
 16219 16221 16418
 16082 16224 16303
 16147 16223 16366
 16107 16226 16329
 16173 16225 16388
 16084 16228 16307
 16149 16227 16370
 16060 16230 16308
 16177 16229 16392
 16088 16232 16313
 16197 16231 16412
 16064 16234 16281
 16181 16233 16396
 16039 16237 16259
 16068 16237 16285
 16235 16236 16457
 16089 16259 NaN
 16240 16434 NaN
 16042 16239 16242
 16044 16242 16261
 16240 16241 16435
 16046 16244 16267
 16217 16243 16416
 16048 16246 16248
 16221 16245 16420
 16050 16248 16271
 16245 16247 16441
 16105 16250 16346
 16171 16249 16404
 16128 16252 16351
 16191 16251 16408
 16108 16254 16309
 16175 16253 16390
 16110 16256 16331
 16213 16255 16430
 16086 16258 16311
 16195 16257 16410
 16235 16238 16460
 16070 16261 16263
 16241 16260 16437
 16072 16263 16265
 16260 16262 16463
 16074 16265 16287
 16262 16264 16465
 16076 16267 16269
 16243 16266 16439
 16095 16269 16293
 16266 16268 16469
 16078 16271 16273
 16247 16270 16443
 16080 16273 16295
 16270 16272 16471
 16126 16275 16349
 16189 16274 16406
 16130 16277 16369
 16193 16276 16424
 16132 16279 16353
 16211 16278 16428
 16134 16281 16355
 16233 16280 16455
 16112 16283 16333
 16215 16282 16432
 16114 16285 16315
 16236 16284 16458
 16091 16287 16289
 16264 16286 16467
 16093 16289 16291
 16286 16288 16487
 16116 16291 16317
 16288 16290 16489
 16097 16293 16319
 16268 16292 16491
 16099 16295 16297
 16272 16294 16473
 16101 16297 16299
 16294 16296 16495
 16122 16299 16323
 16296 16298 16497
 16148 16301 16367
 16207 16300 16422
 16174 16303 16389
 16223 16302 16447
 16150 16305 16371
 16209 16304 16426
 16176 16307 16391
 16227 16306 16449
 16229 16309 16451
 16253 16308 16479
 16152 16311 16373
 16257 16310 16483
 16154 16313 16375
 16231 16312 16453
 16156 16315 16377
 16284 16314 16485
 16118 16317 16335
 16290 16316 16512
 16120 16319 16321
 16292 16318 16493
 16138 16321 16339
 16318 16320 16516
 16124 16323 16325
 16298 16322 16518
 16142 16325 16343
 16322 16324 16520
 16172 16327 16405
 16205 16326 16445
 16192 16329 16409
 16225 16328 16477
 16180 16331 16395
 16255 16330 16481
 16182 16333 16397
 16282 16332 16509
 16136 16335 16337
 16316 16334 16514
 16158 16337 16357
 16334 16336 16531
 16140 16339 16341
 16320 16338 16535
 16162 16341 16359
 16338 16340 16537
 16144 16343 16345
 16324 16342 16539
 16146 16345 16361
 16342 16344 16541
 16249 16347 16475
 16190 16346 16407
 16208 16349 16423
 16274 16348 16499
 16194 16351 16425
 16251 16350 16501
 16178 16353 16393
 16278 16352 16505
 16198 16355 16413
 16280 16354 16507
 16160 16357 16379
 16336 16356 16533
 16164 16359 16383
 16340 16358 16559
 16166 16361 16363
 16344 16360 16543
 16168 16363 16365
 16360 16362 16563
 16170 16365 16387
 16362 16364 16565
 16224 16367 16448
 16300 16366 16522
 16210 16369 16427
 16276 16368 16503
 16228 16371 16450
 16304 16370 16524
 16214 16373 16431
 16310 16372 16527
 16196 16375 16411
 16312 16374 16529
 16216 16377 16433
 16314 16376 16511
 16184 16379 16381
 16356 16378 16557
 16200 16381 16399
 16378 16380 16577
 16186 16383 16385
 16358 16382 16561
 16188 16385 16401
 16382 16384 16579
 16206 16387 16446
 16364 16386 16567
 16226 16389 16478
 16302 16388 16547
 16254 16391 16480
 16306 16390 16551
 16230 16393 16452
 16352 16392 16573
 16212 16395 16429
 16330 16394 16553
 16234 16397 16456
 16332 16396 16555
 16202 16399 16415
 16380 16398 16594
 16204 16401 16403
 16384 16400 16581
 16220 16403 16419
 16400 16402 16598
 16250 16405 16476
 16326 16404 16545
 16275 16407 16500
 16347 16406 16570
 16252 16409 16502
 16328 16408 16549
 16258 16411 16484
 16374 16410 16592
 16232 16413 16454
 16354 16412 16575
 16218 16415 16417
 16398 16414 16596
 16244 16417 16440
 16414 16416 16612
 16222 16419 16421
 16402 16418 16614
 16246 16421 16442
 16418 16420 16616
 16301 16423 16523
 16348 16422 16584
 16277 16425 16504
 16350 16424 16571
 16305 16427 16525
 16368 16426 16588
 16279 16429 16506
 16394 16428 16608
 16256 16431 16482
 16372 16430 16590
 16283 16433 16510
 16376 16432 16626
 16239 16436 NaN
 16242 16436 16438
 16434 16435 16631
 16261 16438 16464
 16435 16437 16632
 16267 16440 16470
 16416 16439 16634
 16248 16442 16444
 16420 16441 16636
 16271 16444 16472
 16441 16443 16638
 16327 16446 16546
 16386 16445 16583
 16303 16448 16548
 16366 16447 16586
 16307 16450 16552
 16370 16449 16602
 16308 16452 16526
 16392 16451 16606
 16313 16454 16530
 16412 16453 16624
 16281 16456 16508
 16396 16455 16610
 16237 16459 16461
 16285 16459 16486
 16457 16458 16653
 16259 16461 16462
 16457 16460 16652
 16460 16629 NaN
 16263 16464 16466
 16437 16463 16656
 16265 16466 16468
 16463 16465 16658
 16287 16468 16488
 16465 16467 16660
 16269 16470 16492
 16439 16469 16664
 16273 16472 16474
 16443 16471 16668
 16295 16474 16496
 16471 16473 16670
 16346 16476 16569
 16404 16475 16618
 16329 16478 16550
 16388 16477 16600
 16309 16480 16526
 16390 16479 16604
 16331 16482 16554
 16430 16481 16648
 16311 16484 16528
 16410 16483 16622
 16315 16486 16511
 16458 16485 16686
 16289 16488 16490
 16467 16487 16662
 16291 16490 16513
 16487 16489 16689
 16293 16492 16494
 16469 16491 16666
 16319 16494 16517
 16491 16493 16693
 16297 16496 16498
 16473 16495 16672
 16299 16498 16519
 16495 16497 16695
 16349 16500 16585
 16406 16499 16640
 16351 16502 16572
 16408 16501 16620
 16369 16504 16589
 16424 16503 16644
 16353 16506 16574
 16428 16505 16646
 16355 16508 16576
 16455 16507 16684
 16333 16510 16556
 16432 16509 16650
 16377 16485 16627
 16317 16513 16515
 16489 16512 16691
 16335 16515 16532
 16512 16514 16710
 16321 16517 16536
 16493 16516 16714
 16323 16519 16521
 16497 16518 16697
 16325 16521 16540
 16518 16520 16718
 16367 16523 16587
 16422 16522 16642
 16371 16525 16603
 16426 16524 16676
 16451 16479 16680
 16373 16528 16591
 16483 16527 16706
 16375 16530 16593
 16453 16529 16682
 16337 16532 16534
 16514 16531 16712
 16357 16534 16558
 16531 16533 16732
 16339 16536 16538
 16516 16535 16716
 16341 16538 16560
 16535 16537 16734
 16343 16540 16542
 16520 16539 16720
 16345 16542 16544
 16539 16541 16736
 16361 16544 16564
 16541 16543 16738
 16405 16546 16619
 16445 16545 16700
 16389 16548 16601
 16447 16547 16674
 16409 16550 16621
 16477 16549 16702
 16391 16552 16605
 16449 16551 16678
 16395 16554 16609
 16481 16553 16704
 16397 16556 16611
 16509 16555 16708
 16379 16558 16578
 16533 16557 16752
 16359 16560 16562
 16537 16559 16754
 16383 16562 16580
 16559 16561 16756
 16363 16564 16566
 16543 16563 16758
 16365 16566 16568
 16563 16565 16760
 16387 16568 16583
 16565 16567 16762
 16475 16570 16722
 16407 16569 16641
 16425 16572 16645
 16501 16571 16726
 16393 16574 16607
 16505 16573 16730
 16413 16576 16625
 16507 16575 16750
 16381 16578 16595
 16557 16577 16775
 16385 16580 16582
 16561 16579 16779
 16401 16582 16599
 16579 16581 16781
 16446 16567 16699
 16423 16585 16643
 16499 16584 16724
 16448 16587 16675
 16522 16586 16740
 16427 16589 16677
 16503 16588 16742
 16431 16591 16649
 16527 16590 16746
 16411 16593 16623
 16529 16592 16748
 16399 16595 16597
 16577 16594 16777
 16415 16597 16613
 16594 16596 16789
 16403 16599 16615
 16581 16598 16791
 16478 16601 16703
 16547 16600 16767
 16450 16603 16679
 16524 16602 16744
 16480 16605 16728
 16551 16604 16769
 16452 16607 16681
 16573 16606 16787
 16429 16609 16647
 16553 16608 16771
 16456 16611 16685
 16555 16610 16773
 16417 16613 16635
 16596 16612 16807
 16419 16615 16617
 16598 16614 16793
 16421 16617 16637
 16614 16616 16811
 16476 16619 16723
 16545 16618 16765
 16502 16621 16727
 16549 16620 16785
 16484 16623 16707
 16592 16622 16803
 16454 16625 16683
 16575 16624 16805
 16433 16628 16651
 16511 16628 16687
 16626 16627 16844
 16462 16655 NaN
 16631 16829 NaN
 16436 16630 16633
 16438 16633 16657
 16631 16632 16830
 16440 16635 16665
 16612 16634 16809
 16442 16637 16639
 16616 16636 16813
 16444 16639 16669
 16636 16638 16834
 16500 16641 16725
 16570 16640 16784
 16523 16643 16741
 16584 16642 16795
 16504 16645 16743
 16571 16644 16797
 16506 16647 16731
 16608 16646 16825
 16482 16649 16705
 16590 16648 16801
 16510 16651 16709
 16626 16650 16845
 16461 16654 16655
 16459 16654 16688
 16652 16653 16849
 16629 16652 16852
 16464 16657 16659
 16632 16656 16855
 16466 16659 16661
 16656 16658 16857
 16468 16661 16663
 16658 16660 16859
 16488 16663 16690
 16660 16662 16861
 16470 16665 16667
 16634 16664 16832
 16492 16667 16694
 16664 16666 16865
 16472 16669 16671
 16638 16668 16836
 16474 16671 16673
 16668 16670 16867
 16496 16673 16696
 16670 16672 16869
 16548 16675 16768
 16586 16674 16815
 16525 16677 16745
 16588 16676 16799
 16552 16679 16770
 16602 16678 16819
 16526 16681 16729
 16606 16680 16823
 16530 16683 16749
 16624 16682 16842
 16508 16685 16751
 16610 16684 16827
 16486 16687 16688
 16627 16686 16847
 16653 16686 16850
 16490 16690 16692
 16662 16689 16863
 16513 16692 16711
 16689 16691 16884
 16494 16694 16715
 16666 16693 16888
 16498 16696 16698
 16672 16695 16892
 16519 16698 16719
 16695 16697 16894
 16583 16701 16764
 16546 16701 16766
 16699 16700 16919
 16550 16703 16786
 16600 16702 16817
 16554 16705 16772
 16648 16704 16879
 16528 16707 16747
 16622 16706 16840
 16556 16709 16774
 16650 16708 16881
 16515 16711 16713
 16691 16710 16886
 16532 16713 16733
 16710 16712 16909
 16517 16715 16717
 16693 16714 16890
 16536 16717 16735
 16714 16716 16911
 16521 16719 16721
 16697 16718 16913
 16540 16721 16737
 16718 16720 16915
 16569 16723 16783
 16618 16722 16838
 16585 16725 16796
 16640 16724 16871
 16572 16727 16798
 16620 16726 16873
 16604 16729 16821
 16680 16728 16902
 16574 16731 16788
 16646 16730 16877
 16534 16733 16753
 16712 16732 16929
 16538 16735 16755
 16716 16734 16933
 16542 16737 16739
 16720 16736 16917
 16544 16739 16759
 16736 16738 16937
 16587 16741 16816
 16642 16740 16896
 16589 16743 16800
 16644 16742 16875
 16603 16745 16820
 16676 16744 16900
 16591 16747 16802
 16706 16746 16927
 16593 16749 16804
 16682 16748 16904
 16576 16751 16806
 16684 16750 16906
 16558 16753 16776
 16732 16752 16931
 16560 16755 16757
 16734 16754 16935
 16562 16757 16780
 16754 16756 16953
 16564 16759 16761
 16738 16758 16939
 16566 16761 16763
 16758 16760 16957
 16568 16763 16764
 16760 16762 16959
 16699 16762 16941
 16619 16766 16839
 16700 16765 16920
 16601 16768 16818
 16674 16767 16898
 16605 16770 16822
 16678 16769 16923
 16609 16772 16826
 16704 16771 16925
 16611 16774 16828
 16708 16773 16908
 16578 16776 16778
 16752 16775 16951
 16595 16778 16790
 16775 16777 16974
 16580 16780 16782
 16756 16779 16955
 16582 16782 16792
 16779 16781 16976
 16722 16784 16943
 16641 16783 16872
 16621 16786 16874
 16702 16785 16921
 16607 16788 16824
 16730 16787 16949
 16597 16790 16808
 16777 16789 16988
 16599 16792 16794
 16781 16791 16978
 16615 16794 16812
 16791 16793 16992
 16643 16796 16897
 16724 16795 16962
 16645 16798 16876
 16726 16797 16945
 16677 16800 16901
 16742 16799 16966
 16649 16802 16880
 16746 16801 16968
 16623 16804 16841
 16748 16803 16970
 16625 16806 16843
 16750 16805 16972
 16613 16808 16810
 16789 16807 16990
 16635 16810 16833
 16807 16809 17000
 16617 16812 16814
 16793 16811 17002
 16637 16814 16835
 16811 16813 17004
 16675 16816 16899
 16740 16815 16964
 16703 16818 16922
 16767 16817 16980
 16679 16820 16924
 16744 16819 16982
 16728 16822 16947
 16769 16821 16984
 16681 16824 16903
 16787 16823 16998
 16647 16826 16878
 16771 16825 16986
 16685 16828 16907
 16773 16827 17019
 16630 16831 NaN
 16633 16831 16856
 16829 16830 17024
 16665 16833 16866
 16809 16832 17025
 16639 16835 16837
 16813 16834 17027
 16669 16837 16868
 16834 16836 17029
 16723 16839 16944
 16765 16838 17006
 16707 16841 16928
 16803 16840 17015
 16683 16843 16905
 16805 16842 17017
 16628 16846 16848
 16651 16846 16882
 16844 16845 17042
 16687 16848 16883
 16844 16847 17045
 16654 16851 16853
 16688 16851 16883
 16849 16850 17050
 16655 16853 16854
 16849 16852 17049
 16852 17022 NaN
 16657 16856 16858
 16830 16855 17053
 16659 16858 16860
 16855 16857 17055
 16661 16860 16862
 16857 16859 17057
 16663 16862 16864
 16859 16861 17059
 16690 16864 16885
 16861 16863 17061
 16667 16866 16889
 16832 16865 17063
 16671 16868 16870
 16836 16867 17067
 16673 16870 16893
 16867 16869 17069
 16725 16872 16963
 16784 16871 16995
 16727 16874 16946
 16785 16873 16996
 16743 16876 16967
 16797 16875 17011
 16731 16878 16950
 16825 16877 17038
 16705 16880 16926
 16801 16879 17013
 16709 16882 16908
 16845 16881 17043
 16847 16850 17047
 16692 16885 16887
 16863 16884 17085
 16711 16887 16910
 16884 16886 17087
 16694 16889 16891
 16865 16888 17065
 16715 16891 16912
 16888 16890 17089
 16696 16893 16895
 16869 16892 17071
 16698 16895 16914
 16892 16894 17091
 16741 16897 16965
 16795 16896 17009
 16768 16899 16981
 16815 16898 17031
 16745 16901 16983
 16799 16900 17033
 16729 16903 16948
 16823 16902 17077
 16749 16905 16971
 16842 16904 17081
 16751 16907 16973
 16827 16906 17040
 16774 16881 17020
 16713 16910 16930
 16886 16909 17103
 16717 16912 16934
 16890 16911 17107
 16719 16914 16916
 16894 16913 17093
 16721 16916 16918
 16913 16915 17111
 16737 16918 16938
 16915 16917 17113
 16701 16920 16942
 16766 16919 17007
 16786 16922 16997
 16817 16921 17075
 16770 16924 16985
 16819 16923 17035
 16772 16926 16987
 16879 16925 17099
 16747 16928 16969
 16840 16927 17079
 16733 16930 16932
 16909 16929 17105
 16753 16932 16952
 16929 16931 17133
 16735 16934 16936
 16911 16933 17109
 16755 16936 16954
 16933 16935 17137
 16739 16938 16940
 16917 16937 17115
 16759 16940 16958
 16937 16939 17139
 16764 16942 16961
 16919 16941 17117
 16783 16944 16994
 16838 16943 17073
 16798 16946 17012
 16873 16945 17097
 16821 16948 17037
 16902 16947 17127
 16788 16950 16999
 16877 16949 17129
 16776 16952 16975
 16931 16951 17135
 16757 16954 16956
 16935 16953 17147
 16780 16956 16977
 16953 16955 17149
 16761 16958 16960
 16939 16957 17151
 16763 16960 16961
 16957 16959 17154
 16941 16959 17153
 16796 16963 17010
 16871 16962 17095
 16816 16965 17032
 16896 16964 17119
 16800 16967 17034
 16875 16966 17123
 16802 16969 17014
 16927 16968 17145
 16804 16971 17016
 16904 16970 17131
 16806 16973 17018
 16906 16972 17101
 16778 16975 16989
 16951 16974 17163
 16782 16977 16979
 16955 16976 17167
 16792 16979 16993
 16976 16978 17169
 16818 16981 17076
 16898 16980 17121
 16820 16983 17036
 16900 16982 17125
 16822 16985 17037
 16923 16984 17141
 16826 16987 17039
 16925 16986 17143
 16790 16989 16991
 16974 16988 17165
 16808 16991 17001
 16988 16990 17184
 16794 16993 17003
 16978 16992 17186
 16943 16995 17157
 16872 16994 17096
 16874 16997 17098
 16921 16996 17159
 16824 16999 17078
 16949 16998 17161
 16810 17001 17026
 16990 17000 17201
 16812 17003 17005
 16992 17002 17188
 16814 17005 17028
 17002 17004 17205
 16839 17008 17074
 16920 17008 17118
 17006 17007 17222
 16897 17010 17120
 16962 17009 17172
 16876 17012 17124
 16945 17011 17176
 16880 17014 17100
 16968 17013 17182
 16841 17016 17080
 16970 17015 17196
 16843 17018 17082
 16972 17017 17198
 16828 17021 17041
 16908 17021 17083
 17019 17020 17235
 16854 17052 NaN
 17024 17250 NaN
 16831 17023 17054
 16833 17026 17064
 17000 17025 17203
 16835 17028 17030
 17004 17027 17207
 16837 17030 17068
 17027 17029 17217
 16899 17032 17122
 16964 17031 17174
 16901 17034 17126
 16966 17033 17178
 16924 17036 17142
 16982 17035 17192
 16947 16984 17180
 16878 17039 17130
 16986 17038 17194
 16907 17041 17102
 17019 17040 17236
 16846 17044 17046
 16882 17044 17083
 17042 17043 17241
 16848 17046 17048
 17042 17045 17240
 16883 17048 17084
 17045 17047 17243
 16853 17051 17052
 16851 17051 17084
 17049 17050 17245
 17022 17049 17248
 16856 17054 17056
 17024 17053 17251
 16858 17056 17058
 17053 17055 17253
 16860 17058 17060
 17055 17057 17255
 16862 17060 17062
 17057 17059 17257
 16864 17062 17086
 17059 17061 17259
 16866 17064 17066
 17025 17063 17215
 16889 17066 17090
 17063 17065 17263
 16868 17068 17070
 17029 17067 17219
 16870 17070 17072
 17067 17069 17265
 16893 17072 17092
 17069 17071 17267
 16944 17074 17158
 17006 17073 17221
 16922 17076 17160
 16980 17075 17190
 16903 17078 17128
 16998 17077 17213
 16928 17080 17146
 17015 17079 17231
 16905 17082 17132
 17017 17081 17233
 17020 17043 17238
 17047 17050 17246
 16885 17086 17088
 17061 17085 17261
 16887 17088 17104
 17085 17087 17283
 16891 17090 17108
 17065 17089 17287
 16895 17092 17094
 17071 17091 17291
 16914 17094 17112
 17091 17093 17293
 16963 17096 17173
 16995 17095 17300
 16946 17098 17177
 16996 17097 17209
 16926 17100 17144
 17013 17099 17229
 16973 17102 17199
 17040 17101 17278
 16910 17104 17106
 17087 17103 17285
 16930 17106 17134
 17103 17105 17309
 16912 17108 17110
 17089 17107 17289
 16934 17110 17138
 17107 17109 17313
 16916 17112 17114
 17093 17111 17295
 16918 17114 17116
 17111 17113 17315
 16938 17116 17140
 17113 17115 17317
 16942 17118 17156
 17007 17117 17297
 16965 17120 17175
 17009 17119 17225
 16981 17122 17191
 17031 17121 17269
 16967 17124 17179
 17011 17123 17227
 16983 17126 17193
 17033 17125 17271
 16948 17128 17181
 17077 17127 17304
 16950 17130 17162
 17038 17129 17275
 16971 17132 17197
 17081 17131 17277
 16932 17134 17136
 17105 17133 17311
 16952 17136 17164
 17133 17135 17312
 16936 17138 17148
 17109 17137 17328
 16940 17140 17152
 17115 17139 17319
 16985 17142 17211
 17035 17141 17273
 16987 17144 17195
 17099 17143 17326
 16969 17146 17183
 17079 17145 17306
 16954 17148 17150
 17137 17147 17330
 16956 17150 17168
 17147 17149 17348
 16958 17152 17171
 17139 17151 17332
 16961 17155 17156
 16960 17155 17171
 17153 17154 17352
 17117 17153 17321
 16994 17158 17299
 17073 17157 17224
 16997 17160 17210
 17075 17159 17302
 16999 17162 17214
 17129 17161 17342
 16975 17164 17166
 17135 17163 17346
 16989 17166 17185
 17163 17165 17364
 16977 17168 17170
 17149 17167 17350
 16979 17170 17187
 17167 17169 17366
 17151 17154 17370
 17010 17173 17226
 17095 17172 17323
 17032 17175 17270
 17119 17174 17354
 17012 17177 17228
 17097 17176 17324
 17034 17179 17272
 17123 17178 17336
 17037 17181 17212
 17127 17180 17340
 17014 17183 17230
 17145 17182 17361
 16991 17185 17202
 17165 17184 17363
 16993 17187 17189
 17169 17186 17368
 17003 17189 17206
 17186 17188 17382
 17076 17191 17303
 17121 17190 17334
 17036 17193 17274
 17125 17192 17338
 17039 17195 17276
 17143 17194 17359
 17016 17197 17232
 17131 17196 17393
 17018 17200 17234
 17101 17200 17308
 17198 17199 17433
 17001 17202 17204
 17184 17201 17380
 17026 17204 17216
 17201 17203 17398
 17005 17206 17208
 17188 17205 17400
 17028 17208 17218
 17205 17207 17402
 17098 17210 17325
 17159 17209 17377
 17141 17212 17357
 17180 17211 17378
 17078 17214 17305
 17161 17213 17389
 17064 17216 17264
 17203 17215 17412
 17030 17218 17220
 17207 17217 17404
 17068 17220 17266
 17217 17219 17414
 17074 17223 17224
 17008 17223 17298
 17221 17222 17418
 17158 17221 17375
 17120 17226 17355
 17172 17225 17420
 17124 17228 17337
 17176 17227 17385
 17100 17230 17327
 17182 17229 17391
 17080 17232 17307
 17196 17231 17410
 17082 17234 17277
 17198 17233 17431
 17021 17237 17239
 17041 17237 17279
 17235 17236 17435
 17083 17239 17280
 17235 17238 17438
 17046 17242 17244
 17044 17242 17280
 17240 17241 17442
 17048 17244 17281
 17240 17243 17444
 17051 17247 17249
 17084 17247 17281
 17245 17246 17484
 17052 17249 17282
 17245 17248 17486
 17023 17252 NaN
 17054 17252 17254
 17250 17251 17450
 17056 17254 17256
 17251 17253 17451
 17058 17256 17258
 17253 17255 17453
 17060 17258 17260
 17255 17257 17455
 17062 17260 17262
 17257 17259 17457
 17086 17262 17284
 17259 17261 17459
 17066 17264 17288
 17215 17263 17465
 17070 17266 17268
 17219 17265 17416
 17072 17268 17292
 17265 17267 17469
 17122 17270 17335
 17174 17269 17384
 17126 17272 17339
 17178 17271 17387
 17142 17274 17358
 17192 17273 17406
 17130 17276 17343
 17194 17275 17408
 17132 17233 17394
 17102 17279 17308
 17236 17278 17436
 17238 17241 17440
 17243 17246 17446
 17248 17448 NaN
 17088 17284 17286
 17261 17283 17461
 17104 17286 17310
 17283 17285 17463
 17090 17288 17290
 17263 17287 17467
 17108 17290 17314
 17287 17289 17489
 17092 17292 17294
 17267 17291 17471
 17094 17294 17296
 17291 17293 17491
 17112 17296 17316
 17293 17295 17493
 17118 17298 17322
 17222 17297 17473
 17157 17301 17374
 17096 17301 17323
 17299 17300 17520
 17160 17303 17376
 17190 17302 17423
 17128 17305 17341
 17213 17304 17427
 17146 17307 17362
 17231 17306 17429
 17199 17278 17481
 17106 17310 17344
 17285 17309 17464
 17134 17312 17345
 17136 17311 17347
 17110 17314 17329
 17289 17313 17507
 17114 17316 17318
 17295 17315 17509
 17116 17318 17320
 17315 17317 17511
 17140 17320 17333
 17317 17319 17513
 17156 17322 17353
 17297 17321 17518
 17173 17300 17421
 17177 17325 17386
 17209 17324 17522
 17144 17327 17360
 17229 17326 17479
 17138 17329 17331
 17313 17328 17529
 17148 17331 17349
 17328 17330 17531
 17152 17333 17371
 17319 17332 17515
 17191 17335 17424
 17269 17334 17535
 17179 17337 17388
 17227 17336 17477
 17193 17339 17407
 17271 17338 17495
 17181 17341 17379
 17304 17340 17525
 17162 17343 17390
 17275 17342 17499
 17309 17345 17503
 17311 17344 17506
 17164 17347 17396
 17312 17346 17505
 17150 17349 17351
 17330 17348 17542
 17168 17351 17367
 17348 17350 17544
 17155 17353 17373
 17321 17352 17533
 17175 17356 17384
 17225 17356 17475
 17354 17355 17578
 17211 17358 17426
 17273 17357 17497
 17195 17360 17409
 17326 17359 17540
 17183 17362 17392
 17306 17361 17527
 17185 17365 17381
 17166 17365 17397
 17363 17364 17558
 17170 17367 17369
 17350 17366 17562
 17187 17369 17383
 17366 17368 17564
 17171 17372 17373
 17332 17372 17517
 17370 17371 17574
 17352 17370 17546
 17299 17375 17548
 17224 17374 17419
 17302 17377 17476
 17210 17376 17523
 17212 17379 17426
 17340 17378 17552
 17202 17381 17399
 17363 17380 17560
 17189 17383 17401
 17368 17382 17570
 17270 17354 17536
 17228 17386 17478
 17324 17385 17539
 17272 17388 17496
 17336 17387 17582
 17214 17390 17428
 17342 17389 17554
 17230 17392 17480
 17361 17391 17568
 17197 17395 17411
 17277 17395 17432
 17393 17394 17602
 17346 17397 17556
 17364 17396 17559
 17204 17399 17413
 17380 17398 17561
 17206 17401 17403
 17382 17400 17572
 17208 17403 17405
 17400 17402 17589
 17218 17405 17415
 17402 17404 17591
 17274 17407 17498
 17338 17406 17550
 17276 17409 17500
 17359 17408 17566
 17232 17411 17430
 17393 17410 17603
 17216 17413 17466
 17398 17412 17609
 17220 17415 17417
 17404 17414 17611
 17266 17417 17470
 17414 17416 17613
 17223 17419 17474
 17375 17418 17577
 17226 17422 17475
 17323 17422 17521
 17420 17421 17667
 17303 17425 17476
 17334 17425 17538
 17423 17424 17669
 17357 17378 17585
 17305 17428 17526
 17389 17427 17598
 17307 17430 17528
 17410 17429 17619
 17234 17432 17434
 17394 17431 17605
 17200 17434 17482
 17431 17433 17621
 17237 17437 17439
 17279 17437 17483
 17435 17436 17626
 17239 17439 17441
 17435 17438 17625
 17280 17441 17443
 17438 17440 17628
 17242 17443 17445
 17440 17442 17630
 17244 17445 17447
 17442 17444 17632
 17281 17447 17485
 17444 17446 17634
 17282 17488 NaN
 17450 17638 NaN
 17252 17449 17452
 17254 17452 17454
 17450 17451 17639
 17256 17454 17456
 17451 17453 17641
 17258 17456 17458
 17453 17455 17643
 17260 17458 17460
 17455 17457 17645
 17262 17460 17462
 17457 17459 17647
 17284 17462 17501
 17459 17461 17649
 17286 17464 17502
 17310 17463 17504
 17264 17466 17468
 17412 17465 17655
 17288 17468 17490
 17465 17467 17654
 17268 17470 17472
 17416 17469 17659
 17292 17472 17492
 17469 17471 17661
 17298 17474 17519
 17418 17473 17615
 17355 17420 17593
 17376 17423 17580
 17337 17478 17583
 17385 17477 17700
 17327 17480 17541
 17391 17479 17600
 17308 17482 17483
 17433 17481 17623
 17436 17481 17678
 17247 17485 17487
 17446 17484 17636
 17249 17487 17488
 17484 17486 17681
 17448 17486 17683
 17290 17490 17508
 17467 17489 17657
 17294 17492 17494
 17471 17491 17692
 17296 17494 17510
 17491 17493 17694
 17339 17496 17551
 17387 17495 17595
 17358 17498 17596
 17406 17497 17671
 17343 17500 17555
 17408 17499 17617
 17461 17502 17651
 17463 17501 17653
 17344 17504 17588
 17464 17503 17652
 17347 17506 17557
 17345 17505 17587
 17314 17508 17530
 17489 17507 17690
 17316 17510 17512
 17493 17509 17709
 17318 17512 17514
 17509 17511 17711
 17320 17514 17516
 17511 17513 17713
 17333 17516 17517
 17513 17515 17715
 17371 17515 17663
 17322 17519 17534
 17473 17518 17665
 17301 17521 17549
 17421 17520 17696
 17325 17524 17539
 17377 17524 17581
 17522 17523 17734
 17341 17526 17553
 17427 17525 17674
 17362 17528 17569
 17429 17527 17676
 17329 17530 17532
 17507 17529 17724
 17331 17532 17543
 17529 17531 17726
 17353 17534 17547
 17518 17533 17718
 17335 17537 17538
 17384 17537 17579
 17535 17536 17732
 17424 17535 17698
 17386 17522 17701
 17360 17541 17567
 17479 17540 17705
 17349 17543 17545
 17531 17542 17740
 17351 17545 17563
 17542 17544 17742
 17373 17547 17575
 17533 17546 17728
 17374 17549 17576
 17520 17548 17730
 17407 17551 17672
 17495 17550 17748
 17379 17553 17586
 17525 17552 17736
 17390 17555 17599
 17499 17554 17720
 17396 17557 17687
 17505 17556 17707
 17365 17559 17608
 17397 17558 17686
 17381 17561 17607
 17399 17560 17610
 17367 17563 17565
 17544 17562 17744
 17369 17565 17571
 17562 17564 17757
 17409 17567 17618
 17540 17566 17751
 17392 17569 17601
 17527 17568 17722
 17383 17571 17573
 17564 17570 17759
 17401 17573 17590
 17570 17572 17772
 17372 17575 17664
 17546 17574 17761
 17548 17577 17763
 17419 17576 17616
 17356 17579 17594
 17536 17578 17746
 17476 17581 17670
 17523 17580 17765
 17388 17584 17595
 17477 17584 17703
 17582 17583 17796
 17426 17586 17597
 17552 17585 17768
 17506 17588 17708
 17503 17587 17738
 17403 17590 17592
 17572 17589 17774
 17405 17592 17612
 17589 17591 17786
 17475 17594 17668
 17578 17593 17776
 17496 17582 17749
 17497 17597 17704
 17585 17596 17798
 17428 17599 17675
 17554 17598 17778
 17480 17601 17706
 17568 17600 17782
 17395 17604 17606
 17411 17604 17620
 17602 17603 17800
 17432 17606 17622
 17602 17605 17803
 17560 17608 17756
 17558 17607 17770
 17413 17610 17689
 17561 17609 17755
 17415 17612 17614
 17591 17611 17788
 17417 17614 17660
 17611 17613 17811
 17474 17616 17666
 17577 17615 17792
 17500 17618 17721
 17566 17617 17780
 17430 17620 17677
 17603 17619 17801
 17434 17622 17624
 17605 17621 17829
 17482 17624 17679
 17621 17623 17831
 17439 17627 17629
 17437 17627 17680
 17625 17626 17837
 17441 17629 17631
 17625 17628 17839
 17443 17631 17633
 17628 17630 17841
 17445 17633 17635
 17630 17632 17843
 17447 17635 17637
 17632 17634 17845
 17485 17637 17682
 17634 17636 17847
 17449 17640 NaN
 17452 17640 17642
 17638 17639 17851
 17454 17642 17644
 17639 17641 17852
 17456 17644 17646
 17641 17643 17854
 17458 17646 17648
 17643 17645 17856
 17460 17648 17650
 17645 17647 17858
 17462 17650 17651
 17647 17649 17860
 17501 17649 17753
 17504 17653 17739
 17502 17652 17754
 17468 17656 17658
 17466 17656 17688
 17654 17655 17807
 17490 17658 17691
 17654 17657 17809
 17470 17660 17662
 17613 17659 17813
 17472 17662 17693
 17659 17661 17864
 17517 17664 17717
 17574 17663 17790
 17519 17666 17719
 17615 17665 17815
 17422 17668 17697
 17593 17667 17817
 17425 17670 17699
 17580 17669 17794
 17498 17673 17704
 17550 17673 17767
 17671 17672 17896
 17526 17675 17737
 17598 17674 17823
 17528 17677 17723
 17619 17676 17827
 17483 17679 17680
 17623 17678 17833
 17626 17678 17835
 17487 17682 17684
 17636 17681 17877
 17488 17684 17685
 17681 17683 17879
 17683 17849 NaN
 17559 17687 17771
 17556 17686 17784
 17655 17689 17808
 17609 17688 17862
 17508 17691 17725
 17657 17690 17810
 17492 17693 17695
 17661 17692 17866
 17494 17695 17710
 17692 17694 17888
 17521 17697 17731
 17667 17696 17870
 17538 17699 17733
 17669 17698 17872
 17478 17702 17703
 17539 17702 17735
 17700 17701 17894
 17583 17700 17819
 17596 17671 17821
 17541 17706 17752
 17600 17705 17825
 17557 17708 17785
 17587 17707 17805
 17510 17710 17712
 17694 17709 17890
 17512 17712 17714
 17709 17711 17902
 17514 17714 17716
 17711 17713 17904
 17516 17716 17717
 17713 17715 17906
 17663 17715 17868
 17534 17719 17729
 17665 17718 17892
 17555 17721 17779
 17617 17720 17874
 17569 17723 17783
 17676 17722 17876
 17530 17725 17727
 17690 17724 17900
 17532 17727 17741
 17724 17726 17921
 17547 17729 17762
 17718 17728 17924
 17549 17731 17764
 17696 17730 17909
 17537 17733 17747
 17698 17732 17911
 17524 17735 17766
 17701 17734 17913
 17553 17737 17769
 17674 17736 17915
 17588 17739 17806
 17652 17738 17884
 17543 17741 17743
 17726 17740 17922
 17545 17743 17745
 17740 17742 17932
 17563 17745 17758
 17742 17744 17934
 17579 17747 17777
 17732 17746 17940
 17551 17750 17767
 17595 17750 17797
 17748 17749 17944
 17567 17752 17781
 17705 17751 17917
 17651 17754 17882
 17653 17753 17885
 17610 17756 17863
 17607 17755 17886
 17565 17758 17760
 17744 17757 17954
 17571 17760 17773
 17757 17759 17956
 17575 17762 17791
 17728 17761 17936
 17576 17764 17793
 17730 17763 17938
 17581 17766 17795
 17734 17765 17942
 17672 17748 17926
 17586 17769 17799
 17736 17768 17946
 17608 17771 17887
 17686 17770 17919
 17573 17773 17775
 17759 17772 17966
 17590 17775 17787
 17772 17774 17968
 17594 17777 17818
 17746 17776 17958
 17599 17779 17824
 17720 17778 17948
 17618 17781 17875
 17751 17780 17960
 17601 17783 17826
 17722 17782 17980
 17687 17785 17920
 17707 17784 17928
 17592 17787 17789
 17774 17786 17985
 17612 17789 17812
 17786 17788 17987
 17664 17791 17869
 17761 17790 17970
 17616 17793 17816
 17763 17792 17973
 17670 17795 17873
 17765 17794 17974
 17584 17797 17820
 17749 17796 17976
 17597 17799 17822
 17768 17798 17978
 17604 17802 17804
 17620 17802 17828
 17800 17801 18021
 17606 17804 17830
 17800 17803 18023
 17708 17806 17929
 17738 17805 17950
 17656 17808 17899
 17688 17807 17952
 17658 17810 17898
 17691 17809 17901
 17614 17812 17814
 17788 17811 18009
 17660 17814 17865
 17811 17813 18011
 17666 17816 17893
 17792 17815 17989
 17668 17818 17871
 17776 17817 17991
 17703 17820 17895
 17796 17819 17993
 17704 17822 17897
 17798 17821 17995
 17675 17824 17916
 17778 17823 17997
 17706 17826 17918
 17782 17825 18001
 17677 17828 17876
 17801 17827 18019
 17622 17830 17832
 17803 17829 18025
 17624 17832 17834
 17829 17831 18027
 17679 17834 17836
 17831 17833 18029
 17680 17836 17838
 17833 17835 18031
 17627 17838 17840
 17835 17837 18033
 17629 17840 17842
 17837 17839 18035
 17631 17842 17844
 17839 17841 18037
 17633 17844 17846
 17841 17843 18039
 17635 17846 17848
 17843 17845 18041
 17637 17848 17878
 17845 17847 18043
 17685 17881 NaN
 17851 18045 NaN
 17640 17850 17853
 17642 17853 17855
 17851 17852 18046
 17644 17855 17857
 17852 17854 18048
 17646 17857 17859
 17854 17856 18050
 17648 17859 17861
 17856 17858 18052
 17650 17861 17883
 17858 17860 18003
 17689 17863 17953
 17755 17862 17964
 17662 17865 17867
 17813 17864 18057
 17693 17867 17889
 17864 17866 18059
 17717 17869 17908
 17790 17868 18013
 17697 17871 17910
 17817 17870 18015
 17699 17873 17912
 17794 17872 18017
 17721 17875 17949
 17780 17874 17999
 17723 17827 17981
 17682 17878 17880
 17847 17877 18073
 17684 17880 17881
 17877 17879 18075
 17849 17879 18077
 17753 17883 17963
 17860 17882 18004
 17739 17885 17951
 17754 17884 17962
 17756 17887 17965
 17770 17886 17983
 17695 17889 17891
 17866 17888 18061
 17710 17891 17903
 17888 17890 18084
 17719 17893 17925
 17815 17892 18063
 17702 17895 17914
 17819 17894 18065
 17673 17897 17927
 17821 17896 18067
 17809 17899 18008
 17807 17898 18055
 17725 17901 17930
 17810 17900 18007
 17712 17903 17905
 17890 17902 18086
 17714 17905 17907
 17902 17904 18098
 17716 17907 17908
 17904 17906 18100
 17868 17906 18088
 17731 17910 17939
 17870 17909 18090
 17733 17912 17941
 17872 17911 18092
 17735 17914 17943
 17894 17913 18104
 17737 17916 17947
 17823 17915 18069
 17752 17918 17961
 17825 17917 18071
 17771 17920 17984
 17784 17919 18005
 17727 17923 17931
 17741 17923 17933
 17921 17922 18118
 17729 17925 17937
 17892 17924 18102
 17767 17927 17945
 17896 17926 18106
 17785 17929 18006
 17805 17928 18080
 17900 17931 18116
 17921 17930 18119
 17743 17933 17935
 17922 17932 18121
 17745 17935 17955
 17932 17934 18120
 17762 17937 17971
 17924 17936 18123
 17764 17939 17972
 17909 17938 18125
 17747 17941 17959
 17911 17940 18127
 17766 17943 17975
 17913 17942 18129
 17750 17945 17977
 17926 17944 18131
 17769 17947 17979
 17915 17946 18108
 17779 17949 17998
 17874 17948 18094
 17806 17951 18081
 17884 17950 18096
 17808 17953 18056
 17862 17952 18082
 17758 17955 17957
 17934 17954 18135
 17760 17957 17967
 17954 17956 18136
 17777 17959 17992
 17940 17958 18138
 17781 17961 18000
 17917 17960 18110
 17885 17963 18097
 17882 17962 18112
 17863 17965 18083
 17886 17964 18114
 17773 17967 17969
 17956 17966 18162
 17775 17969 17986
 17966 17968 18164
 17791 17971 18014
 17936 17970 18148
 17938 17973 18150
 17793 17972 17990
 17795 17975 18018
 17942 17974 18152
 17797 17977 17994
 17944 17976 18154
 17799 17979 17996
 17946 17978 18140
 17783 17982 18002
 17876 17982 18020
 17980 17981 18194
 17887 17984 18115
 17919 17983 18133
 17787 17986 17988
 17968 17985 18183
 17789 17988 18010
 17985 17987 18185
 17816 17990 18064
 17973 17989 18167
 17818 17992 18016
 17958 17991 18168
 17820 17994 18066
 17976 17993 18170
 17822 17996 18068
 17978 17995 18172
 17824 17998 18070
 17948 17997 18174
 17875 18000 18095
 17960 17999 18177
 17826 18002 18072
 17980 18001 18193
 17861 18004 18054
 17883 18003 18113
 17920 18006 18134
 17928 18005 18142
 17901 18008 18117
 17898 18007 18144
 17812 18010 18012
 17987 18009 18187
 17814 18012 18058
 18009 18011 18200
 17869 18014 18089
 17970 18013 18189
 17871 18016 18091
 17991 18015 18208
 17873 18018 18093
 17974 18017 18191
 17828 18020 18022
 17981 18019 18220
 17802 18022 18024
 18019 18021 18222
 17804 18024 18026
 18021 18023 18224
 17830 18026 18028
 18023 18025 18226
 17832 18028 18030
 18025 18027 18228
 17834 18030 18032
 18027 18029 18230
 17836 18032 18034
 18029 18031 18232
 17838 18034 18036
 18031 18033 18234
 17840 18036 18038
 18033 18035 18236
 17842 18038 18040
 18035 18037 18238
 17844 18040 18042
 18037 18039 18240
 17846 18042 18044
 18039 18041 18242
 17848 18044 18074
 18041 18043 18244
 17850 18047 NaN
 17853 18047 18049
 18045 18046 18250
 17855 18049 18051
 18046 18048 18251
 17857 18051 18053
 18048 18050 18253
 17859 18053 18054
 18050 18052 18255
 18003 18052 18257
 17899 18056 18145
 17952 18055 18158
 17865 18058 18060
 18011 18057 18202
 17867 18060 18062
 18057 18059 18263
 17889 18062 18085
 18059 18061 18265
 17893 18064 18103
 17989 18063 18206
 17895 18066 18105
 17993 18065 18210
 17897 18068 18107
 17995 18067 18212
 17916 18070 18109
 17997 18069 18214
 17918 18072 18111
 18001 18071 18218
 17878 18074 18076
 18043 18073 18246
 17880 18076 18078
 18073 18075 18272
 17881 18078 18079
 18075 18077 18274
 18077 18248 NaN
 17929 18081 18143
 17950 18080 18156
 17953 18083 18159
 17964 18082 18181
 17891 18085 18087
 18061 18084 18281
 17903 18087 18099
 18084 18086 18283
 17908 18089 18101
 18013 18088 18204
 17910 18091 18126
 18015 18090 18267
 17912 18093 18128
 18017 18092 18269
 17949 18095 18175
 17999 18094 18216
 17951 18097 18157
 17962 18096 18179
 17905 18099 18122
 18086 18098 18285
 17907 18101 18122
 18088 18100 18287
 17925 18103 18124
 18063 18102 18289
 17914 18105 18130
 18065 18104 18291
 17927 18107 18132
 18067 18106 18293
 17947 18109 18141
 18069 18108 18295
 17961 18111 18178
 18071 18110 18271
 17963 18113 18180
 18004 18112 18259
 17965 18115 18182
 17983 18114 18196
 17930 18117 18199
 18007 18116 18261
 17923 18119 18161
 17931 18118 18198
 17935 18121 18146
 17933 18120 18160
 18098 18100 18300
 17937 18124 18149
 18102 18123 18302
 17939 18126 18151
 18090 18125 18304
 17941 18128 18139
 18092 18127 18306
 17943 18130 18153
 18104 18129 18308
 17945 18132 18155
 18106 18131 18310
 17984 18134 18197
 18005 18133 18277
 17955 18137 18147
 17957 18137 18163
 18135 18136 18318
 17959 18139 18169
 18127 18138 18322
 17979 18141 18173
 18108 18140 18324
 18006 18143 18278
 18080 18142 18298
 18008 18145 18262
 18055 18144 18279
 18120 18147 18317
 18135 18146 18319
 17971 18149 18190
 18123 18148 18332
 17972 18151 18166
 18125 18150 18334
 17975 18153 18192
 18129 18152 18336
 17977 18155 18171
 18131 18154 18338
 18081 18157 18299
 18096 18156 18312
 18056 18159 18280
 18082 18158 18314
 18121 18161 18316
 18118 18160 18330
 17967 18163 18165
 18136 18162 18354
 17969 18165 18184
 18162 18164 18356
 18150 18167 18344
 17990 18166 18207
 17992 18169 18209
 18138 18168 18346
 17994 18171 18211
 18154 18170 18364
 17996 18173 18213
 18140 18172 18348
 17998 18176 18215
 18094 18176 18297
 18174 18175 18407
 18000 18178 18217
 18110 18177 18366
 18097 18180 18313
 18112 18179 18327
 18083 18182 18315
 18114 18181 18328
 17986 18184 18186
 18164 18183 18358
 17988 18186 18188
 18183 18185 18371
 18010 18188 18201
 18185 18187 18373
 18014 18190 18205
 18148 18189 18360
 18018 18192 18270
 18152 18191 18362
 18002 18195 18219
 17982 18195 18221
 18193 18194 18387
 18115 18197 18329
 18133 18196 18340
 18119 18199 18331
 18116 18198 18342
 18012 18201 18203
 18187 18200 18398
 18058 18203 18264
 18200 18202 18400
 18089 18205 18288
 18189 18204 18375
 18064 18207 18290
 18167 18206 18377
 18016 18209 18268
 18168 18208 18379
 18066 18211 18292
 18170 18210 18381
 18068 18213 18294
 18172 18212 18383
 18070 18215 18296
 18174 18214 18406
 18095 18217 18297
 18177 18216 18385
 18072 18219 18271
 18193 18218 18411
 18020 18221 18223
 18194 18220 18388
 18022 18223 18225
 18220 18222 18414
 18024 18225 18227
 18222 18224 18416
 18026 18227 18229
 18224 18226 18418
 18028 18229 18231
 18226 18228 18420
 18030 18231 18233
 18228 18230 18422
 18032 18233 18235
 18230 18232 18424
 18034 18235 18237
 18232 18234 18426
 18036 18237 18239
 18234 18236 18428
 18038 18239 18241
 18236 18238 18430
 18040 18241 18243
 18238 18240 18432
 18042 18243 18245
 18240 18242 18434
 18044 18245 18247
 18242 18244 18436
 18074 18247 18273
 18244 18246 18438
 18079 18276 NaN
 18250 18440 NaN
 18047 18249 18252
 18049 18252 18254
 18250 18251 18441
 18051 18254 18256
 18251 18253 18443
 18053 18256 18258
 18253 18255 18445
 18054 18258 18260
 18255 18257 18447
 18113 18260 18326
 18257 18259 18449
 18117 18262 18343
 18144 18261 18352
 18060 18264 18266
 18202 18263 18454
 18062 18266 18282
 18263 18265 18456
 18091 18268 18305
 18208 18267 18402
 18093 18270 18307
 18191 18269 18404
 18111 18218 18367
 18076 18273 18275
 18246 18272 18471
 18078 18275 18276
 18272 18274 18473
 18248 18274 18475
 18134 18278 18341
 18142 18277 18350
 18145 18280 18353
 18158 18279 18369
 18085 18282 18284
 18265 18281 18458
 18087 18284 18286
 18281 18283 18482
 18099 18286 18301
 18283 18285 18484
 18101 18288 18321
 18204 18287 18460
 18103 18290 18303
 18206 18289 18462
 18105 18292 18309
 18210 18291 18464
 18107 18294 18311
 18212 18293 18466
 18109 18296 18325
 18214 18295 18468
 18175 18216 18409
 18143 18299 18351
 18156 18298 18390
 18122 18301 18320
 18285 18300 18500
 18124 18303 18333
 18289 18302 18486
 18126 18305 18335
 18267 18304 18488
 18128 18307 18323
 18269 18306 18490
 18130 18309 18337
 18291 18308 18492
 18132 18311 18339
 18293 18310 18494
 18157 18313 18391
 18179 18312 18452
 18159 18315 18370
 18181 18314 18392
 18160 18317 18394
 18146 18316 18396
 18137 18319 18355
 18147 18318 18397
 18300 18321 18502
 18287 18320 18504
 18139 18323 18347
 18306 18322 18506
 18141 18325 18349
 18295 18324 18508
 18259 18327 18451
 18180 18326 18453
 18182 18329 18393
 18196 18328 18478
 18161 18331 18395
 18198 18330 18480
 18149 18333 18361
 18302 18332 18515
 18151 18335 18345
 18304 18334 18517
 18153 18337 18363
 18308 18336 18519
 18155 18339 18365
 18310 18338 18521
 18197 18341 18479
 18277 18340 18496
 18199 18343 18481
 18261 18342 18498
 18166 18345 18378
 18334 18344 18531
 18169 18347 18380
 18322 18346 18533
 18173 18349 18384
 18324 18348 18535
 18278 18351 18497
 18298 18350 18510
 18262 18353 18499
 18279 18352 18512
 18163 18355 18357
 18318 18354 18529
 18165 18357 18359
 18354 18356 18555
 18184 18359 18372
 18356 18358 18554
 18190 18361 18376
 18332 18360 18541
 18192 18363 18405
 18336 18362 18543
 18171 18365 18382
 18338 18364 18545
 18178 18368 18386
 18271 18368 18412
 18366 18367 18582
 18280 18370 18513
 18314 18369 18525
 18186 18372 18374
 18358 18371 18557
 18188 18374 18399
 18371 18373 18571
 18205 18376 18461
 18360 18375 18559
 18207 18378 18463
 18344 18377 18562
 18209 18380 18403
 18346 18379 18563
 18211 18382 18465
 18364 18381 18565
 18213 18384 18467
 18348 18383 18567
 18217 18386 18410
 18366 18385 18579
 18195 18389 18413
 18221 18389 18415
 18387 18388 18587
 18299 18391 18511
 18312 18390 18523
 18315 18393 18526
 18328 18392 18537
 18316 18395 18528
 18330 18394 18539
 18317 18397 18527
 18319 18396 18530
 18201 18399 18401
 18373 18398 18573
 18203 18401 18455
 18398 18400 18593
 18268 18403 18489
 18379 18402 18575
 18270 18405 18491
 18362 18404 18577
 18215 18408 18469
 18176 18408 18470
 18406 18407 18606
 18297 18410 18470
 18385 18409 18580
 18219 18412 18413
 18367 18411 18584
 18387 18411 18586
 18223 18415 18417
 18388 18414 18610
 18225 18417 18419
 18414 18416 18612
 18227 18419 18421
 18416 18418 18614
 18229 18421 18423
 18418 18420 18616
 18231 18423 18425
 18420 18422 18618
 18233 18425 18427
 18422 18424 18620
 18235 18427 18429
 18424 18426 18622
 18237 18429 18431
 18426 18428 18624
 18239 18431 18433
 18428 18430 18626
 18241 18433 18435
 18430 18432 18628
 18243 18435 18437
 18432 18434 18630
 18245 18437 18439
 18434 18436 18632
 18247 18439 18472
 18436 18438 18634
 18249 18442 NaN
 18252 18442 18444
 18440 18441 18638
 18254 18444 18446
 18441 18443 18639
 18256 18446 18448
 18443 18445 18641
 18258 18448 18450
 18445 18447 18643
 18260 18450 18451
 18447 18449 18645
 18326 18449 18547
 18313 18453 18524
 18327 18452 18548
 18264 18455 18457
 18400 18454 18595
 18266 18457 18459
 18454 18456 18654
 18282 18459 18483
 18456 18458 18656
 18288 18461 18505
 18375 18460 18597
 18290 18463 18487
 18377 18462 18599
 18292 18465 18493
 18381 18464 18601
 18294 18467 18495
 18383 18466 18603
 18296 18469 18509
 18406 18468 18668
 18407 18409 18605
 18273 18472 18474
 18438 18471 18670
 18275 18474 18476
 18471 18473 18672
 18276 18476 18477
 18473 18475 18674
 18475 18636 NaN
 18329 18479 18538
 18340 18478 18550
 18331 18481 18540
 18342 18480 18552
 18284 18483 18485
 18458 18482 18658
 18286 18485 18501
 18482 18484 18683
 18303 18487 18516
 18462 18486 18660
 18305 18489 18518
 18402 18488 18662
 18307 18491 18507
 18404 18490 18664
 18309 18493 18520
 18464 18492 18691
 18311 18495 18522
 18466 18494 18666
 18341 18497 18551
 18350 18496 18589
 18343 18499 18553
 18352 18498 18591
 18301 18501 18503
 18484 18500 18685
 18320 18503 18514
 18500 18502 18699
 18321 18505 18514
 18460 18504 18687
 18323 18507 18534
 18490 18506 18689
 18325 18509 18536
 18468 18508 18693
 18351 18511 18590
 18390 18510 18648
 18353 18513 18592
 18369 18512 18650
 18502 18504 18701
 18333 18516 18542
 18486 18515 18703
 18335 18518 18532
 18488 18517 18705
 18337 18520 18544
 18492 18519 18707
 18339 18522 18546
 18494 18521 18709
 18391 18524 18649
 18452 18523 18677
 18370 18526 18651
 18392 18525 18679
 18396 18528 18653
 18394 18527 18681
 18355 18530 18569
 18397 18529 18652
 18345 18532 18561
 18517 18531 18716
 18347 18534 18564
 18506 18533 18718
 18349 18536 18568
 18508 18535 18720
 18393 18538 18680
 18478 18537 18695
 18395 18540 18682
 18480 18539 18697
 18361 18542 18560
 18515 18541 18726
 18363 18544 18578
 18519 18543 18728
 18365 18546 18566
 18521 18545 18730
 18451 18549 18647
 18453 18549 18678
 18547 18548 18759
 18479 18551 18696
 18496 18550 18711
 18481 18553 18698
 18498 18552 18713
 18359 18556 18558
 18357 18556 18570
 18554 18555 18738
 18372 18558 18572
 18554 18557 18752
 18376 18560 18598
 18541 18559 18740
 18531 18562 18742
 18378 18561 18600
 18380 18564 18576
 18533 18563 18744
 18382 18566 18602
 18545 18565 18746
 18384 18568 18604
 18535 18567 18748
 18529 18570 18736
 18555 18569 18739
 18374 18572 18574
 18557 18571 18753
 18399 18574 18594
 18571 18573 18767
 18403 18576 18663
 18563 18575 18755
 18405 18578 18665
 18543 18577 18757
 18386 18581 18583
 18410 18581 18608
 18579 18580 18777
 18368 18583 18585
 18579 18582 18780
 18412 18585 18609
 18582 18584 18782
 18413 18588 18609
 18389 18588 18611
 18586 18587 18786
 18497 18590 18712
 18510 18589 18722
 18499 18592 18714
 18512 18591 18724
 18401 18594 18596
 18573 18593 18792
 18455 18596 18655
 18593 18595 18794
 18461 18598 18688
 18559 18597 18769
 18463 18600 18661
 18562 18599 18771
 18465 18602 18692
 18565 18601 18773
 18467 18604 18667
 18567 18603 18775
 18470 18607 18608
 18408 18607 18669
 18605 18606 18804
 18580 18605 18778
 18584 18586 18784
 18415 18611 18613
 18587 18610 18808
 18417 18613 18615
 18610 18612 18810
 18419 18615 18617
 18612 18614 18812
 18421 18617 18619
 18614 18616 18814
 18423 18619 18621
 18616 18618 18816
 18425 18621 18623
 18618 18620 18818
 18427 18623 18625
 18620 18622 18820
 18429 18625 18627
 18622 18624 18822
 18431 18627 18629
 18624 18626 18824
 18433 18629 18631
 18626 18628 18826
 18435 18631 18633
 18628 18630 18828
 18437 18633 18635
 18630 18632 18830
 18439 18635 18671
 18632 18634 18832
 18477 18676 NaN
 18638 18836 NaN
 18442 18637 18640
 18444 18640 18642
 18638 18639 18837
 18446 18642 18644
 18639 18641 18839
 18448 18644 18646
 18641 18643 18841
 18450 18646 18647
 18643 18645 18843
 18547 18645 18845
 18511 18649 18723
 18523 18648 18732
 18513 18651 18725
 18525 18650 18734
 18530 18653 18737
 18527 18652 18750
 18457 18655 18657
 18595 18654 18854
 18459 18657 18659
 18654 18656 18856
 18483 18659 18684
 18656 18658 18858
 18487 18661 18704
 18599 18660 18796
 18489 18663 18706
 18575 18662 18798
 18491 18665 18690
 18577 18664 18800
 18495 18667 18710
 18603 18666 18802
 18469 18669 18694
 18606 18668 18805
 18472 18671 18673
 18634 18670 18834
 18474 18673 18675
 18670 18672 18868
 18476 18675 18676
 18672 18674 18870
 18636 18674 18872
 18524 18678 18733
 18548 18677 18760
 18526 18680 18735
 18537 18679 18761
 18528 18682 18751
 18539 18681 18763
 18485 18684 18686
 18658 18683 18860
 18501 18686 18700
 18683 18685 18881
 18505 18688 18702
 18597 18687 18862
 18507 18690 18719
 18664 18689 18864
 18493 18692 18708
 18601 18691 18866
 18509 18694 18721
 18668 18693 18893
 18538 18696 18762
 18550 18695 18788
 18540 18698 18764
 18552 18697 18790
 18503 18700 18715
 18685 18699 18901
 18514 18702 18715
 18687 18701 18883
 18516 18704 18727
 18660 18703 18885
 18518 18706 18717
 18662 18705 18887
 18520 18708 18729
 18691 18707 18889
 18522 18710 18731
 18666 18709 18891
 18551 18712 18789
 18589 18711 18848
 18553 18714 18791
 18591 18713 18850
 18699 18701 18913
 18532 18717 18743
 18705 18716 18903
 18534 18719 18745
 18689 18718 18905
 18536 18721 18749
 18693 18720 18907
 18590 18723 18849
 18648 18722 18875
 18592 18725 18851
 18650 18724 18877
 18542 18727 18741
 18703 18726 18916
 18544 18729 18758
 18707 18728 18918
 18546 18731 18747
 18709 18730 18920
 18649 18733 18876
 18677 18732 18895
 18651 18735 18878
 18679 18734 18897
 18569 18737 18853
 18652 18736 18879
 18556 18739 18765
 18570 18738 18852
 18560 18741 18770
 18726 18740 18922
 18561 18743 18772
 18716 18742 18924
 18564 18745 18756
 18718 18744 18926
 18566 18747 18774
 18730 18746 18928
 18568 18749 18776
 18720 18748 18930
 18653 18751 18880
 18681 18750 18899
 18558 18754 18766
 18572 18754 18768
 18752 18753 18938
 18576 18756 18799
 18744 18755 18940
 18578 18758 18801
 18728 18757 18942
 18549 18760 18847
 18678 18759 18896
 18680 18762 18898
 18695 18761 18909
 18682 18764 18900
 18697 18763 18911
 18738 18766 18936
 18752 18765 18939
 18574 18768 18793
 18753 18767 18964
 18598 18770 18863
 18740 18769 18950
 18600 18772 18797
 18742 18771 18953
 18602 18774 18867
 18746 18773 18954
 18604 18776 18803
 18748 18775 18956
 18581 18779 18781
 18608 18779 18807
 18777 18778 18972
 18583 18781 18783
 18777 18780 18975
 18585 18783 18785
 18780 18782 18977
 18609 18785 18787
 18782 18784 18979
 18588 18787 18809
 18784 18786 18981
 18696 18789 18910
 18711 18788 18932
 18698 18791 18912
 18713 18790 18934
 18594 18793 18795
 18767 18792 18992
 18596 18795 18855
 18792 18794 18994
 18661 18797 18886
 18771 18796 18998
 18663 18799 18888
 18755 18798 18966
 18665 18801 18865
 18757 18800 18968
 18667 18803 18892
 18775 18802 18970
 18607 18806 18807
 18669 18806 18894
 18804 18805 19004
 18778 18804 18973
 18611 18809 18811
 18786 18808 18983
 18613 18811 18813
 18808 18810 19006
 18615 18813 18815
 18810 18812 19008
 18617 18815 18817
 18812 18814 19010
 18619 18817 18819
 18814 18816 19012
 18621 18819 18821
 18816 18818 19014
 18623 18821 18823
 18818 18820 19016
 18625 18823 18825
 18820 18822 19018
 18627 18825 18827
 18822 18824 19020
 18629 18827 18829
 18824 18826 19022
 18631 18829 18831
 18826 18828 19024
 18633 18831 18833
 18828 18830 19026
 18635 18833 18835
 18830 18832 19028
 18671 18835 18869
 18832 18834 19030
 18637 18838 NaN
 18640 18838 18840
 18836 18837 19036
 18642 18840 18842
 18837 18839 19037
 18644 18842 18844
 18839 18841 19039
 18646 18844 18846
 18841 18843 19041
 18647 18846 18847
 18843 18845 19043
 18759 18845 18985
 18712 18849 18933
 18722 18848 18944
 18714 18851 18935
 18724 18850 18946
 18739 18853 18937
 18736 18852 18948
 18655 18855 18857
 18794 18854 19050
 18657 18857 18859
 18854 18856 19052
 18659 18859 18861
 18856 18858 19054
 18684 18861 18882
 18858 18860 19056
 18688 18863 18884
 18769 18862 18996
 18690 18865 18906
 18800 18864 19000
 18692 18867 18890
 18773 18866 19002
 18673 18869 18871
 18834 18868 19032
 18675 18871 18873
 18868 18870 19072
 18676 18873 18874
 18870 18872 19074
 18872 19034 NaN
 18723 18876 18945
 18732 18875 18958
 18725 18878 18947
 18734 18877 18960
 18737 18880 18949
 18750 18879 18962
 18686 18882 18902
 18860 18881 19058
 18702 18884 18915
 18862 18883 19060
 18704 18886 18917
 18796 18885 19062
 18706 18888 18904
 18798 18887 19064
 18708 18890 18919
 18866 18889 19066
 18710 18892 18921
 18802 18891 19068
 18694 18894 18908
 18805 18893 19070
 18733 18896 18959
 18760 18895 18986
 18735 18898 18961
 18761 18897 18988
 18751 18900 18963
 18763 18899 18990
 18700 18902 18914
 18881 18901 19083
 18717 18904 18925
 18887 18903 19085
 18719 18906 18927
 18864 18905 19087
 18721 18908 18931
 18893 18907 19089
 18762 18910 18989
 18788 18909 19046
 18764 18912 18991
 18790 18911 19048
 18715 18914 18915
 18901 18913 19109
 18883 18913 19097
 18727 18917 18923
 18885 18916 19099
 18729 18919 18943
 18889 18918 19101
 18731 18921 18929
 18891 18920 19103
 18741 18923 18951
 18916 18922 19111
 18743 18925 18952
 18903 18924 19113
 18745 18927 18941
 18905 18926 19115
 18747 18929 18955
 18920 18928 19117
 18749 18931 18957
 18907 18930 19119
 18789 18933 19047
 18848 18932 19077
 18791 18935 19049
 18850 18934 19079
 18765 18937 19082
 18852 18936 19096
 18754 18939 18965
 18766 18938 19081
 18756 18941 18967
 18926 18940 19127
 18758 18943 18969
 18918 18942 19129
 18849 18945 19078
 18875 18944 19091
 18851 18947 19080
 18877 18946 19093
 18853 18949 19095
 18879 18948 19107
 18770 18951 18997
 18922 18950 19135
 18924 18953 19137
 18772 18952 18999
 18774 18955 19003
 18928 18954 19139
 18776 18957 18971
 18930 18956 19141
 18876 18959 19092
 18895 18958 19105
 18878 18961 19094
 18897 18960 19121
 18880 18963 19108
 18899 18962 19123
 18768 18965 18993
 18938 18964 19147
 18799 18967 19065
 18940 18966 19149
 18801 18969 19001
 18942 18968 19151
 18803 18971 19069
 18956 18970 19153
 18779 18974 18976
 18807 18974 19005
 18972 18973 19174
 18781 18976 18978
 18972 18975 19177
 18783 18978 18980
 18975 18977 19179
 18785 18980 18982
 18977 18979 19181
 18787 18982 18984
 18979 18981 19183
 18809 18984 19007
 18981 18983 19185
 18847 18987 19045
 18896 18987 19106
 18985 18986 19188
 18898 18989 19122
 18909 18988 19131
 18900 18991 19124
 18911 18990 19133
 18793 18993 18995
 18964 18992 19163
 18795 18995 19051
 18992 18994 19164
 18863 18997 19061
 18950 18996 19166
 18797 18999 19063
 18953 18998 19169
 18865 19001 19088
 18968 19000 19170
 18867 19003 19067
 18954 19002 19172
 18806 19005 19071
 18973 19004 19175
 18811 19007 19009
 18983 19006 19210
 18813 19009 19011
 19006 19008 19212
 18815 19011 19013
 19008 19010 19214
 18817 19013 19015
 19010 19012 19216
 18819 19015 19017
 19012 19014 19218
 18821 19017 19019
 19014 19016 19220
 18823 19019 19021
 19016 19018 19222
 18825 19021 19023
 19018 19020 19224
 18827 19023 19025
 19020 19022 19226
 18829 19025 19027
 19022 19024 19228
 18831 19027 19029
 19024 19026 19230
 18833 19029 19031
 19026 19028 19232
 18835 19031 19033
 19028 19030 19234
 18869 19033 19073
 19030 19032 19236
 18874 19076 NaN
 19036 19240 NaN
 18838 19035 19038
 18840 19038 19040
 19036 19037 19241
 18842 19040 19042
 19037 19039 19243
 18844 19042 19044
 19039 19041 19245
 18846 19044 19045
 19041 19043 19247
 18985 19043 19187
 18910 19047 19132
 18932 19046 19143
 18912 19049 19134
 18934 19048 19145
 18855 19051 19053
 18994 19050 19253
 18857 19053 19055
 19050 19052 19255
 18859 19055 19057
 19052 19054 19257
 18861 19057 19059
 19054 19056 19259
 18882 19059 19084
 19056 19058 19261
 18884 19061 19098
 18996 19060 19200
 18886 19063 19100
 18998 19062 19202
 18888 19065 19086
 18966 19064 19204
 18890 19067 19102
 19002 19066 19266
 18892 19069 19104
 18970 19068 19206
 18894 19071 19090
 19004 19070 19208
 18871 19073 19075
 19032 19072 19238
 18873 19075 19076
 19072 19074 19268
 19034 19074 19270
 18933 19078 19144
 18944 19077 19155
 18935 19080 19146
 18946 19079 19157
 18939 19082 19148
 18936 19081 19161
 18902 19084 19125
 19058 19083 19198
 18904 19086 19114
 19064 19085 19281
 18906 19088 19116
 19000 19087 19264
 18908 19090 19120
 19070 19089 19287
 18945 19092 19156
 18958 19091 19190
 18947 19094 19158
 18960 19093 19192
 18948 19096 19159
 18937 19095 19162
 18915 19098 19110
 19060 19097 19277
 18917 19100 19112
 19062 19099 19279
 18919 19102 19130
 19066 19101 19283
 18921 19104 19118
 19068 19103 19285
 18959 19106 19191
 18986 19105 19250
 18949 19108 19160
 18962 19107 19194
 18914 19110 19126
 19097 19109 19293
 18923 19112 19136
 19099 19111 19307
 18925 19114 19138
 19085 19113 19295
 18927 19116 19128
 19087 19115 19297
 18929 19118 19140
 19103 19117 19313
 18931 19120 19142
 19089 19119 19299
 18961 19122 19193
 18988 19121 19251
 18963 19124 19195
 18990 19123 19275
 19083 19126 19199
 19109 19125 19321
 18941 19128 19150
 19115 19127 19309
 18943 19130 19152
 19101 19129 19311
 18989 19132 19252
 19046 19131 19273
 18991 19134 19276
 19048 19133 19289
 18951 19136 19167
 19111 19135 19323
 18952 19138 19168
 19113 19137 19325
 18955 19140 19173
 19117 19139 19327
 18957 19142 19154
 19119 19141 19329
 19047 19144 19274
 19077 19143 19301
 19049 19146 19290
 19079 19145 19303
 18965 19148 19197
 19081 19147 19291
 18967 19150 19205
 19127 19149 19337
 18969 19152 19171
 19129 19151 19339
 18971 19154 19207
 19141 19153 19357
 19078 19156 19302
 19091 19155 19315
 19080 19158 19304
 19093 19157 19317
 19095 19160 19306
 19107 19159 19319
 19082 19162 19292
 19096 19161 19305
 18993 19165 19196
 18995 19165 19254
 19163 19164 19345
 18997 19167 19201
 19135 19166 19349
 19137 19169 19351
 18999 19168 19203
 19001 19171 19265
 19151 19170 19353
 19003 19173 19267
 19139 19172 19355
 18974 19176 19178
 19005 19176 19209
 19174 19175 19373
 18976 19178 19180
 19174 19177 19394
 18978 19180 19182
 19177 19179 19376
 18980 19182 19184
 19179 19181 19375
 18982 19184 19186
 19181 19183 19378
 18984 19186 19211
 19183 19185 19380
 19045 19189 19249
 18987 19189 19250
 19187 19188 19440
 19092 19191 19316
 19105 19190 19332
 19094 19193 19318
 19121 19192 19333
 19108 19195 19320
 19123 19194 19335
 19163 19197 19346
 19147 19196 19363
 19084 19199 19263
 19125 19198 19347
 19061 19201 19278
 19166 19200 19365
 19063 19203 19280
 19169 19202 19367
 19065 19205 19282
 19149 19204 19369
 19069 19207 19286
 19153 19206 19371
 19071 19209 19288
 19175 19208 19374
 19007 19211 19213
 19185 19210 19397
 19009 19213 19215
 19210 19212 19399
 19011 19215 19217
 19212 19214 19401
 19013 19217 19219
 19214 19216 19403
 19015 19219 19221
 19216 19218 19405
 19017 19221 19223
 19218 19220 19407
 19019 19223 19225
 19220 19222 19409
 19021 19225 19227
 19222 19224 19411
 19023 19227 19229
 19224 19226 19413
 19025 19229 19231
 19226 19228 19415
 19027 19231 19233
 19228 19230 19417
 19029 19233 19235
 19230 19232 19419
 19031 19235 19237
 19232 19234 19421
 19033 19237 19239
 19234 19236 19423
 19073 19239 19269
 19236 19238 19425
 19035 19242 NaN
 19038 19242 19244
 19240 19241 19431
 19040 19244 19246
 19241 19243 19432
 19042 19246 19248
 19243 19245 19434
 19044 19248 19249
 19245 19247 19436
 19187 19247 19438
 19106 19188 19331
 19122 19252 19334
 19131 19251 19341
 19051 19254 19256
 19164 19253 19448
 19053 19256 19258
 19253 19255 19450
 19055 19258 19260
 19255 19257 19475
 19057 19260 19262
 19257 19259 19453
 19059 19262 19263
 19259 19261 19452
 19198 19261 19388
 19088 19265 19298
 19170 19264 19390
 19067 19267 19284
 19172 19266 19392
 19075 19269 19271
 19238 19268 19427
 19076 19271 19272
 19268 19270 19468
 19270 19429 NaN
 19132 19274 19342
 19143 19273 19359
 19124 19276 19336
 19133 19275 19343
 19098 19278 19294
 19200 19277 19456
 19100 19280 19308
 19202 19279 19458
 19086 19282 19296
 19204 19281 19460
 19102 19284 19312
 19266 19283 19462
 19104 19286 19314
 19206 19285 19464
 19090 19288 19300
 19208 19287 19466
 19134 19290 19344
 19145 19289 19361
 19148 19292 19364
 19161 19291 19386
 19110 19294 19322
 19277 19293 19488
 19114 19296 19326
 19281 19295 19478
 19116 19298 19310
 19264 19297 19480
 19120 19300 19330
 19287 19299 19498
 19144 19302 19360
 19155 19301 19382
 19146 19304 19362
 19157 19303 19384
 19162 19306 19387
 19159 19305 19446
 19112 19308 19324
 19279 19307 19490
 19128 19310 19338
 19297 19309 19492
 19130 19312 19340
 19283 19311 19494
 19118 19314 19328
 19285 19313 19496
 19156 19316 19383
 19190 19315 19444
 19158 19318 19385
 19192 19317 19471
 19160 19320 19447
 19194 19319 19473
 19126 19322 19348
 19293 19321 19506
 19136 19324 19350
 19307 19323 19508
 19138 19326 19352
 19295 19325 19510
 19140 19328 19356
 19313 19327 19512
 19142 19330 19358
 19299 19329 19514
 19250 19332 19442
 19191 19331 19445
 19193 19334 19472
 19251 19333 19482
 19195 19336 19474
 19275 19335 19484
 19150 19338 19370
 19309 19337 19520
 19152 19340 19354
 19311 19339 19522
 19252 19342 19483
 19273 19341 19500
 19276 19344 19485
 19289 19343 19502
 19165 19346 19449
 19196 19345 19486
 19199 19348 19389
 19321 19347 19530
 19167 19350 19366
 19323 19349 19532
 19168 19352 19368
 19325 19351 19534
 19171 19354 19391
 19339 19353 19536
 19173 19356 19393
 19327 19355 19538
 19154 19358 19372
 19329 19357 19540
 19274 19360 19501
 19301 19359 19516
 19290 19362 19503
 19303 19361 19518
 19197 19364 19487
 19291 19363 19504
 19201 19366 19457
 19349 19365 19548
 19203 19368 19459
 19351 19367 19551
 19205 19370 19461
 19337 19369 19552
 19207 19372 19465
 19357 19371 19554
 19176 19374 19395
 19209 19373 19467
 19182 19377 19379
 19180 19377 19396
 19375 19376 19568
 19184 19379 19381
 19375 19378 19571
 19186 19381 19398
 19378 19380 19573
 19302 19383 19517
 19315 19382 19524
 19304 19385 19519
 19317 19384 19526
 19292 19387 19505
 19305 19386 19528
 19263 19389 19455
 19347 19388 19562
 19265 19391 19481
 19353 19390 19564
 19267 19393 19463
 19355 19392 19566
 19178 19395 19396
 19373 19394 19600
 19376 19394 19569
 19211 19398 19400
 19380 19397 19604
 19213 19400 19402
 19397 19399 19606
 19215 19402 19404
 19399 19401 19608
 19217 19404 19406
 19401 19403 19610
 19219 19406 19408
 19403 19405 19612
 19221 19408 19410
 19405 19407 19614
 19223 19410 19412
 19407 19409 19616
 19225 19412 19414
 19409 19411 19618
 19227 19414 19416
 19411 19413 19620
 19229 19416 19418
 19413 19415 19622
 19231 19418 19420
 19415 19417 19624
 19233 19420 19422
 19417 19419 19626
 19235 19422 19424
 19419 19421 19628
 19237 19424 19426
 19421 19423 19630
 19239 19426 19428
 19423 19425 19632
 19269 19428 19469
 19425 19427 19634
 19272 19470 NaN
 19431 19640 NaN
 19242 19430 19433
 19244 19433 19435
 19431 19432 19641
 19246 19435 19437
 19432 19434 19643
 19248 19437 19439
 19434 19436 19576
 19249 19439 19441
 19436 19438 19575
 19189 19441 19443
 19438 19440 19578
 19331 19443 19542
 19440 19442 19580
 19316 19445 19525
 19332 19444 19543
 19306 19447 19529
 19319 19446 19546
 19254 19449 19451
 19345 19448 19560
 19256 19451 19476
 19448 19450 19650
 19262 19454 19455
 19260 19454 19477
 19452 19453 19653
 19388 19452 19588
 19278 19457 19489
 19365 19456 19590
 19280 19459 19491
 19367 19458 19592
 19282 19461 19479
 19369 19460 19594
 19284 19463 19495
 19392 19462 19596
 19286 19465 19497
 19371 19464 19598
 19288 19467 19499
 19374 19466 19601
 19271 19469 19470
 19427 19468 19636
 19429 19468 19638
 19318 19472 19527
 19333 19471 19544
 19320 19474 19547
 19335 19473 19558
 19258 19476 19477
 19450 19475 19651
 19453 19475 19670
 19296 19479 19511
 19460 19478 19655
 19298 19481 19493
 19390 19480 19657
 19334 19483 19545
 19341 19482 19556
 19336 19485 19559
 19343 19484 19584
 19346 19487 19561
 19363 19486 19586
 19294 19489 19507
 19456 19488 19673
 19308 19491 19509
 19458 19490 19675
 19310 19493 19521
 19480 19492 19677
 19312 19495 19523
 19462 19494 19679
 19314 19497 19513
 19464 19496 19681
 19300 19499 19515
 19466 19498 19659
 19342 19501 19557
 19359 19500 19582
 19344 19503 19585
 19361 19502 19646
 19364 19505 19587
 19386 19504 19648
 19322 19507 19531
 19488 19506 19691
 19324 19509 19533
 19490 19508 19693
 19326 19511 19535
 19478 19510 19695
 19328 19513 19539
 19496 19512 19697
 19330 19515 19541
 19498 19514 19699
 19360 19517 19583
 19382 19516 19662
 19362 19519 19647
 19384 19518 19664
 19338 19521 19553
 19492 19520 19705
 19340 19523 19537
 19494 19522 19707
 19383 19525 19663
 19444 19524 19685
 19385 19527 19665
 19471 19526 19687
 19387 19529 19649
 19446 19528 19666
 19348 19531 19563
 19506 19530 19715
 19350 19533 19549
 19508 19532 19717
 19352 19535 19550
 19510 19534 19719
 19354 19537 19565
 19522 19536 19721
 19356 19539 19567
 19512 19538 19723
 19358 19541 19555
 19514 19540 19725
 19442 19543 19683
 19445 19542 19686
 19472 19545 19688
 19482 19544 19701
 19447 19547 19667
 19473 19546 19689
 19366 19549 19591
 19532 19548 19745
 19534 19551 19731
 19368 19550 19593
 19370 19553 19595
 19520 19552 19733
 19372 19555 19599
 19540 19554 19735
 19483 19557 19702
 19500 19556 19709
 19474 19559 19690
 19484 19558 19703
 19449 19561 19668
 19486 19560 19713
 19389 19563 19589
 19530 19562 19743
 19391 19565 19658
 19536 19564 19747
 19393 19567 19597
 19538 19566 19749
 19377 19570 19572
 19396 19570 19603
 19568 19569 19772
 19379 19572 19574
 19568 19571 19774
 19381 19574 19605
 19571 19573 19776
 19439 19577 19579
 19437 19577 19645
 19575 19576 19787
 19441 19579 19581
 19575 19578 19842
 19443 19581 19684
 19578 19580 19789
 19501 19583 19710
 19516 19582 19727
 19485 19585 19704
 19502 19584 19711
 19487 19587 19714
 19504 19586 19729
 19455 19589 19654
 19562 19588 19757
 19457 19591 19674
 19548 19590 19759
 19459 19593 19676
 19551 19592 19762
 19461 19595 19656
 19552 19594 19763
 19463 19597 19680
 19566 19596 19765
 19465 19599 19682
 19554 19598 19767
 19395 19602 19603
 19467 19602 19660
 19600 19601 19770
 19569 19600 19769
 19398 19605 19607
 19573 19604 19778
 19400 19607 19609
 19604 19606 19807
 19402 19609 19611
 19606 19608 19809
 19404 19611 19613
 19608 19610 19811
 19406 19613 19615
 19610 19612 19813
 19408 19615 19617
 19612 19614 19815
 19410 19617 19619
 19614 19616 19817
 19412 19619 19621
 19616 19618 19819
 19414 19621 19623
 19618 19620 19821
 19416 19623 19625
 19620 19622 19823
 19418 19625 19627
 19622 19624 19825
 19420 19627 19629
 19624 19626 19827
 19422 19629 19631
 19626 19628 19829
 19424 19631 19633
 19628 19630 19831
 19426 19633 19635
 19630 19632 19833
 19428 19635 19637
 19632 19634 19835
 19469 19637 19639
 19634 19636 19837
 19470 19639 19661
 19636 19638 19839
 19430 19642 NaN
 19433 19642 19644
 19640 19641 19782
 19435 19644 19645
 19641 19643 19783
 19576 19643 19785
 19503 19647 19712
 19518 19646 19739
 19505 19649 19730
 19528 19648 19741
 19451 19652 19669
 19476 19652 19671
 19650 19651 19797
 19454 19654 19672
 19588 19653 19799
 19479 19656 19696
 19594 19655 19801
 19481 19658 19678
 19564 19657 19803
 19499 19660 19700
 19601 19659 19805
 19638 19780 NaN
 19517 19663 19728
 19524 19662 19737
 19519 19665 19740
 19526 19664 19753
 19529 19667 19742
 19546 19666 19755
 19560 19669 19795
 19650 19668 19798
 19477 19671 19672
 19651 19670 19867
 19653 19670 19851
 19489 19674 19692
 19590 19673 19853
 19491 19676 19694
 19592 19675 19855
 19493 19678 19706
 19657 19677 19875
 19495 19680 19708
 19596 19679 19857
 19497 19682 19698
 19598 19681 19859
 19542 19684 19752
 19580 19683 19790
 19525 19686 19738
 19543 19685 19751
 19527 19688 19754
 19544 19687 19791
 19547 19690 19756
 19558 19689 19793
 19507 19692 19716
 19673 19691 19869
 19509 19694 19718
 19675 19693 19871
 19511 19696 19720
 19655 19695 19873
 19513 19698 19724
 19681 19697 19877
 19515 19700 19726
 19659 19699 19879
 19545 19702 19792
 19556 19701 19845
 19559 19704 19794
 19584 19703 19847
 19521 19706 19734
 19677 19705 19887
 19523 19708 19722
 19679 19707 19889
 19557 19710 19846
 19582 19709 19861
 19585 19712 19848
 19646 19711 19863
 19561 19714 19796
 19586 19713 19849
 19531 19716 19744
 19691 19715 19899
 19533 19718 19746
 19693 19717 19901
 19535 19720 19732
 19695 19719 19903
 19537 19722 19748
 19707 19721 19905
 19539 19724 19750
 19697 19723 19907
 19541 19726 19736
 19699 19725 19909
 19583 19728 19862
 19662 19727 19882
 19587 19730 19850
 19648 19729 19865
 19550 19732 19761
 19719 19731 19917
 19553 19734 19764
 19705 19733 19919
 19555 19736 19768
 19725 19735 19921
 19663 19738 19881
 19685 19737 19891
 19647 19740 19864
 19664 19739 19883
 19649 19742 19866
 19666 19741 19895
 19563 19744 19758
 19715 19743 19929
 19549 19746 19760
 19717 19745 19931
 19565 19748 19804
 19721 19747 19933
 19567 19750 19766
 19723 19749 19935
 19686 19752 19892
 19683 19751 19912
 19665 19754 19884
 19687 19753 19893
 19667 19756 19896
 19689 19755 19915
 19589 19758 19800
 19743 19757 19941
 19591 19760 19854
 19745 19759 19943
 19731 19762 19945
 19593 19761 19856
 19595 19764 19802
 19733 19763 19947
 19597 19766 19858
 19749 19765 19949
 19599 19768 19860
 19735 19767 19951
 19603 19771 19773
 19602 19771 19806
 19769 19770 19966
 19570 19773 19775
 19769 19772 19965
 19572 19775 19777
 19772 19774 19968
 19574 19777 19779
 19774 19776 19970
 19605 19779 19808
 19776 19778 19972
 19661 19841 NaN
 19782 19974 NaN
 19642 19781 19784
 19644 19784 19786
 19782 19783 19975
 19645 19786 19788
 19783 19785 19977
 19577 19788 19843
 19785 19787 19979
 19581 19790 19844
 19684 19789 19911
 19688 19792 19894
 19701 19791 19913
 19690 19794 19916
 19703 19793 19925
 19668 19796 19898
 19713 19795 19927
 19652 19798 19885
 19669 19797 19897
 19654 19800 19852
 19757 19799 19987
 19656 19802 19874
 19763 19801 19961
 19658 19804 19876
 19747 19803 19963
 19660 19806 19880
 19770 19805 19997
 19607 19808 19810
 19778 19807 19999
 19609 19810 19812
 19807 19809 20001
 19611 19812 19814
 19809 19811 20003
 19613 19814 19816
 19811 19813 20005
 19615 19816 19818
 19813 19815 20007
 19617 19818 19820
 19815 19817 20009
 19619 19820 19822
 19817 19819 20011
 19621 19822 19824
 19819 19821 20013
 19623 19824 19826
 19821 19823 20015
 19625 19826 19828
 19823 19825 20017
 19627 19828 19830
 19825 19827 20019
 19629 19830 19832
 19827 19829 20021
 19631 19832 19834
 19829 19831 20023
 19633 19834 19836
 19831 19833 20025
 19635 19836 19838
 19833 19835 20027
 19637 19838 19840
 19835 19837 20029
 19639 19840 19841
 19837 19839 20031
 19780 19839 20033
 19579 19843 19844
 19787 19842 20036
 19789 19842 20038
 19702 19846 19914
 19709 19845 19923
 19704 19848 19926
 19711 19847 19937
 19714 19850 19928
 19729 19849 19939
 19672 19852 19868
 19799 19851 20050
 19674 19854 19870
 19759 19853 19989
 19676 19856 19872
 19762 19855 19991
 19680 19858 19890
 19765 19857 19993
 19682 19860 19878
 19767 19859 19995
 19710 19862 19924
 19727 19861 19955
 19712 19864 19938
 19739 19863 19957
 19730 19866 19940
 19741 19865 19959
 19671 19868 19886
 19851 19867 20068
 19692 19870 19900
 19853 19869 20052
 19694 19872 19902
 19855 19871 20054
 19696 19874 19904
 19801 19873 20056
 19678 19876 19888
 19803 19875 20058
 19698 19878 19908
 19859 19877 20060
 19700 19880 19910
 19805 19879 20062
 19737 19882 19953
 19728 19881 19956
 19740 19884 19958
 19753 19883 19981
 19797 19886 19985
 19867 19885 20078
 19706 19888 19920
 19875 19887 20070
 19708 19890 19906
 19857 19889 20072
 19738 19892 19954
 19751 19891 20042
 19754 19894 19982
 19791 19893 20044
 19742 19896 19960
 19755 19895 19983
 19798 19898 19986
 19795 19897 20048
 19716 19900 19930
 19869 19899 20080
 19718 19902 19932
 19871 19901 20082
 19720 19904 19918
 19873 19903 20084
 19722 19906 19934
 19889 19905 20086
 19724 19908 19936
 19877 19907 20088
 19726 19910 19922
 19879 19909 20090
 19790 19912 20040
 19752 19911 20043
 19792 19914 20045
 19845 19913 20064
 19756 19916 19984
 19793 19915 20046
 19732 19918 19946
 19903 19917 20099
 19734 19920 19948
 19887 19919 20101
 19736 19922 19952
 19909 19921 20103
 19846 19924 20065
 19861 19923 20074
 19794 19926 20047
 19847 19925 20066
 19796 19928 20049
 19849 19927 20076
 19744 19930 19942
 19899 19929 20111
 19746 19932 19944
 19901 19931 20113
 19748 19934 19964
 19905 19933 20115
 19750 19936 19950
 19907 19935 20117
 19848 19938 20067
 19863 19937 20094
 19850 19940 20077
 19865 19939 20096
 19758 19942 19988
 19929 19941 20127
 19760 19944 19990
 19931 19943 20129
 19761 19946 19992
 19917 19945 20131
 19764 19948 19962
 19919 19947 20133
 19766 19950 19994
 19935 19949 20135
 19768 19952 19996
 19921 19951 20137
 19881 19954 20093
 19891 19953 20105
 19862 19956 20075
 19882 19955 20092
 19864 19958 20095
 19883 19957 20107
 19866 19960 20097
 19895 19959 20109
 19802 19962 20057
 19947 19961 20145
 19804 19964 20059
 19933 19963 20147
 19773 19967 19969
 19771 19967 19998
 19965 19966 20165
 19775 19969 19971
 19965 19968 20168
 19777 19971 19973
 19968 19970 20170
 19779 19973 20000
 19970 19972 20172
 19781 19976 NaN
 19784 19976 19978
 19974 19975 20176
 19786 19978 19980
 19975 19977 20177
 19788 19980 20037
 19977 19979 20179
 19884 19982 20108
 19893 19981 20121
 19896 19984 20110
 19915 19983 20123
 19885 19986 20098
 19897 19985 20125
 19800 19988 20051
 19941 19987 20155
 19854 19990 20053
 19943 19989 20157
 19856 19992 20055
 19945 19991 20160
 19858 19994 20073
 19949 19993 20161
 19860 19996 20061
 19951 19995 20163
 19806 19998 20063
 19966 19997 20166
 19808 20000 20002
 19972 19999 20198
 19810 20002 20004
 19999 20001 20200
 19812 20004 20006
 20001 20003 20202
 19814 20006 20008
 20003 20005 20204
 19816 20008 20010
 20005 20007 20206
 19818 20010 20012
 20007 20009 20208
 19820 20012 20014
 20009 20011 20210
 19822 20014 20016
 20011 20013 20212
 19824 20016 20018
 20013 20015 20214
 19826 20018 20020
 20015 20017 20216
 19828 20020 20022
 20017 20019 20218
 19830 20022 20024
 20019 20021 20220
 19832 20024 20026
 20021 20023 20222
 19834 20026 20028
 20023 20025 20224
 19836 20028 20030
 20025 20027 20226
 19838 20030 20032
 20027 20029 20228
 19840 20032 20034
 20029 20031 20230
 19841 20034 20035
 20031 20033 20232
 20033 20174 NaN
 19843 20037 20039
 19979 20036 20235
 19844 20039 20041
 20036 20038 20181
 19911 20041 20119
 20038 20040 20182
 19892 20043 20106
 19912 20042 20120
 19894 20045 20122
 19913 20044 20139
 19916 20047 20124
 19925 20046 20141
 19898 20049 20126
 19927 20048 20143
 19852 20051 20069
 19987 20050 20188
 19870 20053 20081
 19989 20052 20247
 19872 20055 20083
 19991 20054 20190
 19874 20057 20085
 19961 20056 20192
 19876 20059 20071
 19963 20058 20194
 19878 20061 20089
 19995 20060 20253
 19880 20063 20091
 19997 20062 20196
 19914 20065 20140
 19923 20064 20149
 19926 20067 20142
 19937 20066 20151
 19868 20069 20079
 20050 20068 20245
 19888 20071 20102
 20058 20070 20249
 19890 20073 20087
 19993 20072 20251
 19924 20075 20150
 19955 20074 20184
 19928 20077 20144
 19939 20076 20153
 19886 20079 20098
 20068 20078 20277
 19900 20081 20112
 20052 20080 20263
 19902 20083 20114
 20054 20082 20265
 19904 20085 20100
 20056 20084 20267
 19906 20087 20116
 20072 20086 20283
 19908 20089 20118
 20060 20088 20269
 19910 20091 20104
 20062 20090 20271
 19956 20093 20185
 19953 20092 20239
 19938 20095 20152
 19957 20094 20186
 19940 20097 20154
 19959 20096 20243
 19985 20078 20261
 19918 20100 20132
 20084 20099 20279
 19920 20102 20134
 20070 20101 20281
 19922 20104 20138
 20090 20103 20285
 19954 20106 20240
 20042 20105 20255
 19958 20108 20187
 19981 20107 20241
 19960 20110 20244
 19983 20109 20259
 19930 20112 20128
 20080 20111 20293
 19932 20114 20130
 20082 20113 20295
 19934 20116 20148
 20086 20115 20297
 19936 20118 20136
 20088 20117 20299
 20040 20120 20238
 20043 20119 20256
 19982 20122 20242
 20044 20121 20257
 19984 20124 20260
 20046 20123 20273
 19986 20126 20262
 20048 20125 20275
 19942 20128 20156
 20111 20127 20309
 19944 20130 20158
 20113 20129 20311
 19946 20132 20159
 20099 20131 20313
 19948 20134 20146
 20101 20133 20315
 19950 20136 20162
 20117 20135 20329
 19952 20138 20164
 20103 20137 20317
 20045 20140 20258
 20064 20139 20287
 20047 20142 20274
 20066 20141 20289
 20049 20144 20276
 20076 20143 20291
 19962 20146 20193
 20133 20145 20325
 19964 20148 20195
 20115 20147 20327
 20065 20150 20288
 20074 20149 20301
 20067 20152 20290
 20094 20151 20303
 20077 20154 20292
 20096 20153 20305
 19988 20156 20189
 20127 20155 20339
 19990 20158 20248
 20129 20157 20341
 20131 20160 20343
 19992 20159 20191
 19994 20162 20252
 20135 20161 20345
 19996 20164 20254
 20137 20163 20347
 19967 20167 20169
 19998 20167 20197
 20165 20166 20366
 19969 20169 20171
 20165 20168 20369
 19971 20171 20173
 20168 20170 20371
 19973 20173 20199
 20170 20172 20373
 20035 20234 NaN
 20176 20377 NaN
 19976 20175 20178
 19978 20178 20180
 20176 20177 20378
 19980 20180 20236
 20177 20179 20380
 20039 20183 20237
 20041 20183 20238
 20181 20182 20433
 20075 20185 20302
 20092 20184 20319
 20095 20187 20304
 20107 20186 20321
 20051 20189 20246
 20155 20188 20358
 20055 20191 20266
 20160 20190 20361
 20057 20193 20268
 20145 20192 20362
 20059 20195 20250
 20147 20194 20364
 20063 20197 20272
 20166 20196 20367
 20000 20199 20201
 20172 20198 20375
 20002 20201 20203
 20198 20200 20392
 20004 20203 20205
 20200 20202 20394
 20006 20205 20207
 20202 20204 20396
 20008 20207 20209
 20204 20206 20398
 20010 20209 20211
 20206 20208 20400
 20012 20211 20213
 20208 20210 20402
 20014 20213 20215
 20210 20212 20404
 20016 20215 20217
 20212 20214 20406
 20018 20217 20219
 20214 20216 20408
 20020 20219 20221
 20216 20218 20410
 20022 20221 20223
 20218 20220 20412
 20024 20223 20225
 20220 20222 20414
 20026 20225 20227
 20222 20224 20416
 20028 20227 20229
 20224 20226 20418
 20030 20229 20231
 20226 20228 20420
 20032 20231 20233
 20228 20230 20422
 20034 20233 20234
 20230 20232 20424
 20174 20232 20426
 20037 20236 20237
 20179 20235 20429
 20181 20235 20431
 20119 20182 20349
 20093 20240 20320
 20105 20239 20331
 20108 20242 20322
 20121 20241 20333
 20097 20244 20306
 20109 20243 20323
 20069 20246 20278
 20188 20245 20442
 20053 20248 20264
 20157 20247 20384
 20071 20250 20282
 20194 20249 20386
 20073 20252 20284
 20161 20251 20388
 20061 20254 20270
 20163 20253 20390
 20106 20256 20332
 20120 20255 20350
 20122 20258 20334
 20139 20257 20352
 20110 20260 20324
 20123 20259 20335
 20098 20262 20307
 20125 20261 20337
 20081 20264 20294
 20247 20263 20444
 20083 20266 20296
 20190 20265 20446
 20085 20268 20280
 20192 20267 20448
 20089 20270 20300
 20253 20269 20450
 20091 20272 20286
 20196 20271 20452
 20124 20274 20336
 20141 20273 20354
 20126 20276 20338
 20143 20275 20356
 20079 20278 20308
 20245 20277 20460
 20100 20280 20314
 20267 20279 20462
 20102 20282 20316
 20249 20281 20464
 20087 20284 20298
 20251 20283 20466
 20104 20286 20318
 20271 20285 20486
 20140 20288 20353
 20149 20287 20382
 20142 20290 20355
 20151 20289 20438
 20144 20292 20357
 20153 20291 20440
 20112 20294 20310
 20263 20293 20478
 20114 20296 20312
 20265 20295 20480
 20116 20298 20328
 20283 20297 20482
 20118 20300 20330
 20269 20299 20484
 20150 20302 20383
 20184 20301 20436
 20152 20304 20439
 20186 20303 20456
 20154 20306 20441
 20243 20305 20458
 20261 20308 20474
 20277 20307 20476
 20128 20310 20340
 20293 20309 20494
 20130 20312 20342
 20295 20311 20496
 20132 20314 20344
 20279 20313 20498
 20134 20316 20326
 20281 20315 20500
 20138 20318 20348
 20285 20317 20502
 20185 20320 20437
 20239 20319 20454
 20187 20322 20457
 20241 20321 20470
 20244 20324 20459
 20259 20323 20472
 20146 20326 20363
 20315 20325 20510
 20148 20328 20365
 20297 20327 20512
 20136 20330 20346
 20299 20329 20514
 20240 20332 20455
 20255 20331 20468
 20242 20334 20471
 20257 20333 20488
 20260 20336 20473
 20273 20335 20490
 20262 20338 20475
 20275 20337 20492
 20156 20340 20359
 20309 20339 20522
 20158 20342 20385
 20311 20341 20524
 20159 20344 20360
 20313 20343 20526
 20162 20346 20389
 20329 20345 20528
 20164 20348 20391
 20317 20347 20530
 20238 20351 20435
 20256 20351 20469
 20349 20350 20573
 20258 20353 20489
 20287 20352 20504
 20274 20355 20491
 20289 20354 20506
 20276 20357 20493
 20291 20356 20508
 20189 20359 20443
 20339 20358 20538
 20343 20361 20540
 20191 20360 20447
 20193 20363 20449
 20325 20362 20542
 20195 20365 20387
 20327 20364 20544
 20167 20368 20370
 20197 20368 20453
 20366 20367 20559
 20169 20370 20372
 20366 20369 20558
 20171 20372 20374
 20369 20371 20560
 20173 20374 20376
 20371 20373 20562
 20199 20376 20393
 20373 20375 20564
 20175 20379 NaN
 20178 20379 20381
 20377 20378 20568
 20180 20381 20430
 20378 20380 20569
 20288 20383 20505
 20301 20382 20516
 20248 20385 20445
 20341 20384 20550
 20250 20387 20465
 20364 20386 20552
 20252 20389 20467
 20345 20388 20554
 20254 20391 20451
 20347 20390 20556
 20201 20393 20395
 20375 20392 20593
 20203 20395 20397
 20392 20394 20595
 20205 20397 20399
 20394 20396 20597
 20207 20399 20401
 20396 20398 20599
 20209 20401 20403
 20398 20400 20601
 20211 20403 20405
 20400 20402 20603
 20213 20405 20407
 20402 20404 20605
 20215 20407 20409
 20404 20406 20607
 20217 20409 20411
 20406 20408 20609
 20219 20411 20413
 20408 20410 20611
 20221 20413 20415
 20410 20412 20613
 20223 20415 20417
 20412 20414 20615
 20225 20417 20419
 20414 20416 20617
 20227 20419 20421
 20416 20418 20619
 20229 20421 20423
 20418 20420 20621
 20231 20423 20425
 20420 20422 20623
 20233 20425 20427
 20422 20424 20625
 20234 20427 20428
 20424 20426 20627
 20426 20566 NaN
 20236 20430 20432
 20380 20429 20571
 20237 20432 20434
 20429 20431 20630
 20183 20434 20435
 20431 20433 20632
 20349 20433 20634
 20302 20437 20517
 20319 20436 20532
 20290 20439 20507
 20303 20438 20518
 20292 20441 20509
 20305 20440 20520
 20246 20443 20461
 20358 20442 20581
 20264 20445 20479
 20384 20444 20583
 20266 20447 20481
 20361 20446 20585
 20268 20449 20463
 20362 20448 20587
 20270 20451 20485
 20390 20450 20589
 20272 20453 20487
 20367 20452 20591
 20320 20455 20533
 20331 20454 20546
 20304 20457 20519
 20321 20456 20534
 20306 20459 20521
 20323 20458 20548
 20278 20461 20477
 20442 20460 20643
 20280 20463 20499
 20448 20462 20645
 20282 20465 20501
 20386 20464 20647
 20284 20467 20483
 20388 20466 20649
 20332 20469 20547
 20350 20468 20574
 20322 20471 20535
 20333 20470 20575
 20324 20473 20549
 20335 20472 20577
 20307 20475 20537
 20337 20474 20579
 20308 20477 20536
 20460 20476 20673
 20294 20479 20495
 20444 20478 20657
 20296 20481 20497
 20446 20480 20659
 20298 20483 20513
 20466 20482 20661
 20300 20485 20515
 20450 20484 20663
 20286 20487 20503
 20452 20486 20665
 20334 20489 20576
 20352 20488 20637
 20336 20491 20578
 20354 20490 20639
 20338 20493 20580
 20356 20492 20641
 20310 20495 20523
 20478 20494 20676
 20312 20497 20525
 20480 20496 20692
 20314 20499 20527
 20462 20498 20678
 20316 20501 20511
 20464 20500 20680
 20318 20503 20531
 20486 20502 20682
 20353 20505 20638
 20382 20504 20651
 20355 20507 20640
 20438 20506 20653
 20357 20509 20642
 20440 20508 20655
 20326 20511 20543
 20500 20510 20694
 20328 20513 20545
 20482 20512 20696
 20330 20515 20529
 20484 20514 20698
 20383 20517 20652
 20436 20516 20667
 20439 20519 20654
 20456 20518 20669
 20441 20521 20656
 20458 20520 20671
 20340 20523 20539
 20494 20522 20708
 20342 20525 20551
 20496 20524 20710
 20344 20527 20541
 20498 20526 20712
 20346 20529 20555
 20514 20528 20714
 20348 20531 20557
 20502 20530 20716
 20437 20533 20668
 20454 20532 20684
 20457 20535 20670
 20470 20534 20686
 20476 20537 20674
 20474 20536 20690
 20359 20539 20582
 20522 20538 20730
 20360 20541 20586
 20526 20540 20734
 20363 20543 20588
 20510 20542 20720
 20365 20545 20553
 20512 20544 20722
 20455 20547 20685
 20468 20546 20701
 20459 20549 20672
 20472 20548 20688
 20385 20551 20584
 20524 20550 20732
 20387 20553 20648
 20544 20552 20736
 20389 20555 20650
 20528 20554 20738
 20391 20557 20590
 20530 20556 20740
 20370 20559 20561
 20368 20558 20592
 20372 20561 20563
 20558 20560 20758
 20374 20563 20565
 20560 20562 20761
 20376 20565 20594
 20562 20564 20763
 20428 20629 NaN
 20568 20765 NaN
 20379 20567 20570
 20381 20570 20572
 20568 20569 20766
 20430 20572 20631
 20569 20571 20768
 20351 20574 20636
 20469 20573 20700
 20471 20576 20687
 20488 20575 20702
 20473 20578 20689
 20490 20577 20704
 20475 20580 20691
 20492 20579 20706
 20443 20582 20644
 20538 20581 20748
 20445 20584 20658
 20550 20583 20750
 20447 20586 20660
 20540 20585 20753
 20449 20588 20646
 20542 20587 20754
 20451 20590 20664
 20556 20589 20756
 20453 20592 20666
 20559 20591 20759
 20393 20594 20596
 20564 20593 20789
 20395 20596 20598
 20593 20595 20791
 20397 20598 20600
 20595 20597 20793
 20399 20600 20602
 20597 20599 20795
 20401 20602 20604
 20599 20601 20797
 20403 20604 20606
 20601 20603 20799
 20405 20606 20608
 20603 20605 20801
 20407 20608 20610
 20605 20607 20803
 20409 20610 20612
 20607 20609 20805
 20411 20612 20614
 20609 20611 20807
 20413 20614 20616
 20611 20613 20809
 20415 20616 20618
 20613 20615 20811
 20417 20618 20620
 20615 20617 20813
 20419 20620 20622
 20617 20619 20815
 20421 20622 20624
 20619 20621 20817
 20423 20624 20626
 20621 20623 20819
 20425 20626 20628
 20623 20625 20821
 20427 20628 20629
 20625 20627 20823
 20566 20627 20825
 20432 20631 20633
 20571 20630 20828
 20434 20633 20635
 20630 20632 20830
 20435 20635 20636
 20632 20634 20832
 20573 20634 20770
 20489 20638 20703
 20504 20637 20718
 20491 20640 20705
 20506 20639 20726
 20493 20642 20707
 20508 20641 20728
 20461 20644 20675
 20581 20643 20781
 20463 20646 20679
 20587 20645 20783
 20465 20648 20681
 20552 20647 20785
 20467 20650 20662
 20554 20649 20787
 20505 20652 20719
 20516 20651 20724
 20507 20654 20727
 20518 20653 20744
 20509 20656 20729
 20520 20655 20746
 20479 20658 20677
 20583 20657 20841
 20481 20660 20693
 20585 20659 20843
 20483 20662 20697
 20649 20661 20845
 20485 20664 20699
 20589 20663 20847
 20487 20666 20683
 20591 20665 20849
 20517 20668 20725
 20532 20667 20742
 20519 20670 20745
 20534 20669 20775
 20521 20672 20747
 20548 20671 20777
 20477 20674 20675
 20536 20673 20779
 20643 20673 20857
 20495 20677 20709
 20657 20676 20873
 20499 20679 20713
 20645 20678 20859
 20501 20681 20695
 20647 20680 20861
 20503 20683 20717
 20665 20682 20863
 20533 20685 20743
 20546 20684 20773
 20535 20687 20776
 20575 20686 20835
 20549 20689 20778
 20577 20688 20837
 20537 20691 20780
 20579 20690 20839
 20497 20693 20711
 20659 20692 20875
 20511 20695 20721
 20680 20694 20877
 20513 20697 20723
 20661 20696 20879
 20515 20699 20715
 20663 20698 20881
 20574 20701 20771
 20547 20700 20774
 20576 20703 20836
 20637 20702 20851
 20578 20705 20838
 20639 20704 20853
 20580 20707 20840
 20641 20706 20855
 20523 20709 20731
 20676 20708 20885
 20525 20711 20733
 20692 20710 20887
 20527 20713 20735
 20678 20712 20889
 20529 20715 20739
 20698 20714 20891
 20531 20717 20741
 20682 20716 20893
 20638 20719 20852
 20651 20718 20865
 20543 20721 20755
 20694 20720 20901
 20545 20723 20737
 20696 20722 20903
 20652 20725 20866
 20667 20724 20883
 20640 20727 20854
 20653 20726 20867
 20642 20729 20856
 20655 20728 20869
 20539 20731 20749
 20708 20730 20913
 20551 20733 20751
 20710 20732 20915
 20541 20735 20752
 20712 20734 20917
 20553 20737 20786
 20722 20736 20919
 20555 20739 20788
 20714 20738 20921
 20557 20741 20757
 20716 20740 20923
 20668 20743 20884
 20684 20742 20895
 20654 20745 20868
 20669 20744 20897
 20656 20747 20870
 20671 20746 20899
 20582 20749 20782
 20730 20748 20931
 20584 20751 20842
 20732 20750 20933
 20734 20753 20935
 20586 20752 20844
 20588 20755 20784
 20720 20754 20937
 20590 20757 20848
 20740 20756 20939
 20561 20760 20762
 20592 20760 20850
 20758 20759 20952
 20563 20762 20764
 20758 20761 20951
 20565 20764 20790
 20761 20763 20954
 20567 20767 NaN
 20570 20767 20769
 20765 20766 20960
 20572 20769 20829
 20766 20768 20961
 20636 20772 20834
 20700 20772 20905
 20770 20771 20966
 20685 20774 20896
 20701 20773 20906
 20670 20776 20898
 20686 20775 20907
 20672 20778 20900
 20688 20777 20909
 20674 20780 20871
 20690 20779 20911
 20644 20782 20858
 20748 20781 20974
 20646 20784 20860
 20754 20783 20980
 20648 20786 20862
 20736 20785 20947
 20650 20788 20846
 20738 20787 20949
 20594 20790 20792
 20763 20789 20956
 20596 20792 20794
 20789 20791 20988
 20598 20794 20796
 20791 20793 20990
 20600 20796 20798
 20793 20795 20992
 20602 20798 20800
 20795 20797 20994
 20604 20800 20802
 20797 20799 20996
 20606 20802 20804
 20799 20801 20998
 20608 20804 20806
 20801 20803 21000
 20610 20806 20808
 20803 20805 21002
 20612 20808 20810
 20805 20807 21004
 20614 20810 20812
 20807 20809 21006
 20616 20812 20814
 20809 20811 21008
 20618 20814 20816
 20811 20813 21010
 20620 20816 20818
 20813 20815 21012
 20622 20818 20820
 20815 20817 21014
 20624 20820 20822
 20817 20819 21016
 20626 20822 20824
 20819 20821 21018
 20628 20824 20826
 20821 20823 21020
 20629 20826 20827
 20823 20825 21022
 20825 20958 NaN
 20631 20829 20831
 20768 20828 20963
 20633 20831 20833
 20828 20830 21025
 20635 20833 20834
 20830 20832 21027
 20770 20832 20965
 20687 20836 20908
 20702 20835 20925
 20689 20838 20910
 20704 20837 20927
 20691 20840 20912
 20706 20839 20929
 20658 20842 20874
 20750 20841 20976
 20660 20844 20876
 20753 20843 20978
 20662 20846 20880
 20787 20845 20982
 20664 20848 20882
 20756 20847 20984
 20666 20850 20864
 20759 20849 20986
 20703 20852 20926
 20718 20851 20941
 20705 20854 20928
 20726 20853 20943
 20707 20856 20930
 20728 20855 20945
 20675 20858 20872
 20781 20857 21039
 20679 20860 20890
 20783 20859 21041
 20681 20862 20878
 20785 20861 21043
 20683 20864 20894
 20849 20863 21045
 20719 20866 20942
 20724 20865 20968
 20727 20868 20944
 20744 20867 20970
 20729 20870 20946
 20746 20869 20972
 20779 20872 21037
 20857 20871 21055
 20677 20874 20886
 20841 20873 21057
 20693 20876 20888
 20843 20875 21059
 20695 20878 20902
 20861 20877 21061
 20697 20880 20904
 20845 20879 21063
 20699 20882 20892
 20847 20881 21065
 20725 20884 20969
 20742 20883 21031
 20709 20886 20914
 20873 20885 21069
 20711 20888 20916
 20875 20887 21071
 20713 20890 20918
 20859 20889 21073
 20715 20892 20922
 20881 20891 21075
 20717 20894 20924
 20863 20893 21077
 20743 20896 21032
 20773 20895 21047
 20745 20898 20971
 20775 20897 21033
 20747 20900 20973
 20777 20899 21035
 20721 20902 20938
 20877 20901 21086
 20723 20904 20920
 20879 20903 21088
 20771 20906 21030
 20774 20905 21048
 20776 20908 21034
 20835 20907 21049
 20778 20910 21036
 20837 20909 21051
 20780 20912 21038
 20839 20911 21053
 20731 20914 20932
 20885 20913 21096
 20733 20916 20934
 20887 20915 21098
 20735 20918 20936
 20889 20917 21100
 20737 20920 20948
 20903 20919 21102
 20739 20922 20950
 20891 20921 21104
 20741 20924 20940
 20893 20923 21106
 20836 20926 21050
 20851 20925 21067
 20838 20928 21052
 20853 20927 21081
 20840 20930 21054
 20855 20929 21083
 20749 20932 20975
 20913 20931 21114
 20751 20934 20977
 20915 20933 21128
 20752 20936 20979
 20917 20935 21116
 20755 20938 20981
 20901 20937 21118
 20757 20940 20985
 20923 20939 21120
 20852 20942 21068
 20865 20941 21079
 20854 20944 21082
 20867 20943 21092
 20856 20946 21084
 20869 20945 21094
 20786 20948 21044
 20919 20947 21130
 20788 20950 20983
 20921 20949 21132
 20762 20953 20955
 20760 20953 20987
 20951 20952 21155
 20764 20955 20957
 20951 20954 21158
 20790 20957 20989
 20954 20956 21160
 20827 21024 NaN
 20960 21164 NaN
 20767 20959 20962
 20769 20962 20964
 20960 20961 21165
 20829 20964 21026
 20961 20963 21167
 20834 20967 21029
 20772 20967 21030
 20965 20966 21174
 20866 20969 21080
 20883 20968 21090
 20868 20971 21093
 20897 20970 21110
 20870 20973 21095
 20899 20972 21112
 20782 20975 21040
 20931 20974 21143
 20842 20977 21058
 20933 20976 21145
 20844 20979 21060
 20935 20978 21148
 20784 20981 21042
 20937 20980 21149
 20846 20983 21064
 20949 20982 21151
 20848 20985 21066
 20939 20984 21153
 20850 20987 21046
 20952 20986 21156
 20792 20989 20991
 20956 20988 21162
 20794 20991 20993
 20988 20990 21190
 20796 20993 20995
 20990 20992 21192
 20798 20995 20997
 20992 20994 21194
 20800 20997 20999
 20994 20996 21196
 20802 20999 21001
 20996 20998 21198
 20804 21001 21003
 20998 21000 21200
 20806 21003 21005
 21000 21002 21202
 20808 21005 21007
 21002 21004 21204
 20810 21007 21009
 21004 21006 21206
 20812 21009 21011
 21006 21008 21208
 20814 21011 21013
 21008 21010 21210
 20816 21013 21015
 21010 21012 21212
 20818 21015 21017
 21012 21014 21214
 20820 21017 21019
 21014 21016 21216
 20822 21019 21021
 21016 21018 21218
 20824 21021 21023
 21018 21020 21220
 20826 21023 21024
 21020 21022 21222
 20958 21022 21224
 20831 21026 21028
 20963 21025 21169
 20833 21028 21029
 21025 21027 21171
 20965 21027 21173
 20905 20966 21134
 20884 21032 21091
 20895 21031 21108
 20898 21034 21111
 20907 21033 21122
 20900 21036 21113
 20909 21035 21124
 20871 21038 21085
 20911 21037 21126
 20858 21040 21056
 20974 21039 21182
 20860 21042 21074
 20980 21041 21184
 20862 21044 21062
 20947 21043 21186
 20864 21046 21078
 20986 21045 21188
 20896 21048 21109
 20906 21047 21135
 20908 21050 21123
 20925 21049 21137
 20910 21052 21125
 20927 21051 21139
 20912 21054 21127
 20929 21053 21141
 20872 21056 21085
 21039 21055 21247
 20874 21058 21070
 20976 21057 21233
 20876 21060 21072
 20978 21059 21235
 20878 21062 21087
 21043 21061 21237
 20880 21064 21089
 20982 21063 21239
 20882 21066 21076
 20984 21065 21241
 20926 21068 21138
 20941 21067 21176
 20886 21070 21097
 21057 21069 21249
 20888 21072 21099
 21059 21071 21251
 20890 21074 21101
 21041 21073 21253
 20892 21076 21105
 21065 21075 21255
 20894 21078 21107
 21045 21077 21257
 20942 21080 21177
 20968 21079 21229
 20928 21082 21140
 20943 21081 21178
 20930 21084 21142
 20945 21083 21180
 21037 21055 21265
 20902 21087 21119
 21061 21086 21269
 20904 21089 21103
 21063 21088 21271
 20969 21091 21230
 21031 21090 21244
 20944 21093 21179
 20970 21092 21245
 20946 21095 21181
 20972 21094 21231
 20914 21097 21115
 21069 21096 21279
 20916 21099 21129
 21071 21098 21281
 20918 21101 21117
 21073 21100 21283
 20920 21103 21131
 21088 21102 21285
 20922 21105 21133
 21075 21104 21287
 20924 21107 21121
 21077 21106 21289
 21032 21109 21243
 21047 21108 21259
 20971 21111 21246
 21033 21110 21261
 20973 21113 21232
 21035 21112 21263
 20932 21115 21144
 21096 21114 21309
 20936 21117 21147
 21100 21116 21297
 20938 21119 21150
 21086 21118 21299
 20940 21121 21154
 21106 21120 21301
 21034 21123 21262
 21049 21122 21273
 21036 21125 21264
 21051 21124 21275
 21038 21127 21266
 21053 21126 21277
 20934 21129 21146
 21098 21128 21311
 20948 21131 21187
 21102 21130 21313
 20950 21133 21152
 21104 21132 21315
 21030 21136 21228
 21048 21136 21260
 21134 21135 21340
 21050 21138 21274
 21067 21137 21291
 21052 21140 21276
 21081 21139 21293
 21054 21142 21278
 21083 21141 21295
 20975 21144 21183
 21114 21143 21325
 20977 21146 21234
 21128 21145 21327
 21116 21148 21329
 20979 21147 21236
 20981 21150 21185
 21118 21149 21331
 20983 21152 21240
 21132 21151 21333
 20985 21154 21242
 21120 21153 21335
 20953 21157 21159
 20987 21157 21189
 21155 21156 21352
 20955 21159 21161
 21155 21158 21337
 20957 21161 21163
 21158 21160 21338
 20989 21163 21191
 21160 21162 21354
 20959 21166 NaN
 20962 21166 21168
 21164 21165 21358
 20964 21168 21170
 21165 21167 21359
 21026 21170 21172
 21167 21169 21361
 21028 21172 21227
 21169 21171 21363
 21029 21175 21227
 20967 21175 21228
 21173 21174 21367
 21068 21177 21292
 21079 21176 21303
 21082 21179 21294
 21092 21178 21305
 21084 21181 21296
 21094 21180 21307
 21040 21183 21248
 21143 21182 21375
 21042 21185 21254
 21149 21184 21348
 21044 21187 21238
 21130 21186 21350
 21046 21189 21258
 21156 21188 21387
 20991 21191 21193
 21162 21190 21389
 20993 21193 21195
 21190 21192 21391
 20995 21195 21197
 21192 21194 21393
 20997 21197 21199
 21194 21196 21395
 20999 21199 21201
 21196 21198 21397
 21001 21201 21203
 21198 21200 21399
 21003 21203 21205
 21200 21202 21401
 21005 21205 21207
 21202 21204 21403
 21007 21207 21209
 21204 21206 21405
 21009 21209 21211
 21206 21208 21407
 21011 21211 21213
 21208 21210 21409
 21013 21213 21215
 21210 21212 21411
 21015 21215 21217
 21212 21214 21413
 21017 21217 21219
 21214 21216 21415
 21019 21219 21221
 21216 21218 21417
 21021 21221 21223
 21218 21220 21419
 21023 21223 21225
 21220 21222 21421
 21024 21225 21226
 21222 21224 21423
 21224 21356 NaN
 21171 21173 21365
 21134 21174 21369
 21080 21230 21304
 21090 21229 21319
 21095 21232 21308
 21112 21231 21323
 21058 21234 21250
 21145 21233 21377
 21060 21236 21252
 21148 21235 21380
 21062 21238 21270
 21186 21237 21381
 21064 21240 21272
 21151 21239 21383
 21066 21242 21256
 21153 21241 21385
 21108 21244 21317
 21091 21243 21320
 21093 21246 21306
 21110 21245 21321
 21056 21248 21268
 21182 21247 21431
 21070 21250 21280
 21233 21249 21433
 21072 21252 21282
 21235 21251 21435
 21074 21254 21284
 21184 21253 21437
 21076 21256 21288
 21241 21255 21439
 21078 21258 21290
 21188 21257 21441
 21109 21260 21318
 21135 21259 21341
 21111 21262 21322
 21122 21261 21342
 21113 21264 21324
 21124 21263 21344
 21085 21267 21268
 21126 21267 21346
 21265 21266 21479
 21247 21265 21449
 21087 21270 21300
 21237 21269 21451
 21089 21272 21286
 21239 21271 21453
 21123 21274 21343
 21137 21273 21371
 21125 21276 21345
 21139 21275 21429
 21127 21278 21347
 21141 21277 21373
 21097 21280 21310
 21249 21279 21461
 21099 21282 21312
 21251 21281 21463
 21101 21284 21298
 21253 21283 21465
 21103 21286 21314
 21271 21285 21467
 21105 21288 21316
 21255 21287 21469
 21107 21290 21302
 21257 21289 21471
 21138 21292 21372
 21176 21291 21427
 21140 21294 21430
 21178 21293 21445
 21142 21296 21374
 21180 21295 21447
 21117 21298 21330
 21283 21297 21482
 21119 21300 21332
 21269 21299 21484
 21121 21302 21336
 21289 21301 21486
 21177 21304 21428
 21229 21303 21443
 21179 21306 21446
 21245 21305 21457
 21181 21308 21448
 21231 21307 21459
 21115 21310 21326
 21279 21309 21494
 21129 21312 21328
 21281 21311 21496
 21131 21314 21351
 21285 21313 21498
 21133 21316 21334
 21287 21315 21500
 21243 21318 21456
 21259 21317 21474
 21230 21320 21444
 21244 21319 21455
 21246 21322 21458
 21261 21321 21475
 21232 21324 21460
 21263 21323 21477
 21144 21326 21376
 21309 21325 21508
 21146 21328 21378
 21311 21327 21510
 21147 21330 21379
 21297 21329 21512
 21150 21332 21349
 21299 21331 21514
 21152 21334 21384
 21315 21333 21516
 21154 21336 21386
 21301 21335 21518
 21159 21339 21353
 21161 21339 21355
 21337 21338 21530
 21136 21341 21426
 21260 21340 21473
 21262 21343 21476
 21273 21342 21488
 21264 21345 21478
 21275 21344 21490
 21266 21347 21480
 21277 21346 21492
 21185 21349 21438
 21331 21348 21526
 21187 21351 21382
 21313 21350 21528
 21157 21353 21388
 21337 21352 21531
 21163 21355 21390
 21338 21354 21533
 21226 21425 NaN
 21358 21549 NaN
 21166 21357 21360
 21168 21360 21362
 21358 21359 21550
 21170 21362 21364
 21359 21361 21552
 21172 21364 21366
 21361 21363 21554
 21227 21366 21368
 21363 21365 21556
 21175 21368 21370
 21365 21367 21558
 21228 21370 21426
 21367 21369 21560
 21274 21372 21489
 21291 21371 21502
 21278 21374 21493
 21295 21373 21506
 21183 21376 21432
 21325 21375 21537
 21234 21378 21434
 21327 21377 21539
 21329 21380 21541
 21236 21379 21436
 21238 21382 21452
 21350 21381 21578
 21240 21384 21454
 21333 21383 21543
 21242 21386 21440
 21335 21385 21545
 21189 21388 21442
 21352 21387 21547
 21191 21390 21392
 21354 21389 21584
 21193 21392 21394
 21389 21391 21586
 21195 21394 21396
 21391 21393 21588
 21197 21396 21398
 21393 21395 21590
 21199 21398 21400
 21395 21397 21592
 21201 21400 21402
 21397 21399 21594
 21203 21402 21404
 21399 21401 21596
 21205 21404 21406
 21401 21403 21598
 21207 21406 21408
 21403 21405 21600
 21209 21408 21410
 21405 21407 21602
 21211 21410 21412
 21407 21409 21604
 21213 21412 21414
 21409 21411 21606
 21215 21414 21416
 21411 21413 21608
 21217 21416 21418
 21413 21415 21610
 21219 21418 21420
 21415 21417 21612
 21221 21420 21422
 21417 21419 21614
 21223 21422 21424
 21419 21421 21616
 21225 21424 21425
 21421 21423 21618
 21356 21423 21620
 21340 21369 21562
 21292 21428 21503
 21303 21427 21520
 21276 21430 21491
 21293 21429 21504
 21248 21432 21450
 21375 21431 21572
 21250 21434 21462
 21377 21433 21631
 21252 21436 21464
 21380 21435 21574
 21254 21438 21466
 21348 21437 21576
 21256 21440 21470
 21385 21439 21580
 21258 21442 21472
 21387 21441 21582
 21304 21444 21521
 21319 21443 21536
 21294 21446 21505
 21305 21445 21522
 21296 21448 21507
 21307 21447 21524
 21268 21450 21481
 21431 21449 21629
 21270 21452 21485
 21381 21451 21633
 21272 21454 21468
 21383 21453 21635
 21320 21456 21535
 21317 21455 21566
 21306 21458 21523
 21321 21457 21568
 21308 21460 21525
 21323 21459 21570
 21280 21462 21495
 21433 21461 21643
 21282 21464 21497
 21435 21463 21645
 21284 21466 21483
 21437 21465 21647
 21286 21468 21499
 21453 21467 21665
 21288 21470 21501
 21439 21469 21649
 21290 21472 21487
 21441 21471 21651
 21341 21474 21564
 21318 21473 21567
 21322 21476 21569
 21342 21475 21623
 21324 21478 21571
 21344 21477 21625
 21267 21480 21481
 21346 21479 21627
 21449 21479 21659
 21298 21483 21513
 21465 21482 21661
 21300 21485 21515
 21451 21484 21663
 21302 21487 21519
 21471 21486 21667
 21343 21489 21624
 21371 21488 21637
 21345 21491 21626
 21429 21490 21639
 21347 21493 21628
 21373 21492 21641
 21310 21495 21509
 21461 21494 21679
 21312 21497 21511
 21463 21496 21681
 21314 21499 21529
 21467 21498 21683
 21316 21501 21517
 21469 21500 21685
 21372 21503 21638
 21427 21502 21654
 21430 21505 21640
 21445 21504 21655
 21374 21507 21642
 21447 21506 21657
 21326 21509 21538
 21494 21508 21693
 21328 21511 21540
 21496 21510 21695
 21330 21513 21542
 21482 21512 21697
 21332 21515 21527
 21484 21514 21699
 21334 21517 21544
 21500 21516 21711
 21336 21519 21546
 21486 21518 21701
 21428 21521 21653
 21443 21520 21671
 21446 21523 21656
 21457 21522 21673
 21448 21525 21658
 21459 21524 21675
 21349 21527 21577
 21514 21526 21707
 21351 21529 21579
 21498 21528 21709
 21339 21532 21534
 21353 21532 21548
 21530 21531 21713
 21355 21534 21585
 21530 21533 21714
 21455 21536 21669
 21444 21535 21672
 21376 21538 21573
 21508 21537 21717
 21378 21540 21632
 21510 21539 21719
 21379 21542 21575
 21512 21541 21721
 21384 21544 21636
 21516 21543 21723
 21386 21546 21581
 21518 21545 21725
 21388 21548 21583
 21531 21547 21727
 21357 21551 NaN
 21360 21551 21553
 21549 21550 21747
 21362 21553 21555
 21550 21552 21748
 21364 21555 21557
 21552 21554 21750
 21366 21557 21559
 21554 21556 21752
 21368 21559 21561
 21556 21558 21754
 21370 21561 21563
 21558 21560 21756
 21426 21563 21565
 21560 21562 21758
 21473 21565 21687
 21562 21564 21760
 21456 21567 21670
 21474 21566 21688
 21458 21569 21674
 21475 21568 21689
 21460 21571 21676
 21477 21570 21691
 21432 21573 21630
 21537 21572 21768
 21436 21575 21646
 21541 21574 21738
 21438 21577 21648
 21526 21576 21739
 21382 21579 21634
 21528 21578 21741
 21440 21581 21650
 21545 21580 21743
 21442 21583 21652
 21547 21582 21776
 21390 21585 21587
 21533 21584 21779
 21392 21587 21589
 21584 21586 21778
 21394 21589 21591
 21586 21588 21781
 21396 21591 21593
 21588 21590 21783
 21398 21593 21595
 21590 21592 21785
 21400 21595 21597
 21592 21594 21787
 21402 21597 21599
 21594 21596 21789
 21404 21599 21601
 21596 21598 21791
 21406 21601 21603
 21598 21600 21793
 21408 21603 21605
 21600 21602 21795
 21410 21605 21607
 21602 21604 21797
 21412 21607 21609
 21604 21606 21799
 21414 21609 21611
 21606 21608 21801
 21416 21611 21613
 21608 21610 21803
 21418 21613 21615
 21610 21612 21805
 21420 21615 21617
 21612 21614 21807
 21422 21617 21619
 21614 21616 21809
 21424 21619 21621
 21616 21618 21811
 21425 21621 21622
 21618 21620 21813
 21620 21745 NaN
 21476 21624 21690
 21488 21623 21715
 21478 21626 21692
 21490 21625 21703
 21480 21628 21677
 21492 21627 21705
 21450 21630 21660
 21572 21629 21823
 21434 21632 21644
 21539 21631 21770
 21452 21634 21664
 21578 21633 21772
 21454 21636 21666
 21543 21635 21774
 21489 21638 21716
 21502 21637 21731
 21491 21640 21704
 21504 21639 21733
 21493 21642 21706
 21506 21641 21735
 21462 21644 21680
 21631 21643 21825
 21464 21646 21682
 21574 21645 21827
 21466 21648 21662
 21576 21647 21829
 21470 21650 21686
 21580 21649 21831
 21472 21652 21668
 21582 21651 21833
 21520 21654 21729
 21503 21653 21732
 21505 21656 21734
 21522 21655 21764
 21507 21658 21736
 21524 21657 21766
 21481 21660 21678
 21629 21659 21841
 21483 21662 21698
 21647 21661 21843
 21485 21664 21700
 21633 21663 21845
 21468 21666 21684
 21635 21665 21847
 21487 21668 21702
 21651 21667 21867
 21535 21670 21763
 21566 21669 21817
 21521 21672 21730
 21536 21671 21762
 21523 21674 21765
 21568 21673 21819
 21525 21676 21767
 21570 21675 21821
 21627 21678 21839
 21659 21677 21857
 21495 21680 21694
 21643 21679 21859
 21497 21682 21696
 21645 21681 21861
 21499 21684 21710
 21665 21683 21863
 21501 21686 21712
 21649 21685 21865
 21564 21688 21816
 21567 21687 21818
 21569 21690 21820
 21623 21689 21835
 21571 21692 21822
 21625 21691 21837
 21509 21694 21718
 21679 21693 21875
 21511 21696 21720
 21681 21695 21877
 21513 21698 21722
 21661 21697 21879
 21515 21700 21708
 21663 21699 21881
 21519 21702 21726
 21667 21701 21883
 21626 21704 21838
 21639 21703 21853
 21628 21706 21840
 21641 21705 21855
 21527 21708 21740
 21699 21707 21890
 21529 21710 21742
 21683 21709 21892
 21517 21712 21724
 21685 21711 21894
 21532 21714 21728
 21534 21713 21849
 21624 21716 21836
 21637 21715 21851
 21538 21718 21769
 21693 21717 21900
 21540 21720 21771
 21695 21719 21902
 21542 21722 21737
 21697 21721 21904
 21544 21724 21775
 21711 21723 21906
 21546 21726 21744
 21701 21725 21908
 21548 21728 21777
 21713 21727 21910
 21653 21730 21870
 21671 21729 21885
 21638 21732 21852
 21654 21731 21869
 21640 21734 21854
 21655 21733 21871
 21642 21736 21856
 21657 21735 21873
 21721 21738 21919
 21575 21737 21828
 21577 21740 21830
 21707 21739 21921
 21579 21742 21773
 21709 21741 21923
 21581 21744 21832
 21725 21743 21939
 21622 21815 NaN
 21747 21943 NaN
 21551 21746 21749
 21553 21749 21751
 21747 21748 21944
 21555 21751 21753
 21748 21750 21946
 21557 21753 21755
 21750 21752 21948
 21559 21755 21757
 21752 21754 21950
 21561 21757 21759
 21754 21756 21952
 21563 21759 21761
 21756 21758 21954
 21565 21761 21816
 21758 21760 21956
 21672 21763 21886
 21669 21762 21897
 21656 21765 21872
 21673 21764 21898
 21658 21767 21874
 21675 21766 21887
 21573 21769 21824
 21717 21768 21931
 21632 21771 21826
 21719 21770 21933
 21634 21773 21846
 21741 21772 21935
 21636 21775 21848
 21723 21774 21937
 21583 21777 21834
 21727 21776 21941
 21587 21780 21782
 21585 21780 21850
 21778 21779 21977
 21589 21782 21784
 21778 21781 21976
 21591 21784 21786
 21781 21783 21979
 21593 21786 21788
 21783 21785 21981
 21595 21788 21790
 21785 21787 21983
 21597 21790 21792
 21787 21789 21985
 21599 21792 21794
 21789 21791 21987
 21601 21794 21796
 21791 21793 21989
 21603 21796 21798
 21793 21795 21991
 21605 21798 21800
 21795 21797 21993
 21607 21800 21802
 21797 21799 21995
 21609 21802 21804
 21799 21801 21997
 21611 21804 21806
 21801 21803 21999
 21613 21806 21808
 21803 21805 22001
 21615 21808 21810
 21805 21807 22003
 21617 21810 21812
 21807 21809 22005
 21619 21812 21814
 21809 21811 22007
 21621 21814 21815
 21811 21813 22009
 21745 21813 22011
 21687 21760 21912
 21670 21818 21896
 21688 21817 21913
 21674 21820 21899
 21689 21819 21915
 21676 21822 21888
 21691 21821 21917
 21630 21824 21842
 21768 21823 21964
 21644 21826 21860
 21770 21825 21966
 21646 21828 21862
 21738 21827 21969
 21648 21830 21844
 21739 21829 21970
 21650 21832 21866
 21743 21831 21972
 21652 21834 21868
 21776 21833 21974
 21690 21836 21916
 21715 21835 21925
 21692 21838 21918
 21703 21837 21927
 21677 21840 21889
 21705 21839 21929
 21660 21842 21858
 21823 21841 22021
 21662 21844 21880
 21829 21843 22023
 21664 21846 21882
 21772 21845 22025
 21666 21848 21864
 21774 21847 22027
 21714 21850 21911
 21779 21849 22029
 21716 21852 21926
 21731 21851 21958
 21704 21854 21928
 21733 21853 21960
 21706 21856 21930
 21735 21855 21962
 21678 21858 21889
 21841 21857 22039
 21680 21860 21876
 21825 21859 22041
 21682 21862 21878
 21827 21861 22043
 21684 21864 21893
 21847 21863 22045
 21686 21866 21895
 21831 21865 22047
 21668 21868 21884
 21833 21867 22049
 21732 21870 21959
 21729 21869 22016
 21734 21872 21961
 21764 21871 22017
 21736 21874 21963
 21766 21873 22019
 21694 21876 21901
 21859 21875 22057
 21696 21878 21903
 21861 21877 22059
 21698 21880 21905
 21843 21879 22061
 21700 21882 21891
 21845 21881 22063
 21702 21884 21909
 21867 21883 22065
 21730 21886 22015
 21762 21885 22033
 21767 21888 22020
 21821 21887 22037
 21839 21857 22053
 21708 21891 21922
 21881 21890 22071
 21710 21893 21924
 21863 21892 22073
 21712 21895 21907
 21865 21894 22075
 21817 21897 22031
 21763 21896 22034
 21765 21899 22018
 21819 21898 22035
 21718 21901 21932
 21875 21900 22083
 21720 21903 21934
 21877 21902 22085
 21722 21905 21920
 21879 21904 22087
 21724 21907 21938
 21894 21906 22089
 21726 21909 21940
 21883 21908 22091
 21728 21911 21942
 21849 21910 22077
 21816 21914 22014
 21818 21914 22032
 21912 21913 22125
 21820 21916 22036
 21835 21915 22067
 21822 21918 22038
 21837 21917 22051
 21737 21920 21968
 21904 21919 22101
 21740 21922 21971
 21890 21921 22103
 21742 21924 21936
 21892 21923 22105
 21836 21926 22068
 21851 21925 22079
 21838 21928 22052
 21853 21927 22081
 21840 21930 22054
 21855 21929 22069
 21769 21932 21965
 21900 21931 22115
 21771 21934 21967
 21902 21933 22117
 21773 21936 22026
 21923 21935 22119
 21775 21938 22028
 21906 21937 22121
 21744 21940 21973
 21908 21939 22123
 21777 21942 21975
 21910 21941 22107
 21746 21945 NaN
 21749 21945 21947
 21943 21944 22148
 21751 21947 21949
 21944 21946 22149
 21753 21949 21951
 21946 21948 22151
 21755 21951 21953
 21948 21950 22153
 21757 21953 21955
 21950 21952 22155
 21759 21955 21957
 21952 21954 22157
 21761 21957 22014
 21954 21956 22159
 21852 21959 22080
 21869 21958 22096
 21854 21961 22082
 21871 21960 22097
 21856 21963 22070
 21873 21962 22099
 21824 21965 22022
 21931 21964 22169
 21826 21967 22042
 21933 21966 22131
 21919 21969 22133
 21828 21968 22044
 21830 21971 22024
 21921 21970 22135
 21832 21973 22048
 21939 21972 22137
 21834 21975 22050
 21941 21974 22139
 21782 21978 21980
 21780 21978 22030
 21976 21977 22177
 21784 21980 21982
 21976 21979 22142
 21786 21982 21984
 21979 21981 22141
 21788 21984 21986
 21981 21983 22144
 21790 21986 21988
 21983 21985 22179
 21792 21988 21990
 21985 21987 22181
 21794 21990 21992
 21987 21989 22183
 21796 21992 21994
 21989 21991 22185
 21798 21994 21996
 21991 21993 22187
 21800 21996 21998
 21993 21995 22189
 21802 21998 22000
 21995 21997 22191
 21804 22000 22002
 21997 21999 22193
 21806 22002 22004
 21999 22001 22195
 21808 22004 22006
 22001 22003 22197
 21810 22006 22008
 22003 22005 22199
 21812 22008 22010
 22005 22007 22201
 21814 22010 22012
 22007 22009 22203
 21815 22012 22013
 22009 22011 22205
 22011 22146 NaN
 21912 21956 22161
 21885 22016 22093
 21870 22015 22095
 21872 22018 22098
 21898 22017 22111
 21874 22020 22100
 21887 22019 22113
 21842 22022 22040
 21964 22021 22213
 21844 22024 22062
 21970 22023 22171
 21846 22026 22064
 21935 22025 22173
 21848 22028 22046
 21937 22027 22175
 21850 22030 22078
 21977 22029 22225
 21896 22032 22109
 21913 22031 22126
 21886 22034 22094
 21897 22033 22110
 21899 22036 22112
 21915 22035 22127
 21888 22038 22114
 21917 22037 22129
 21858 22040 22056
 22021 22039 22233
 21860 22042 22058
 21966 22041 22215
 21862 22044 22060
 21969 22043 22217
 21864 22046 22074
 22027 22045 22219
 21866 22048 22076
 21972 22047 22221
 21868 22050 22066
 21974 22049 22223
 21918 22052 22130
 21927 22051 22165
 21889 22055 22056
 21929 22055 22167
 22053 22054 22253
 22039 22053 22234
 21876 22058 22084
 22041 22057 22237
 21878 22060 22086
 22043 22059 22239
 21880 22062 22088
 22023 22061 22241
 21882 22064 22072
 22025 22063 22243
 21884 22066 22092
 22049 22065 22245
 21916 22068 22128
 21925 22067 22163
 21930 22070 22168
 21962 22069 22211
 21891 22072 22104
 22063 22071 22255
 21893 22074 22106
 22045 22073 22257
 21895 22076 22090
 22047 22075 22259
 21911 22078 22108
 22029 22077 22261
 21926 22080 22164
 21958 22079 22229
 21928 22082 22166
 21960 22081 22209
 21901 22084 22116
 22057 22083 22268
 21903 22086 22118
 22059 22085 22270
 21905 22088 22102
 22061 22087 22272
 21907 22090 22122
 22075 22089 22274
 21909 22092 22124
 22065 22091 22276
 22015 22094 22228
 22033 22093 22250
 22016 22096 22227
 21959 22095 22230
 21961 22098 22210
 22017 22097 22251
 21963 22100 22212
 22019 22099 22231
 21920 22102 22134
 22087 22101 22282
 21922 22104 22136
 22071 22103 22284
 21924 22106 22120
 22073 22105 22286
 21942 22108 22140
 22077 22107 22288
 22031 22110 22247
 22034 22109 22249
 22018 22112 22252
 22035 22111 22263
 22020 22114 22232
 22037 22113 22265
 21932 22116 22170
 22083 22115 22296
 21934 22118 22132
 22085 22117 22298
 21936 22120 22174
 22105 22119 22300
 21938 22122 22176
 22089 22121 22302
 21940 22124 22138
 22091 22123 22304
 21914 22126 22208
 22032 22125 22248
 22036 22128 22264
 22067 22127 22278
 22038 22130 22266
 22051 22129 22280
 21967 22132 22216
 22117 22131 22328
 21968 22134 22218
 22101 22133 22312
 21971 22136 22172
 22103 22135 22314
 21973 22138 22222
 22123 22137 22316
 21975 22140 22224
 22107 22139 22318
 21982 22143 22145
 21980 22143 22178
 22141 22142 22336
 21984 22145 22180
 22141 22144 22339
 22013 22207 NaN
 22148 22341 NaN
 21945 22147 22150
 21947 22150 22152
 22148 22149 22342
 21949 22152 22154
 22149 22151 22344
 21951 22154 22156
 22151 22153 22346
 21953 22156 22158
 22153 22155 22348
 21955 22158 22160
 22155 22157 22350
 21957 22160 22162
 22157 22159 22352
 22014 22162 22208
 22159 22161 22354
 22068 22164 22279
 22079 22163 22290
 22052 22166 22281
 22081 22165 22292
 22054 22168 22267
 22069 22167 22295
 21965 22170 22214
 22115 22169 22362
 22024 22172 22242
 22135 22171 22330
 22026 22174 22244
 22119 22173 22332
 22028 22176 22220
 22121 22175 22334
 21978 22178 22226
 22142 22177 22337
 21986 22180 22182
 22144 22179 22376
 21988 22182 22184
 22179 22181 22378
 21990 22184 22186
 22181 22183 22380
 21992 22186 22188
 22183 22185 22382
 21994 22188 22190
 22185 22187 22384
 21996 22190 22192
 22187 22189 22386
 21998 22192 22194
 22189 22191 22388
 22000 22194 22196
 22191 22193 22390
 22002 22196 22198
 22193 22195 22392
 22004 22198 22200
 22195 22197 22394
 22006 22200 22202
 22197 22199 22396
 22008 22202 22204
 22199 22201 22398
 22010 22204 22206
 22201 22203 22400
 22012 22206 22207
 22203 22205 22402
 22146 22205 22404
 22125 22161 22356
 22082 22210 22293
 22097 22209 22308
 22070 22212 22294
 22099 22211 22310
 22022 22214 22236
 22169 22213 22411
 22042 22216 22238
 22131 22215 22364
 22044 22218 22240
 22133 22217 22367
 22046 22220 22258
 22175 22219 22368
 22048 22222 22260
 22137 22221 22370
 22050 22224 22246
 22139 22223 22372
 22030 22226 22262
 22177 22225 22374
 22095 22228 22307
 22093 22227 22323
 22080 22230 22291
 22096 22229 22306
 22100 22232 22311
 22113 22231 22326
 22040 22235 22236
 22056 22235 22254
 22233 22234 22432
 22213 22233 22412
 22058 22238 22269
 22215 22237 22415
 22060 22240 22271
 22217 22239 22417
 22062 22242 22273
 22171 22241 22419
 22064 22244 22256
 22173 22243 22421
 22066 22246 22277
 22223 22245 22423
 22109 22248 22320
 22126 22247 22358
 22110 22250 22321
 22094 22249 22322
 22098 22252 22309
 22111 22251 22324
 22055 22254 22267
 22234 22253 22445
 22072 22256 22285
 22243 22255 22434
 22074 22258 22287
 22219 22257 22436
 22076 22260 22275
 22221 22259 22438
 22078 22262 22289
 22225 22261 22440
 22112 22264 22325
 22127 22263 22407
 22114 22266 22327
 22129 22265 22360
 22167 22253 22429
 22084 22269 22297
 22237 22268 22448
 22086 22271 22299
 22239 22270 22450
 22088 22273 22283
 22241 22272 22452
 22090 22275 22303
 22259 22274 22454
 22092 22277 22305
 22245 22276 22456
 22128 22279 22408
 22163 22278 22425
 22130 22281 22361
 22165 22280 22409
 22102 22283 22313
 29 22272 22282
 22104 22285 22315
 37 22255 22284
 22106 22287 22301
 22257 22286 22461
 22108 22289 22319
 48 22261 22288
 22164 22291 22426
 14 22229 22290
 22166 22293 22410
 22209 22292 22443
 22211 22295 22427
 22168 22294 22430
 22116 22297 22363
 22268 22296 22458
 22118 22299 22329
 69 22270 22298
 22120 22301 22333
 79 22286 22300
 22122 22303 22335
 85 22274 22302
 22124 22305 22317
 40 22276 22304
 22230 22307 22442
 8 22227 22306
 22210 22309 22444
 17 22251 22308
 22212 22311 22428
 23 22231 22310
 22134 22313 22366
 97 22282 22312
 22136 22315 22331
 75 22284 22314
 22138 22317 22371
 105 22304 22316
 22140 22319 22373
 109 22288 22318
 53 22247 22321
 0 22249 22320
 2 22250 22323
 6 22228 22322
 19 22252 22325
 57 22263 22324
 25 22232 22327
 63 22265 22326
 22132 22329 22365
 125 22298 22328
 22172 22331 22420
 129 22314 22330
 22174 22333 22422
 133 22300 22332
 22176 22335 22369
 101 22302 22334
 22143 22338 22340
 22178 22338 22375
 195 22336 22337
 22145 22340 22377
 202 22336 22339
 22147 22343 NaN
 22150 22343 22345
 141 22341 22342
 22152 22345 22347
 147 22342 22344
 22154 22347 22349
 151 22344 22346
 22156 22349 22351
 155 22346 22348
 22158 22351 22353
 159 22348 22350
 22160 22353 22355
 163 22350 22352
 22162 22355 22357
 167 22352 22354
 22208 22357 22359
 171 22354 22356
 51 22248 22359
 268 22356 22358
 65 22266 22361
 91 22280 22360
 22170 22363 22414
 300 22296 22362
 22216 22365 22416
 310 22328 22364
 179 22312 22367
 22218 22366 22418
 22220 22369 22437
 187 22334 22368
 22222 22371 22439
 191 22316 22370
 22224 22373 22424
 137 22318 22372
 22226 22375 22441
 197 22337 22374
 22180 22377 22379
 206 22339 22376
 22182 22379 22381
 210 22376 22378
 22184 22381 22383
 214 22378 22380
 22186 22383 22385
 218 22380 22382
 22188 22385 22387
 222 22382 22384
 22190 22387 22389
 226 22384 22386
 22192 22389 22391
 230 22386 22388
 22194 22391 22393
 234 22388 22390
 22196 22393 22395
 238 22390 22392
 22198 22395 22397
 242 22392 22394
 22200 22397 22399
 246 22394 22396
 22202 22399 22401
 250 22396 22398
 22204 22401 22403
 254 22398 22400
 22206 22403 22405
 258 22400 22402
 22207 22405 22406
 262 22402 22404
 266 22404 NaN
 59 22264 22408
 113 22278 22407
 93 22281 22410
 119 22292 22409
 22214 22413 22414
 22236 22413 22433
 290 22411 22412
 296 22362 22411
 22238 22416 22449
 304 22364 22415
 22240 22418 22451
 312 22367 22417
 22242 22420 22453
 316 22330 22419
 22244 22422 22435
 183 22332 22421
 22246 22424 22457
 324 22372 22423
 115 22279 22426
 175 22290 22425
 285 22294 22428
 279 22310 22427
 22267 22431 22446
 283 22295 22431
 22429 22430 NaN
 22235 22433 22447
 340 22412 22432
 22256 22435 22460
 22421 22434 NaN
 22258 22437 22462
 362 22368 22436
 22260 22439 22455
 320 22370 22438
 22262 22441 22463
 22374 22440 NaN
 14 16 22306
 121 22293 22444
 275 22308 22443
 22254 22446 22447
 22429 22445 NaN
 22432 22445 NaN
 22269 22449 22459
 22415 22448 NaN
 71 22271 22451
 22417 22450 NaN
 31 22273 22453
 22419 22452 NaN
 87 22275 22455
 22438 22454 NaN
 42 22277 22457
 22423 22456 NaN
 342 22297 22459
 22448 22458 NaN
 37 22434 NaN
 81 22287 22462
 22436 22461 NaN
 48 22440 NaN
